"903041","2","0.222","0.002","-0.234"
"903043","1","0.104","-0.097","-0.036"
"903045","1","0.109","-0.094","-0.025"
"903046","2","0.239","-0.002","-0.231"
"903049","2","0.258","-0.004","-0.229"
"903050","1","0.117","-0.121","-0.063"
"903052","2","0.267","-0.003","-0.233"
"903060","1","0.140","-0.183","-0.067"
"903061","2","0.267","0.005","-0.234"
"903062","1","0.177","-0.151","-0.056"
"903066","2","0.254","0.023","-0.229"
"903068","2","0.230","0.023","-0.229"
"903069","1","0.162","-0.131","-0.097"
"903073","2","0.204","0.030","-0.226"
"903073","1","0.143","-0.102","-0.136"
"903079","1","0.124","-0.095","-0.191"
"903080","2","0.173","0.037","-0.227"
"903083","2","0.139","0.045","-0.226"
"903083","1","0.130","-0.080","-0.199"
"903087","2","0.108","0.052","-0.221"
"903092","1","0.092","-0.050","-0.170"
"903093","2","0.078","0.058","-0.220"
"903098","1","0.082","-0.079","-0.163"
"903099","2","0.051","0.066","-0.221"
"903103","2","0.035","0.068","-0.226"
"903103","1","0.065","-0.069","-0.183"
"903107","1","0.014","-0.073","-0.194"
"903108","2","0.026","0.065","-0.225"
"903112","2","0.026","0.060","-0.223"
"903113","1","-0.035","-0.085","-0.157"
"903118","2","0.034","0.048","-0.222"
"903123","2","0.043","0.039","-0.222"
"903124","1","-0.084","-0.158","-0.101"
"903127","1","-0.066","-0.163","-0.083"
"903128","2","0.060","0.036","-0.224"
"903132","1","-0.066","-0.143","-0.051"
"903133","2","0.080","0.035","-0.223"
"903137","1","-0.096","-0.119","-0.010"
"903138","2","0.094","0.029","-0.224"
"903144","2","0.102","0.017","-0.220"
"903149","1","-0.169","-0.074","0.116"
"903150","2","0.104","0.003","-0.212"
"903152","2","0.105","-0.012","-0.206"
"903153","1","-0.192","-0.065","0.131"
"903157","1","-0.211","-0.047","0.120"
"903158","2","0.105","-0.031","-0.199"
"903162","1","-0.195","-0.003","0.105"
"903163","2","0.107","-0.043","-0.190"
"903167","1","-0.141","0.031","0.021"
"903167","2","0.118","-0.043","-0.184"
"903175","2","0.135","-0.034","-0.183"
"903177","2","0.158","-0.017","-0.183"
"903177","1","-0.061","-0.096","-0.114"
"903182","1","-0.049","-0.112","-0.128"
"903183","2","0.178","-0.001","-0.183"
"903187","1","-0.041","-0.064","-0.163"
"903188","2","0.192","0.016","-0.184"
"903192","1","-0.049","0.034","-0.117"
"903193","2","0.193","0.027","-0.184"
"903197","1","-0.047","0.094","0.006"
"903202","2","0.162","0.043","-0.184"
"903203","1","-0.025","0.099","0.137"
"903207","2","0.133","0.051","-0.183"
"903208","1","0.001","0.120","0.236"
"903212","1","0.011","0.112","0.266"
"903213","2","0.111","0.056","-0.181"
"903217","1","-0.040","0.040","0.277"
"903217","2","0.094","0.058","-0.180"
"903222","2","0.087","0.053","-0.181"
"903222","1","-0.067","-0.055","0.281"
"903229","2","0.095","0.050","-0.177"
"903232","2","0.112","0.045","-0.168"
"903233","1","-0.114","-0.231","0.259"
"903237","1","-0.130","-0.327","0.256"
"903238","2","0.139","0.039","-0.160"
"903242","2","0.176","0.035","-0.151"
"903243","1","-0.119","-0.375","0.255"
"903247","2","0.214","0.029","-0.144"
"903248","1","-0.116","-0.383","0.237"
"903252","1","-0.073","-0.382","0.207"
"903259","1","-0.066","-0.371","0.137"
"903259","2","0.281","0.036","-0.125"
"903262","2","0.303","0.038","-0.117"
"903262","1","-0.100","-0.371","0.105"
"903267","1","-0.105","-0.338","0.090"
"903267","2","0.316","0.041","-0.110"
"903272","2","0.314","0.042","-0.095"
"903272","1","-0.080","-0.213","0.033"
"903276","1","-0.077","-0.135","0.015"
"903277","2","0.306","0.045","-0.084"
"903284","1","-0.089","-0.140","0.003"
"903286","2","0.275","0.055","-0.066"
"903287","1","-0.146","-0.182","0.035"
"903292","2","0.261","0.056","-0.061"
"903292","1","-0.161","-0.284","0.128"
"903297","2","0.255","0.053","-0.055"
"903297","1","-0.135","-0.346","0.162"
"903301","2","0.257","0.053","-0.053"
"903302","1","-0.127","-0.353","0.179"
"903306","2","0.260","0.050","-0.049"
"903311","2","0.267","0.047","-0.044"
"903312","1","-0.117","-0.370","0.207"
"903317","2","0.280","0.047","-0.043"
"903317","1","-0.128","-0.344","0.159"
"903322","2","0.287","0.049","-0.042"
"903322","1","-0.143","-0.313","0.106"
"903326","1","-0.177","-0.224","0.067"
"903327","2","0.287","0.047","-0.033"
"903331","1","-0.184","-0.115","0.036"
"903332","2","0.284","0.040","-0.020"
"903340","2","0.271","0.034","0.002"
"903341","2","0.261","0.032","0.002"
"903344","1","-0.130","-0.083","-0.094"
"903346","2","0.251","0.035","0.015"
"903347","1","-0.103","-0.138","-0.102"
"903351","2","0.250","0.036","0.027"
"903356","2","0.257","0.035","0.043"
"903357","1","-0.088","-0.217","-0.031"
"903361","1","-0.081","-0.205","-0.041"
"903362","2","0.269","0.037","0.055"
"903366","2","0.284","0.042","0.060"
"903372","1","-0.110","-0.135","-0.067"
"903372","2","0.295","0.045","0.066"
"903377","2","0.307","0.052","0.069"
"903378","1","-0.090","-0.120","-0.028"
"903381","1","-0.087","-0.127","-0.014"
"903382","2","0.312","0.060","0.074"
"903386","1","-0.105","-0.069","-0.041"
"903387","2","0.310","0.069","0.072"
"903391","1","-0.076","-0.023","-0.045"
"903396","2","0.282","0.086","0.060"
"903397","1","-0.081","0.029","-0.034"
"903401","2","0.256","0.087","0.051"
"903402","1","-0.097","0.083","-0.062"
"903406","2","0.222","0.086","0.045"
"903407","1","-0.112","0.133","-0.071"
"903411","2","0.192","0.084","0.039"
"903411","1","-0.107","0.143","-0.026"
"903416","2","0.163","0.079","0.031"
"903416","1","-0.121","0.119","-0.038"
"903424","1","-0.074","0.122","-0.100"
"903426","2","0.122","0.084","0.014"
"903427","1","-0.034","0.114","-0.195"
"903431","2","0.115","0.084","0.008"
"903432","1","-0.045","0.057","-0.256"
"903436","2","0.120","0.078","0.003"
"903436","1","-0.098","0.002","-0.277"
"903441","2","0.136","0.064","0.002"
"903442","1","-0.165","-0.025","-0.245"
"903446","2","0.156","0.047","0.003"
"903451","2","0.182","0.033","-0.002"
"903452","1","-0.137","0.009","-0.261"
"903456","1","-0.172","0.007","-0.267"
"903457","2","0.209","0.022","-0.006"
"903461","2","0.243","0.010","-0.007"
"903462","1","-0.210","-0.016","-0.246"
"903466","1","-0.233","-0.002","-0.261"
"903466","2","0.276","-0.002","-0.011"
"903472","1","-0.233","0.032","-0.288"
"903472","2","0.309","-0.013","-0.018"
"903476","1","-0.216","0.059","-0.278"
"903481","2","0.360","-0.030","-0.028"
"903482","1","-0.214","-0.013","-0.256"
"903486","2","0.390","-0.035","-0.030"
"903486","1","-0.235","-0.121","-0.214"
"903491","2","0.413","-0.040","-0.034"
"903491","1","-0.288","-0.188","-0.122"
"903495","2","0.423","-0.060","-0.043"
"903496","1","-0.361","-0.182","0.080"
"903500","2","0.418","-0.097","-0.057"
"903505","2","0.381","-0.147","-0.072"
"903508","1","-0.619","-0.291","0.527"
"903511","2","0.331","-0.212","-0.094"
"903511","1","-0.757","-0.339","0.807"
"903515","2","0.277","-0.300","-0.121"
"903516","1","-0.905","-0.295","1.092"
"903521","2","0.210","-0.405","-0.156"
"903522","1","-1.078","-0.259","1.327"
"903526","2","0.127","-0.518","-0.206"
"903527","1","-1.293","-0.271","1.466"
"903542","1","-1.890","0.551","-0.290"
"903543","2","0.058","-0.934","-0.439"
"903546","2","0.222","-1.042","-0.556"
"903546","1","-1.639","1.269","-3.031"
"903550","2","0.626","-1.091","-0.674"
"903551","1","-0.309","1.517","-6.141"
"903555","2","1.012","-1.012","-0.570"
"903556","1","2.669","0.118","-5.856"
"903560","2","1.073","-0.713","-0.165"
"903561","1","6.121","-1.577","-2.835"
"903568","1","7.685","-2.379","-0.532"
"903571","2","0.892","0.259","0.224"
"903571","1","6.671","-2.548","0.580"
"903575","2","0.771","0.545","-0.001"
"903576","1","4.311","-1.591","1.577"
"903581","2","0.609","0.560","-0.144"
"903581","1","1.782","0.266","2.258"
"903586","1","-0.297","1.701","2.239"
"903587","2","0.410","0.355","-0.128"
"903590","2","0.164","0.062","-0.043"
"903596","2","-0.082","-0.190","0.047"
"903597","1","-1.665","1.316","1.426"
"903600","2","-0.249","-0.319","0.106"
"903601","1","-0.908","0.196","1.026"
"903605","2","-0.320","-0.317","0.116"
"903606","1","0.252","-0.755","0.563"
"903610","2","-0.291","-0.230","0.087"
"903611","1","1.288","-1.224","0.074"
"903615","2","-0.207","-0.107","0.048"
"903615","1","1.799","-1.235","-0.327"
"903620","1","1.692","-0.909","-0.519"
"903625","2","-0.014","0.096","0.025"
"903626","1","1.157","-0.397","-0.496"
"903630","2","0.049","0.125","0.059"
"903631","1","0.497","0.122","-0.323"
"903635","2","0.077","0.121","0.120"
"903636","1","-0.054","0.486","-0.216"
"903640","2","0.071","0.097","0.173"
"903641","1","-0.366","0.680","-0.215"
"903645","2","0.037","0.069","0.186"
"903650","2","-0.019","0.056","0.183"
"903651","1","-0.296","0.936","-0.232"
"903655","1","-0.148","0.999","-0.314"
"903655","2","-0.093","0.066","0.174"
"903660","2","-0.166","0.093","0.166"
"903660","1","-0.105","0.917","-0.436"
"903665","1","-0.117","0.799","-0.573"
"903665","2","-0.225","0.124","0.159"
"903670","1","-0.107","0.730","-0.723"
"903670","2","-0.257","0.155","0.151"
"903675","1","-0.032","0.755","-0.840"
"903680","2","-0.222","0.187","0.159"
"903681","1","0.099","0.765","-0.828"
"903685","2","-0.189","0.215","0.164"
"903686","1","0.302","0.757","-0.863"
"903691","1","0.486","0.711","-0.976"
"903692","2","-0.145","0.261","0.161"
"903695","1","0.548","0.606","-0.953"
"903696","2","-0.096","0.323","0.151"
"903700","1","0.532","0.495","-0.693"
"903705","2","-0.005","0.433","0.126"
"903706","1","0.454","0.458","-0.533"
"903710","1","0.413","0.510","-0.621"
"903711","2","0.051","0.471","0.101"
"903715","1","0.413","0.494","-0.691"
"903716","2","0.115","0.500","0.073"
"903719","2","0.171","0.516","0.052"
"903720","1","0.413","0.418","-0.627"
"903725","2","0.220","0.520","0.038"
"903726","1","0.439","0.365","-0.567"
"903732","2","0.262","0.513","0.033"
"903735","2","0.316","0.496","0.027"
"903736","1","0.402","0.334","-0.751"
"903740","2","0.340","0.470","0.043"
"903740","1","0.535","0.019","0.013"
"903744","2","0.289","0.461","0.058"
"903745","1","0.487","0.280","-0.133"
"903749","1","0.234","0.584","-0.542"
"903750","2","0.269","0.436","0.052"
"903754","2","0.254","0.387","0.047"
"903760","2","0.201","0.345","0.048"
"903761","1","0.103","0.045","-0.350"
"903765","2","0.157","0.319","0.046"
"903765","1","0.103","0.006","-0.380"
"903769","2","0.122","0.313","0.052"
"903770","1","0.028","-0.053","-0.266"
"903774","2","0.089","0.315","0.062"
"903775","1","-0.062","-0.167","-0.134"
"903779","2","0.069","0.313","0.069"
"903784","2","0.059","0.304","0.062"
"903789","2","0.056","0.284","0.051"
"903791","1","-0.123","-0.292","-0.056"
"903795","2","0.053","0.258","0.045"
"903796","1","-0.203","-0.291","0.014"
"903799","2","0.048","0.228","0.040"
"903800","1","-0.228","-0.267","0.070"
"903804","2","0.042","0.201","0.036"
"903805","1","-0.297","-0.216","0.083"
"903809","2","0.041","0.171","0.034"
"903810","1","-0.366","-0.185","0.077"
"903815","2","0.039","0.142","0.033"
"903820","1","-0.482","-0.097","0.017"
"903821","2","0.035","0.120","0.033"
"903824","2","0.033","0.107","0.032"
"903825","1","-0.432","-0.054","-0.052"
"903829","2","0.030","0.099","0.033"
"903830","1","-0.414","-0.032","-0.054"
"903834","2","0.022","0.083","0.042"
"903835","1","-0.437","-0.036","-0.052"
"903839","2","0.010","0.068","0.046"
"903844","2","0.006","0.063","0.045"
"903845","1","-0.414","0.002","-0.047"
"903850","2","-0.002","0.066","0.040"
"903850","1","-0.336","0.097","-0.101"
"903854","2","-0.006","0.066","0.036"
"903855","1","-0.363","0.112","-0.126"
"903859","2","-0.007","0.057","0.032"
"903860","1","-0.451","0.059","-0.145"
"903864","2","-0.004","0.036","0.034"
"903864","1","-0.540","-0.004","-0.067"
"903869","1","-0.602","-0.003","0.007"
"903874","2","0.020","-0.004","0.038"
"903875","1","-0.561","0.027","0.041"
"903879","2","0.030","-0.015","0.035"
"903880","1","-0.527","0.054","0.089"
"903884","2","0.041","-0.021","0.035"
"903884","1","-0.530","0.053","0.144"
"903889","1","-0.540","0.056","0.180"
"903889","2","0.045","-0.021","0.030"
"903894","2","0.048","-0.021","0.020"
"903899","2","0.045","-0.025","0.012"
"903900","1","-0.571","0.141","0.044"
"903904","2","0.044","-0.043","0.009"
"903905","1","-0.664","0.179","0.015"
"903909","2","0.040","-0.070","0.002"
"903910","1","-0.717","0.221","0.019"
"903914","2","0.041","-0.102","-0.003"
"903914","1","-0.700","0.267","0.044"
"903919","2","0.040","-0.132","-0.007"
"903920","1","-0.660","0.286","0.163"
"903924","1","-0.661","0.328","0.318"
"903929","1","-0.649","0.334","0.486"
"903930","2","0.012","-0.186","-0.027"
"903934","2","-0.015","-0.214","-0.041"
"903934","1","-0.617","0.300","0.608"
"903939","1","-0.640","0.297","0.640"
"903939","2","-0.046","-0.238","-0.057"
"903944","2","-0.086","-0.263","-0.080"
"903944","1","-0.709","0.261","0.743"
"903949","1","-0.804","0.180","0.853"
"903954","2","-0.182","-0.321","-0.153"
"903954","1","-0.874","0.099","0.920"
"903959","2","-0.218","-0.364","-0.186"
"903960","1","-0.910","0.073","0.933"
"903964","2","-0.236","-0.421","-0.228"
"903964","1","-0.988","0.047","0.908"
"903969","2","-0.248","-0.493","-0.266"
"903969","1","-1.079","0.026","0.886"
"903973","2","-0.260","-0.578","-0.295"
"903974","1","-1.115","0.103","0.883"
"903981","1","-1.144","0.216","0.806"
"903983","2","-0.252","-0.765","-0.354"
"903985","1","-1.216","0.454","0.419"
"903989","2","-0.181","-0.894","-0.389"
"903989","1","-1.239","0.766","-0.223"
"903993","2","-0.075","-0.998","-0.424"
"903994","1","-1.082","0.865","-1.719"
"903998","2","0.131","-1.035","-0.507"
"903999","1","-0.306","0.858","-4.545"
"904003","2","0.471","-1.035","-0.486"
"904008","2","0.573","-0.957","-0.091"
"904009","1","4.941","-1.092","-2.328"
"904014","2","0.375","-0.700","0.335"
"904014","1","6.396","-2.328","0.209"
"904019","1","6.147","-2.837","0.862"
"904020","2","0.191","-0.387","0.377"
"904023","2","0.012","-0.052","0.174"
"904024","1","5.310","-2.487","1.236"
"904028","2","-0.188","0.230","0.015"
"904029","1","4.174","-1.224","1.359"
"904035","1","2.544","0.065","0.967"
"904039","2","-0.562","0.373","-0.049"
"904040","1","0.859","0.649","0.830"
"904044","1","-0.286","0.737","1.010"
"904045","2","-0.800","0.266","-0.031"
"904048","1","-0.761","0.655","0.944"
"904049","2","-1.029","0.118","0.011"
"904053","2","-1.199","-0.012","0.053"
"904054","1","-0.594","0.496","0.591"
"904058","2","-1.303","-0.082","0.077"
"904063","2","-1.352","-0.075","0.073"
"904064","1","0.754","-0.008","-0.309"
"904069","2","-1.345","-0.002","0.051"
"904069","1","1.158","-0.280","-1.145"
"904073","2","-1.259","0.098","0.026"
"904074","1","1.142","-0.503","-1.145"
"904079","2","-1.093","0.186","0.009"
"904080","1","0.715","-0.716","-1.321"
"904083","2","-0.875","0.236","0.006"
"904084","1","0.138","-0.877","-1.338"
"904092","1","-0.410","-0.908","-1.241"
"904093","2","-0.388","0.217","0.045"
"904094","1","-0.790","-0.784","-1.188"
"904098","2","-0.174","0.183","0.061"
"904099","1","-0.963","-0.462","-1.209"
"904103","1","-0.925","0.007","-1.201"
"904104","2","0.007","0.156","0.073"
"904108","1","-0.744","0.564","-1.077"
"904108","2","0.134","0.156","0.083"
"904113","1","-0.493","1.096","-0.948"
"904119","2","0.207","0.235","0.092"
"904120","1","-0.315","1.352","-0.749"
"904123","1","-0.260","1.371","-0.439"
"904123","2","0.162","0.296","0.108"
"904129","2","0.101","0.357","0.109"
"904130","1","-0.301","1.291","-0.286"
"904132","2","0.049","0.408","0.092"
"904133","1","-0.365","1.126","-0.265"
"904137","1","-0.389","0.948","-0.210"
"904138","2","0.013","0.437","0.071"
"904145","1","-0.372","0.737","-0.060"
"904148","2","0.002","0.451","0.057"
"904149","1","-0.288","0.551","0.100"
"904153","2","0.016","0.439","0.058"
"904153","1","-0.174","0.499","-0.147"
"904158","2","0.070","0.425","0.058"
"904158","1","0.217","0.326","-0.098"
"904163","1","0.584","-0.206","0.564"
"904163","2","0.131","0.420","0.078"
"904167","1","0.601","-0.150","0.732"
"904172","2","0.200","0.460","0.059"
"904174","1","0.327","0.247","0.399"
"904178","2","0.283","0.422","0.047"
"904178","1","0.091","-0.101","0.241"
"904182","1","-0.090","-0.669","0.210"
"904183","2","0.339","0.360","0.059"
"904187","1","-0.066","-0.670","0.142"
"904188","2","0.384","0.301","0.061"
"904192","1","0.147","-0.344","0.171"
"904193","2","0.410","0.277","0.060"
"904199","1","0.311","0.039","0.223"
"904204","2","0.322","0.321","0.087"
"904204","1","0.266","0.332","0.220"
"904207","1","0.166","0.530","0.206"
"904208","2","0.230","0.330","0.086"
"904212","2","0.127","0.313","0.073"
"904217","1","0.085","0.585","0.295"
"904218","2","0.021","0.276","0.066"
"904222","2","-0.069","0.240","0.065"
"904223","1","0.052","0.522","0.325"
"904230","2","-0.130","0.216","0.072"
"904233","2","-0.156","0.206","0.077"
"904234","1","0.089","0.130","0.258"
"904238","2","-0.151","0.199","0.079"
"904239","1","0.130","-0.068","0.244"
"904243","2","-0.120","0.185","0.080"
"904243","1","0.089","-0.241","0.221"
"904248","2","-0.076","0.167","0.081"
"904248","1","0.032","-0.366","0.260"
"904252","2","-0.025","0.144","0.078"
"904257","2","0.023","0.120","0.081"
"904258","1","-0.104","-0.550","0.451"
"904262","2","0.058","0.104","0.085"
"904263","1","-0.118","-0.578","0.541"
"904267","1","-0.074","-0.527","0.611"
"904268","2","0.076","0.104","0.094"
"904272","1","-0.038","-0.413","0.539"
"904272","2","0.081","0.108","0.094"
"904277","1","-0.150","-0.294","0.428"
"904277","2","0.073","0.105","0.094"
"904282","1","-0.325","-0.182","0.421"
"904288","2","0.026","0.067","0.106"
"904289","1","-0.443","-0.063","0.464"
"904292","1","-0.438","0.065","0.401"
"904293","2","-0.006","0.061","0.114"
"904297","1","-0.378","0.178","0.268"
"904297","2","-0.031","0.071","0.124"
"904302","1","-0.343","0.210","0.186"
"904302","2","-0.053","0.080","0.133"
"904307","1","-0.337","0.155","0.145"
"904312","2","-0.054","0.077","0.145"
"904312","1","-0.344","0.067","0.070"
"904318","1","-0.354","0.016","-0.047"
"904318","2","-0.027","0.068","0.142"
"904322","1","-0.366","0.048","-0.122"
"904322","2","0.008","0.063","0.141"
"904327","1","-0.372","0.089","-0.143"
"904328","2","0.051","0.056","0.137"
"904332","2","0.095","0.043","0.130"
"904332","1","-0.405","0.079","-0.116"
"904337","2","0.132","0.013","0.121"
"904342","1","-0.477","0.217","-0.032"
"904343","2","0.157","-0.027","0.111"
"904347","2","0.182","-0.064","0.092"
"904348","1","-0.476","0.408","-0.043"
"904352","2","0.198","-0.100","0.064"
"904352","1","-0.542","0.589","-0.057"
"904357","2","0.193","-0.138","0.037"
"904358","1","-0.650","0.635","0.007"
"904362","1","-0.747","0.600","0.064"
"904366","2","0.126","-0.233","-0.037"
"904368","1","-0.817","0.601","0.058"
"904373","2","0.087","-0.288","-0.088"
"904373","1","-0.895","0.657","0.033"
"904376","2","0.038","-0.343","-0.140"
"904377","1","-0.958","0.731","-0.027"
"904381","1","-1.048","0.807","-0.119"
"904382","2","-0.019","-0.400","-0.193"
"904386","1","-1.159","0.862","-0.226"
"904387","2","-0.079","-0.458","-0.253"
"904392","1","-1.283","0.975","-0.349"
"904396","2","-0.168","-0.582","-0.382"
"904397","1","-1.361","1.168","-0.477"
"904402","2","-0.187","-0.652","-0.443"
"904402","1","-1.334","1.381","-0.722"
"904408","2","-0.182","-0.719","-0.495"
"904409","1","-1.151","1.636","-1.155"
"904412","2","-0.112","-0.782","-0.516"
"904413","1","-0.870","1.552","-1.771"
"904417","1","-0.400","1.110","-3.083"
"904421","2","0.192","-0.754","-0.543"
"904422","1","0.668","0.741","-4.949"
"904426","1","2.677","-0.188","-5.017"
"904427","2","0.479","-0.649","-0.405"
"904431","2","0.613","-0.466","-0.070"
"904432","1","4.828","-1.759","-2.581"
"904436","2","0.570","-0.193","0.206"
"904438","1","5.638","-2.985","0.083"
"904441","2","0.484","0.049","0.243"
"904441","1","4.969","-3.334","1.932"
"904446","1","3.506","-2.817","3.082"
"904450","1","1.786","-1.693","3.286"
"904452","2","0.229","0.195","0.048"
"904456","2","0.092","0.083","-0.002"
"904457","1","0.372","-0.666","2.775"
"904460","1","-0.406","-0.185","2.077"
"904461","2","-0.072","-0.068","-0.006"
"904466","2","-0.245","-0.171","0.024"
"904466","1","-0.519","-0.163","1.423"
"904470","2","-0.383","-0.200","0.073"
"904475","2","-0.465","-0.153","0.122"
"904477","1","0.472","-0.690","0.570"
"904480","2","-0.492","-0.071","0.147"
"904481","1","0.952","-0.831","0.325"
"904485","1","1.110","-0.773","0.060"
"904486","2","-0.485","0.016","0.140"
"904490","2","-0.461","0.085","0.114"
"904491","1","0.875","-0.531","-0.227"
"904495","2","-0.439","0.127","0.098"
"904495","1","0.399","-0.164","-0.456"
"904500","2","-0.411","0.158","0.100"
"904505","2","-0.385","0.179","0.115"
"904506","1","-0.436","0.338","-0.667"
"904510","2","-0.349","0.196","0.136"
"904511","1","-0.535","0.396","-0.727"
"904515","1","-0.418","0.362","-0.791"
"904516","2","-0.289","0.218","0.151"
"904520","1","-0.157","0.295","-0.829"
"904521","2","-0.212","0.254","0.151"
"904525","2","-0.122","0.297","0.139"
"904530","2","-0.028","0.348","0.127"
"904531","1","0.106","0.210","-0.684"
"904535","2","0.054","0.400","0.116"
"904536","1","0.083","0.318","-0.416"
"904540","1","-0.019","0.479","-0.191"
"904540","2","0.110","0.434","0.105"
"904545","2","0.131","0.451","0.095"
"904545","1","-0.150","0.591","-0.123"
"904550","2","0.130","0.455","0.074"
"904550","1","-0.146","0.742","-0.317"
"904557","2","0.133","0.446","0.068"
"904560","2","0.075","0.454","0.094"
"904561","1","0.482","0.458","0.739"
"904565","1","0.400","0.941","0.462"
"904567","2","0.011","0.478","0.097"
"904570","2","0.023","0.455","0.099"
"904570","1","0.164","0.622","-0.072"
"904575","1","0.008","-0.347","0.018"
"904575","2","0.047","0.402","0.135"
"904580","1","-0.013","-0.783","0.174"
"904585","2","0.152","0.323","0.148"
"904586","1","0.148","-0.622","0.295"
"904590","2","0.202","0.334","0.152"
"904591","1","0.414","-0.263","0.458"
"904595","2","0.227","0.364","0.167"
"904595","1","0.519","0.041","0.482"
"904599","2","0.233","0.386","0.166"
"904600","1","0.441","0.174","0.448"
"904604","2","0.206","0.375","0.159"
"904605","1","0.288","0.317","0.502"
"904610","2","0.163","0.339","0.162"
"904615","1","0.129","0.441","0.361"
"904620","2","0.118","0.298","0.168"
"904621","1","0.185","0.392","0.153"
"904622","2","0.080","0.272","0.173"
"904624","2","0.048","0.266","0.178"
"904626","1","0.161","0.224","0.006"
"904630","2","0.035","0.266","0.178"
"904631","1","0.094","0.064","-0.063"
"904635","2","0.031","0.268","0.183"
"904641","2","0.026","0.274","0.187"
"904644","2","0.030","0.274","0.182"
"904645","1","0.024","-0.052","-0.116"
"904649","2","0.032","0.262","0.166"
"904650","1","-0.085","0.019","-0.162"
"904654","1","-0.242","0.113","-0.089"
"904655","2","0.026","0.233","0.145"
"904659","2","0.012","0.199","0.129"
"904660","1","-0.400","0.227","-0.014"
"904664","2","-0.006","0.167","0.114"
"904669","2","-0.021","0.147","0.098"
"904670","1","-0.441","0.372","0.060"
"904675","2","-0.023","0.139","0.078"
"904675","1","-0.355","0.305","-0.012"
"904679","1","-0.367","0.288","-0.059"
"904680","2","-0.013","0.125","0.057"
"904684","2","-0.001","0.101","0.038"
"904685","1","-0.433","0.255","-0.023"
"904689","2","0.017","0.066","0.019"
"904690","1","-0.506","0.217","-0.018"
"904694","2","0.031","0.030","0.004"
"904699","1","-0.513","0.287","-0.095"
"904700","2","0.038","-0.002","-0.011"
"904705","1","-0.424","0.348","-0.203"
"904705","2","0.036","-0.022","-0.022"
"904709","2","0.029","-0.038","-0.027"
"904710","1","-0.331","0.437","-0.286"
"904714","1","-0.307","0.489","-0.397"
"904715","2","0.016","-0.051","-0.034"
"904719","2","-0.002","-0.061","-0.036"
"904724","2","-0.012","-0.069","-0.043"
"904725","1","-0.276","0.534","-0.621"
"904729","1","-0.279","0.544","-0.619"
"904730","2","-0.018","-0.077","-0.049"
"904734","2","-0.018","-0.077","-0.057"
"904735","1","-0.230","0.543","-0.589"
"904739","2","-0.012","-0.070","-0.070"
"904739","1","-0.148","0.572","-0.656"
"904744","1","-0.095","0.548","-0.704"
"904745","2","-0.001","-0.065","-0.084"
"904752","1","-0.121","0.488","-0.641"
"904754","2","0.038","-0.085","-0.105"
"904755","1","-0.152","0.417","-0.499"
"904759","2","0.046","-0.108","-0.119"
"904760","1","-0.145","0.385","-0.334"
"904764","2","0.051","-0.127","-0.135"
"904765","1","-0.134","0.351","-0.126"
"904769","1","-0.181","0.258","0.118"
"904769","2","0.054","-0.158","-0.150"
"904774","1","-0.289","0.114","0.370"
"904779","2","0.003","-0.250","-0.196"
"904779","1","-0.374","-0.027","0.607"
"904784","2","-0.048","-0.306","-0.221"
"904785","1","-0.424","-0.066","0.786"
"904789","1","-0.496","-0.059","0.906"
"904789","2","-0.109","-0.357","-0.255"
"904794","2","-0.193","-0.412","-0.296"
"904794","1","-0.636","-0.079","1.010"
"904799","2","-0.278","-0.475","-0.348"
"904799","1","-0.797","-0.096","1.012"
"904804","1","-1.028","-0.123","0.975"
"904809","2","-0.434","-0.669","-0.457"
"904810","1","-1.284","-0.134","0.939"
"904814","2","-0.503","-0.788","-0.501"
"904814","1","-1.401","-0.091","0.923"
"904819","2","-0.561","-0.896","-0.550"
"904819","1","-1.325","0.089","0.591"
"904823","2","-0.575","-0.969","-0.610"
"904824","1","-1.133","0.477","-0.366"
"904828","2","-0.491","-1.017","-0.664"
"904833","2","-0.283","-1.012","-0.711"
"904835","1","-0.366","1.094","-4.521"
"904838","2","0.095","-0.963","-0.671"
"904839","1","1.128","0.467","-6.345"
"904843","2","0.382","-0.836","-0.352"
"904844","1","3.557","-1.256","-5.106"
"904848","2","0.446","-0.538","0.062"
"904849","1","5.208","-2.854","-2.242"
"904853","2","0.423","-0.199","0.228"
"904854","1","5.187","-3.585","0.176"
"904861","2","0.337","0.086","0.154"
"904864","2","0.209","0.212","0.014"
"904865","1","2.438","-2.006","2.739"
"904869","1","0.708","-0.701","2.797"
"904869","2","0.064","0.161","-0.100"
"904873","1","-0.622","-0.040","2.377"
"904874","2","-0.108","-0.006","-0.164"
"904879","2","-0.280","-0.193","-0.174"
"904879","1","-1.244","0.012","1.692"
"904883","1","-1.091","-0.367","1.036"
"904889","2","-0.447","-0.350","-0.023"
"904889","1","-0.380","-0.893","0.551"
"904894","1","0.513","-1.273","0.203"
"904894","2","-0.413","-0.308","0.049"
"904898","2","-0.337","-0.219","0.087"
"904899","1","1.228","-1.324","0.002"
"904904","2","-0.257","-0.111","0.088"
"904904","1","1.448","-0.995","-0.106"
"904908","2","-0.203","-0.011","0.069"
"904909","1","1.107","-0.407","-0.162"
"904914","1","0.421","0.141","-0.121"
"904918","2","-0.177","0.091","0.074"
"904919","1","-0.282","0.504","-0.089"
"904923","2","-0.188","0.087","0.117"
"904924","1","-0.718","0.787","-0.178"
"904928","1","-0.829","0.978","-0.351"
"904928","2","-0.199","0.066","0.160"
"904933","2","-0.194","0.053","0.190"
"904934","1","-0.632","1.061","-0.501"
"904938","2","-0.180","0.068","0.194"
"904943","2","-0.149","0.114","0.186"
"904944","1","0.064","1.169","-0.575"
"904948","2","-0.105","0.189","0.177"
"904949","1","0.260","1.170","-0.402"
"904953","2","-0.072","0.265","0.163"
"904953","1","0.261","1.124","-0.140"
"904958","2","-0.044","0.327","0.145"
"904958","1","0.124","1.081","0.101"
"904963","2","-0.019","0.362","0.124"
"904963","1","-0.033","1.028","0.282"
"904969","1","-0.087","0.934","0.418"
"904973","2","0.032","0.366","0.075"
"904974","1","0.069","0.962","0.572"
"904978","1","0.273","1.003","0.100"
"904979","2","0.079","0.363","0.060"
"904983","2","0.166","0.344","0.089"
"904983","1","0.430","0.198","-0.652"
"904988","2","0.256","0.349","0.132"
"904989","1","0.632","-0.848","-0.134"
"904993","2","0.295","0.392","0.138"
"904998","2","0.333","0.439","0.124"
"904999","1","0.544","0.182","0.513"
"905003","2","0.363","0.445","0.114"
"905004","1","0.221","0.363","0.362"
"905008","2","0.345","0.411","0.103"
"905009","1","-0.028","0.194","0.705"
"905013","2","0.282","0.365","0.076"
"905013","1","-0.058","0.202","0.866"
"905018","1","0.118","0.320","0.722"
"905018","2","0.202","0.334","0.061"
"905023","1","0.322","0.362","0.549"
"905028","2","0.043","0.361","0.095"
"905029","1","0.381","0.289","0.341"
"905033","2","-0.016","0.385","0.096"
"905033","1","0.294","0.117","0.205"
"905038","1","0.127","0.024","0.224"
"905038","2","-0.050","0.392","0.089"
"905043","2","-0.066","0.376","0.081"
"905044","1","0.028","0.016","0.267"
"905048","2","-0.076","0.352","0.076"
"905052","2","-0.074","0.340","0.078"
"905054","1","0.000","0.025","0.143"
"905058","2","-0.062","0.343","0.077"
"905059","1","-0.014","0.051","0.079"
"905063","2","-0.031","0.345","0.070"
"905063","1","-0.062","0.040","-0.006"
"905067","2","0.005","0.342","0.063"
"905072","1","-0.119","0.027","-0.077"
"905073","2","0.045","0.328","0.062"
"905077","1","-0.238","-0.004","-0.095"
"905082","2","0.119","0.259","0.057"
"905083","1","-0.326","-0.011","-0.083"
"905087","1","-0.319","0.010","-0.029"
"905088","2","0.144","0.231","0.053"
"905092","1","-0.210","0.060","-0.095"
"905093","2","0.153","0.225","0.049"
"905097","1","-0.199","0.091","-0.250"
"905098","2","0.156","0.229","0.043"
"905102","1","-0.321","0.141","-0.346"
"905103","2","0.149","0.217","0.036"
"905109","2","0.137","0.186","0.031"
"905113","1","-0.634","0.293","-0.176"
"905114","2","0.118","0.144","0.023"
"905118","1","-0.634","0.371","-0.193"
"905119","2","0.094","0.108","0.016"
"905122","1","-0.564","0.437","-0.196"
"905123","2","0.070","0.084","0.012"
"905127","1","-0.521","0.433","-0.280"
"905128","2","0.055","0.066","0.007"
"905132","1","-0.534","0.406","-0.329"
"905138","1","-0.567","0.393","-0.332"
"905139","2","0.068","0.027","-0.015"
"905142","2","0.091","0.008","-0.022"
"905143","1","-0.550","0.361","-0.323"
"905147","2","0.113","-0.005","-0.032"
"905148","1","-0.516","0.327","-0.402"
"905152","2","0.135","-0.011","-0.047"
"905153","1","-0.462","0.304","-0.481"
"905157","2","0.161","-0.015","-0.066"
"905157","1","-0.473","0.363","-0.579"
"905163","2","0.179","-0.031","-0.080"
"905169","1","-0.638","0.497","-0.588"
"905169","2","0.189","-0.052","-0.094"
"905173","1","-0.694","0.572","-0.549"
"905173","2","0.195","-0.071","-0.109"
"905177","1","-0.684","0.596","-0.435"
"905178","2","0.187","-0.086","-0.120"
"905182","1","-0.659","0.610","-0.298"
"905183","2","0.173","-0.095","-0.130"
"905187","1","-0.684","0.561","-0.115"
"905192","2","0.131","-0.143","-0.144"
"905193","1","-0.763","0.478","0.087"
"905197","2","0.106","-0.184","-0.159"
"905198","1","-0.806","0.464","0.284"
"905202","2","0.082","-0.220","-0.175"
"905203","1","-0.832","0.476","0.417"
"905207","2","0.067","-0.244","-0.196"
"905207","1","-0.857","0.441","0.488"
"905212","2","0.061","-0.265","-0.224"
"905212","1","-0.953","0.309","0.494"
"905220","1","-1.095","0.129","0.547"
"905223","2","0.053","-0.343","-0.269"
"905224","1","-1.202","-0.045","0.606"
"905227","2","0.059","-0.407","-0.294"
"905228","1","-1.287","-0.106","0.528"
"905232","2","0.071","-0.481","-0.319"
"905232","1","-1.369","-0.027","0.364"
"905237","2","0.083","-0.565","-0.337"
"905237","1","-1.466","0.101","0.127"
"905242","2","0.105","-0.652","-0.357"
"905247","1","-1.595","0.704","-1.182"
"905248","2","0.187","-0.754","-0.372"
"905252","2","0.303","-0.838","-0.367"
"905252","1","-1.446","0.768","-2.213"
"905257","2","0.473","-0.845","-0.393"
"905257","1","-0.871","0.779","-4.572"
"905262","2","0.800","-0.810","-0.360"
"905262","1","0.711","0.739","-6.195"
"905267","2","1.014","-0.710","-0.079"
"905267","1","2.922","-0.361","-4.479"
"905274","1","4.230","-1.807","-1.456"
"905277","1","4.205","-2.456","0.682"
"905278","2","0.941","-0.257","0.334"
"905282","2","0.863","-0.069","0.222"
"905282","1","3.754","-2.181","2.121"
"905286","2","0.748","0.047","0.108"
"905287","1","3.142","-1.217","2.752"
"905291","2","0.625","0.055","0.016"
"905292","1","2.184","-0.286","2.571"
"905296","2","0.496","-0.017","-0.051"
"905301","1","0.898","-0.157","2.111"
"905303","2","0.350","-0.108","-0.058"
"905307","1","1.152","-0.451","1.841"
"905308","2","0.228","-0.154","-0.006"
"905311","2","0.144","-0.134","0.058"
"905312","1","1.795","-0.747","1.594"
"905316","1","2.438","-0.961","1.413"
"905317","2","0.087","-0.043","0.086"
"905321","1","2.678","-0.952","1.263"
"905322","2","0.033","0.080","0.073"
"905327","1","2.323","-0.705","1.118"
"905332","2","-0.088","0.243","0.013"
"905333","1","1.534","-0.424","0.961"
"905336","1","0.707","-0.287","0.713"
"905337","2","-0.155","0.254","-0.003"
"905341","1","0.171","-0.253","0.326"
"905342","2","-0.214","0.244","0.002"
"905346","1","-0.010","-0.238","-0.112"
"905347","2","-0.248","0.233","0.016"
"905351","2","-0.254","0.235","0.037"
"905357","1","0.140","-0.107","-0.764"
"905357","2","-0.245","0.254","0.051"
"905361","1","0.229","0.151","-0.994"
"905362","2","-0.214","0.289","0.053"
"905366","2","-0.172","0.327","0.046"
"905367","1","0.250","0.387","-1.045"
"905371","1","0.173","0.490","-0.937"
"905372","2","-0.148","0.373","0.040"
"905376","1","0.062","0.486","-0.767"
"905376","2","-0.141","0.417","0.034"
"905381","2","-0.137","0.455","0.023"
"905386","1","0.030","0.120","-0.327"
"905386","2","-0.125","0.491","0.012"
"905391","2","-0.098","0.528","-0.004"
"905392","1","0.113","-0.037","-0.483"
"905396","1","0.347","-0.095","-0.592"
"905397","2","-0.039","0.567","-0.022"
"905401","1","0.482","-0.453","-0.007"
"905401","2","0.035","0.580","0.007"
"905406","2","0.058","0.604","0.039"
"905412","1","-0.124","-0.399","-0.058"
"905412","2","0.104","0.591","0.024"
"905416","2","0.153","0.550","0.010"
"905417","1","-0.398","-0.175","0.173"
"905421","2","0.157","0.492","0.016"
"905421","1","-0.524","0.046","0.321"
"905426","2","0.143","0.436","0.027"
"905427","1","-0.455","0.150","0.334"
"905431","2","0.108","0.408","0.038"
"905431","1","-0.304","0.194","0.265"
"905436","1","-0.186","0.230","0.147"
"905442","2","0.039","0.421","0.062"
"905442","1","-0.238","0.148","0.111"
"905446","1","-0.400","0.084","0.137"
"905447","2","0.014","0.417","0.077"
"905451","2","0.000","0.384","0.093"
"905451","1","-0.505","-0.001","0.213"
"905456","1","-0.566","-0.021","0.240"
"905456","2","-0.007","0.335","0.107"
"905461","2","-0.008","0.287","0.118"
"905466","2","-0.006","0.259","0.121"
"905467","1","-0.482","0.142","0.049"
"905471","2","0.006","0.246","0.118"
"905472","1","-0.534","0.232","-0.107"
"905476","2","0.026","0.235","0.115"
"905476","1","-0.615","0.199","-0.163"
"905481","2","0.045","0.220","0.114"
"905481","1","-0.637","0.198","-0.136"
"905486","2","0.058","0.197","0.111"
"905486","1","-0.652","0.232","-0.155"
"905491","1","-0.623","0.252","-0.147"
"905496","2","0.089","0.158","0.111"
"905496","1","-0.574","0.305","-0.077"
"905500","2","0.093","0.145","0.104"
"905505","1","-0.572","0.325","-0.072"
"905506","2","0.091","0.129","0.092"
"905510","2","0.083","0.115","0.078"
"905510","1","-0.611","0.345","-0.101"
"905515","1","-0.633","0.355","-0.148"
"905516","2","0.071","0.103","0.063"
"905521","2","0.061","0.101","0.049"
"905526","2","0.047","0.099","0.032"
"905526","1","-0.552","0.331","-0.332"
"905530","1","-0.565","0.278","-0.371"
"905531","2","0.030","0.088","0.021"
"905535","1","-0.579","0.298","-0.358"
"905536","2","0.008","0.060","0.016"
"905540","2","-0.017","0.035","0.008"
"905541","1","-0.527","0.311","-0.363"
"905546","2","-0.045","0.025","0.002"
"905551","2","-0.069","0.020","-0.009"
"905553","1","-0.306","0.331","-0.459"
"905556","2","-0.082","0.012","-0.015"
"905556","1","-0.231","0.310","-0.506"
"905560","2","-0.076","-0.010","-0.021"
"905561","1","-0.265","0.250","-0.521"
"905565","2","-0.058","-0.041","-0.031"
"905566","1","-0.297","0.175","-0.491"
"905570","2","-0.027","-0.069","-0.037"
"905571","1","-0.248","0.119","-0.519"
"905578","1","-0.189","0.083","-0.483"
"905581","2","0.032","-0.108","-0.049"
"905582","1","-0.170","0.082","-0.366"
"905585","2","0.049","-0.129","-0.051"
"905586","1","-0.167","0.079","-0.259"
"905590","2","0.061","-0.157","-0.053"
"905591","1","-0.228","0.084","-0.140"
"905595","2","0.066","-0.193","-0.052"
"905595","1","-0.326","0.058","0.015"
"905605","1","-0.407","0.021","0.171"
"905612","2","0.030","-0.270","-0.068"
"905613","1","-0.412","-0.016","0.333"
"905613","2","-0.004","-0.309","-0.076"
"905613","1","-0.414","-0.010","0.481"
"905615","2","-0.047","-0.347","-0.092"
"905616","1","-0.462","0.030","0.590"
"905620","2","-0.099","-0.393","-0.112"
"905620","1","-0.595","-0.012","0.729"
"905625","2","-0.151","-0.455","-0.140"
"905625","1","-0.772","-0.138","0.860"
"905632","1","-0.890","-0.234","0.954"
"905637","2","-0.229","-0.624","-0.210"
"905638","1","-0.976","-0.160","0.927"
"905640","2","-0.243","-0.686","-0.248"
"905640","1","-0.922","0.040","0.748"
"905645","2","-0.244","-0.707","-0.297"
"905645","1","-0.735","0.283","0.136"
"905650","2","-0.189","-0.717","-0.364"
"905651","1","-0.742","0.637","-1.011"
"905655","2","-0.061","-0.758","-0.392"
"905661","1","-0.666","0.883","-3.179"
"905662","2","0.065","-0.764","-0.397"
"905665","2","0.317","-0.719","-0.417"
"905666","1","0.273","0.944","-5.247"
"905670","2","0.586","-0.622","-0.232"
"905670","1","2.415","0.442","-4.941"
"905675","1","4.477","-0.944","-2.059"
"905675","2","0.604","-0.398","0.135"
"905680","1","4.944","-1.987","0.550"
"905680","2","0.508","-0.134","0.334"
"905685","1","3.916","-2.194","2.242"
"905690","1","2.305","-1.665","3.299"
"905691","2","0.299","0.075","0.122"
"905695","2","0.192","-0.034","-0.015"
"905696","1","0.832","-0.833","3.307"
"905700","2","0.091","-0.191","-0.107"
"905700","1","-0.038","-0.241","2.524"
"905705","1","-0.169","-0.112","1.553"
"905705","2","-0.003","-0.300","-0.132"
"905709","1","0.224","-0.263","0.773"
"905717","1","0.789","-0.506","0.371"
"905720","2","-0.148","-0.203","0.045"
"905721","1","1.303","-0.794","0.315"
"905725","2","-0.164","-0.132","0.063"
"905726","1","1.566","-0.972","0.364"
"905731","1","1.499","-0.877","0.349"
"905732","2","-0.182","-0.070","0.032"
"905735","1","1.190","-0.534","0.324"
"905736","2","-0.211","-0.026","-0.006"
"905740","2","-0.246","-0.006","-0.017"
"905745","2","-0.278","-0.007","0.006"
"905748","1","0.223","0.111","0.091"
"905750","2","-0.300","-0.019","0.044"
"905751","1","-0.096","0.111","0.091"
"905755","2","-0.305","-0.036","0.080"
"905756","1","-0.188","0.151","-0.187"
"905760","2","-0.299","-0.041","0.105"
"905761","1","-0.104","0.221","-0.487"
"905765","2","-0.277","-0.029","0.118"
"905766","1","0.047","0.338","-0.662"
"905775","2","-0.265","0.001","0.123"
"905776","1","0.195","0.650","-0.734"
"905776","2","-0.272","0.049","0.135"
"905780","2","-0.295","0.092","0.149"
"905780","1","0.103","0.817","-0.610"
"905785","2","-0.331","0.128","0.154"
"905785","1","-0.062","0.854","-0.408"
"905790","1","-0.188","0.758","-0.260"
"905790","2","-0.372","0.155","0.145"
"905795","2","-0.390","0.180","0.125"
"905800","1","-0.052","0.540","-0.407"
"905801","2","-0.367","0.214","0.108"
"905804","2","-0.306","0.259","0.097"
"905805","1","0.133","0.376","-0.543"
"905809","1","0.277","0.235","-0.581"
"905810","2","-0.218","0.315","0.094"
"905814","2","-0.115","0.380","0.094"
"905815","1","0.292","0.208","-0.658"
"905819","2","0.005","0.450","0.081"
"905820","1","0.355","0.300","-0.868"
"905825","1","0.489","0.101","-0.320"
"905829","2","0.201","0.508","0.122"
"905830","1","0.377","-0.080","0.172"
"905834","1","0.165","0.193","-0.180"
"905835","2","0.241","0.514","0.116"
"905839","1","-0.058","0.295","-0.305"
"905840","2","0.299","0.484","0.097"
"905844","2","0.309","0.434","0.105"
"905845","1","-0.238","0.298","-0.066"
"905849","2","0.290","0.374","0.114"
"905854","2","0.262","0.321","0.122"
"905855","1","-0.278","0.385","0.191"
"905860","2","0.210","0.292","0.136"
"905860","1","-0.144","0.326","0.344"
"905864","2","0.151","0.294","0.147"
"905865","1","-0.016","0.147","0.414"
"905869","2","0.101","0.308","0.154"
"905870","1","0.008","-0.075","0.483"
"905874","2","0.058","0.317","0.152"
"905875","1","-0.033","-0.182","0.479"
"905882","1","-0.142","-0.196","0.471"
"905884","1","-0.324","-0.150","0.391"
"905885","2","0.030","0.273","0.135"
"905889","2","0.033","0.226","0.121"
"905890","1","-0.493","-0.093","0.297"
"905894","2","0.042","0.175","0.104"
"905895","1","-0.628","0.012","0.231"
"905899","2","0.051","0.132","0.092"
"905900","1","-0.638","0.111","0.172"
"905904","1","-0.558","0.215","0.069"
"905909","2","0.072","0.079","0.089"
"905911","1","-0.502","0.237","0.027"
"905914","2","0.080","0.059","0.089"
"905915","1","-0.491","0.182","0.009"
"905919","1","-0.493","0.183","-0.038"
"905920","2","0.087","0.035","0.093"
"905924","1","-0.589","0.208","-0.186"
"905924","2","0.096","0.008","0.096"
"905929","2","0.105","-0.018","0.095"
"905934","1","-0.536","0.223","-0.222"
"905939","2","0.114","-0.041","0.098"
"905940","1","-0.483","0.259","-0.305"
"905944","1","-0.453","0.206","-0.346"
"905944","2","0.122","-0.035","0.093"
"905949","1","-0.435","0.119","-0.395"
"905949","2","0.133","-0.028","0.087"
"905954","1","-0.459","0.117","-0.401"
"905954","2","0.140","-0.026","0.081"
"905959","1","-0.536","0.199","-0.336"
"905959","2","0.140","-0.034","0.078"
"905967","2","0.129","-0.045","0.075"
"905969","2","0.111","-0.055","0.069"
"905970","1","-0.557","0.316","-0.234"
"905974","2","0.090","-0.061","0.059"
"905974","1","-0.554","0.362","-0.278"
"905979","2","0.072","-0.068","0.049"
"905979","1","-0.573","0.371","-0.298"
"905984","2","0.066","-0.087","0.038"
"905984","1","-0.671","0.362","-0.327"
"905989","1","-0.779","0.339","-0.291"
"905995","2","0.097","-0.158","0.031"
"905995","1","-0.882","0.281","-0.205"
"905999","2","0.109","-0.211","0.032"
"905999","1","-0.972","0.149","0.031"
"906003","1","-1.029","0.018","0.318"
"906004","2","0.106","-0.271","0.032"
"906008","2","0.078","-0.330","0.029"
"906009","1","-0.960","0.017","0.566"
"906013","2","0.043","-0.377","0.015"
"906014","1","-0.896","0.147","0.786"
"906021","1","-0.933","0.209","1.000"
"906024","2","-0.089","-0.445","-0.054"
"906024","1","-1.040","0.241","1.098"
"906029","2","-0.161","-0.480","-0.108"
"906029","1","-1.226","0.279","0.996"
"906034","2","-0.224","-0.528","-0.169"
"906034","1","-1.437","0.228","0.786"
"906039","2","-0.267","-0.597","-0.226"
"906039","1","-1.660","0.159","0.446"
"906043","2","-0.272","-0.683","-0.279"
"906050","2","-0.219","-0.777","-0.339"
"906050","1","-1.853","0.585","-0.793"
"906054","2","-0.075","-0.886","-0.374"
"906054","1","-1.697","1.092","-1.663"
"906058","2","0.111","-0.922","-0.424"
"906059","1","-1.271","1.103","-3.394"
"906063","2","0.459","-0.894","-0.465"
"906064","1","0.169","0.822","-5.761"
"906068","2","0.753","-0.813","-0.189"
"906069","1","3.221","-0.252","-4.711"
"906076","1","6.005","-1.925","-1.230"
"906078","2","0.649","-0.252","0.461"
"906079","1","6.573","-2.983","0.789"
"906083","2","0.565","-0.013","0.348"
"906084","1","5.627","-3.291","2.121"
"906088","2","0.422","0.109","0.195"
"906089","1","4.048","-2.776","3.378"
"906093","1","2.241","-1.678","3.459"
"906094","2","0.282","0.087","0.083"
"906099","2","0.142","-0.029","0.022"
"906103","2","-0.015","-0.160","0.016"
"906104","1","0.131","-0.394","1.925"
"906109","2","-0.157","-0.245","0.056"
"906109","1","0.210","-0.368","1.391"
"906113","2","-0.268","-0.264","0.126"
"906114","1","0.764","-0.546","1.052"
"906118","2","-0.346","-0.222","0.179"
"906119","1","1.452","-0.802","0.820"
"906123","2","-0.392","-0.142","0.186"
"906124","1","1.934","-0.970","0.629"
"906128","2","-0.414","-0.040","0.152"
"906133","1","1.566","-0.620","-0.018"
"906134","2","-0.420","0.051","0.100"
"906138","2","-0.418","0.112","0.069"
"906139","1","0.890","-0.247","-0.186"
"906143","2","-0.415","0.133","0.072"
"906143","1","0.169","0.053","-0.232"
"906148","1","-0.396","0.221","-0.323"
"906148","2","-0.413","0.115","0.090"
"906153","1","-0.618","0.287","-0.494"
"906159","1","-0.488","0.340","-0.714"
"906159","2","-0.393","0.037","0.118"
"906163","2","-0.370","0.034","0.123"
"906164","1","-0.150","0.370","-0.923"
"906168","2","-0.345","0.068","0.122"
"906169","1","0.185","0.374","-1.058"
"906173","1","0.379","0.412","-1.038"
"906173","2","-0.326","0.134","0.122"
"906178","1","0.381","0.449","-0.923"
"906178","2","-0.317","0.213","0.122"
"906185","2","-0.312","0.280","0.116"
"906188","2","-0.310","0.320","0.111"
"906189","1","0.034","0.591","-0.583"
"906193","2","-0.304","0.339","0.109"
"906193","1","-0.059","0.669","-0.486"
"906198","2","-0.289","0.348","0.113"
"906198","1","-0.059","0.664","-0.587"
"906203","2","-0.247","0.360","0.113"
"906203","1","0.057","0.599","-0.905"
"906208","1","0.350","0.174","-0.637"
"906213","1","0.592","0.058","-0.241"
"906213","2","-0.118","0.422","0.157"
"906218","2","-0.041","0.487","0.159"
"906219","1","0.643","0.381","-0.558"
"906223","2","0.078","0.502","0.184"
"906223","1","0.511","0.027","-0.735"
"906227","2","0.151","0.493","0.229"
"906228","1","0.201","-0.613","-0.454"
"906232","2","0.209","0.454","0.243"
"906233","1","-0.146","-0.751","-0.205"
"906238","1","-0.281","-0.468","0.052"
"906244","1","-0.270","-0.091","0.310"
"906244","2","0.258","0.384","0.228"
"906248","2","0.216","0.377","0.236"
"906248","1","-0.229","0.146","0.532"
"906252","2","0.145","0.377","0.230"
"906253","1","-0.179","0.230","0.720"
"906257","2","0.064","0.371","0.226"
"906258","1","-0.177","0.228","0.815"
"906262","2","-0.026","0.355","0.228"
"906272","1","-0.349","0.100","0.585"
"906273","2","-0.153","0.269","0.227"
"906274","1","-0.487","0.100","0.585"
"906277","2","-0.190","0.224","0.220"
"906279","1","-0.535","0.023","0.384"
"906283","2","-0.221","0.189","0.208"
"906284","1","-0.476","0.035","0.086"
"906288","2","-0.236","0.169","0.205"
"906289","1","-0.360","0.131","-0.160"
"906293","2","-0.247","0.165","0.208"
"906297","1","-0.259","0.140","-0.405"
"906299","2","-0.262","0.168","0.210"
"906302","2","-0.273","0.163","0.210"
"906303","1","-0.249","0.080","-0.433"
"906307","2","-0.279","0.150","0.209"
"906308","1","-0.230","-0.003","-0.387"
"906312","2","-0.276","0.134","0.205"
"906313","1","-0.206","-0.064","-0.383"
"906318","2","-0.268","0.112","0.204"
"906319","1","-0.147","-0.049","-0.396"
"906325","1","-0.078","-0.035","-0.419"
"906327","2","-0.246","0.092","0.198"
"906328","1","-0.049","-0.043","-0.408"
"906332","1","-0.059","0.004","-0.364"
"906333","2","-0.232","0.087","0.194"
"906337","1","-0.079","0.015","-0.263"
"906338","2","-0.226","0.077","0.196"
"906342","2","-0.224","0.059","0.198"
"906343","1","-0.063","0.027","-0.238"
"906347","1","-0.026","0.029","-0.156"
"906352","2","-0.221","0.007","0.206"
"906353","1","-0.010","0.007","-0.087"
"906357","2","-0.219","-0.016","0.207"
"906362","1","0.061","0.010","-0.159"
"906362","2","-0.207","-0.031","0.201"
"906367","2","-0.197","-0.039","0.197"
"906368","1","0.073","0.021","-0.242"
"906372","1","0.082","0.043","-0.284"
"906373","2","-0.195","-0.043","0.198"
"906377","2","-0.198","-0.051","0.202"
"906382","2","-0.206","-0.062","0.207"
"906383","1","-0.003","0.096","-0.276"
"906387","2","-0.214","-0.080","0.215"
"906388","1","-0.000","0.133","-0.248"
"906392","1","0.054","0.115","-0.125"
"906393","2","-0.222","-0.092","0.226"
"906397","2","-0.215","-0.086","0.228"
"906397","1","0.133","0.070","-0.226"
"906402","1","0.269","0.074","-0.486"
"906402","2","-0.187","-0.062","0.218"
"906407","1","0.361","0.042","-0.613"
"906412","2","-0.122","0.009","0.198"
"906413","1","0.330","-0.018","-0.593"
"906417","2","-0.098","0.022","0.201"
"906418","1","0.198","-0.067","-0.499"
"906422","1","0.112","-0.061","-0.342"
"906422","2","-0.086","0.025","0.209"
"906427","2","-0.091","0.025","0.212"
"906428","1","0.074","0.017","-0.162"
"906432","2","-0.108","0.024","0.215"
"906436","2","-0.138","0.020","0.219"
"906437","1","0.069","0.225","0.190"
"906442","2","-0.172","0.017","0.221"
"906442","1","0.047","0.240","0.396"
"906447","1","0.013","0.134","0.479"
"906447","2","-0.195","0.014","0.216"
"906452","1","0.001","-0.057","0.420"
"906452","2","-0.194","0.010","0.197"
"906456","2","-0.165","0.008","0.171"
"906457","1","-0.037","-0.204","0.315"
"906464","1","-0.107","-0.235","0.222"
"906466","2","-0.104","-0.003","0.139"
"906467","1","-0.158","-0.163","0.179"
"906471","1","-0.168","-0.024","0.192"
"906472","2","-0.093","-0.012","0.133"
"906477","2","-0.106","-0.020","0.127"
"906477","1","-0.186","0.158","0.220"
"906481","1","-0.220","0.300","0.246"
"906482","2","-0.139","-0.029","0.120"
"906486","2","-0.180","-0.050","0.114"
"906491","2","-0.225","-0.077","0.111"
"906493","1","-0.274","0.403","0.299"
"906496","2","-0.261","-0.095","0.112"
"906497","1","-0.219","0.394","0.251"
"906501","1","-0.126","0.332","0.021"
"906502","2","-0.278","-0.097","0.111"
"906506","1","-0.043","0.251","-0.197"
"906507","2","-0.283","-0.090","0.102"
"906511","2","-0.279","-0.073","0.098"
"906512","1","-0.027","0.166","-0.262"
"906517","1","-0.053","0.137","-0.259"
"906521","2","-0.251","-0.068","0.106"
"906522","1","-0.072","0.146","-0.233"
"906526","2","-0.239","-0.075","0.110"
"906527","1","-0.060","0.167","-0.129"
"906531","2","-0.232","-0.081","0.112"
"906532","1","-0.036","0.216","0.046"
"906536","2","-0.234","-0.092","0.120"
"906537","1","-0.016","0.241","0.204"
"906541","2","-0.234","-0.102","0.131"
"906546","2","-0.220","-0.113","0.132"
"906546","1","-0.015","0.166","0.095"
"906551","1","0.014","0.098","-0.052"
"906552","2","-0.200","-0.115","0.124"
"906556","2","-0.170","-0.106","0.121"
"906557","1","0.094","0.062","-0.179"
"906561","2","-0.135","-0.089","0.120"
"906562","1","0.177","0.035","-0.244"
"906566","1","0.176","0.041","-0.230"
"906567","2","-0.105","-0.067","0.120"
"906571","1","0.136","0.081","-0.137"
"906576","2","-0.094","-0.056","0.130"
"906576","1","0.122","0.129","0.037"
"906581","2","-0.111","-0.062","0.133"
"906581","1","0.147","0.160","0.168"
"906586","2","-0.143","-0.066","0.136"
"906587","1","0.175","0.173","0.234"
"906591","1","0.174","0.142","0.265"
"906591","2","-0.178","-0.065","0.135"
"906596","2","-0.212","-0.064","0.130"
"906601","2","-0.240","-0.066","0.125"
"906602","1","0.076","0.012","0.228"
"906606","2","-0.259","-0.071","0.122"
"906607","1","0.067","-0.016","0.199"
"906611","2","-0.269","-0.075","0.118"
"906611","1","0.065","-0.015","0.154"
"906616","1","0.071","0.011","0.116"
"906616","2","-0.275","-0.079","0.112"
"906620","2","-0.275","-0.082","0.107"
"906621","1","0.092","0.015","0.073"
"906628","1","0.085","-0.019","0.054"
"906631","2","-0.256","-0.080","0.096"
"906632","1","0.065","-0.045","0.021"
"906636","1","0.079","-0.072","-0.020"
"906637","2","-0.238","-0.079","0.088"
"906641","1","0.063","-0.086","-0.047"
"906641","2","-0.210","-0.083","0.080"
"906646","2","-0.171","-0.086","0.069"
"906646","1","0.038","-0.058","-0.055"
"906651","2","-0.134","-0.085","0.060"
"906655","2","-0.099","-0.074","0.054"
"906656","1","0.164","0.001","-0.078"
"906661","2","-0.065","-0.053","0.050"
"906661","1","0.213","-0.026","-0.093"
"906665","2","-0.042","-0.029","0.046"
"906666","1","0.206","-0.087","-0.034"
"906670","2","-0.024","-0.015","0.043"
"906671","1","0.171","-0.080","0.054"
"906675","1","0.180","-0.019","0.126"
"906676","2","-0.019","-0.010","0.040"
"906681","2","-0.025","-0.007","0.036"
"906686","2","-0.045","-0.003","0.033"
"906686","1","0.175","0.084","0.257"
"906690","1","0.172","0.136","0.244"
"906691","2","-0.075","0.002","0.029"
"906695","1","0.220","0.152","0.226"
"906696","2","-0.107","0.012","0.027"
"906700","2","-0.140","0.026","0.024"
"906701","1","0.217","0.152","0.137"
"906706","1","0.164","0.152","0.092"
"906710","2","-0.180","0.043","0.011"
"906712","1","0.102","0.124","0.082"
"906716","1","0.091","0.110","0.043"
"906716","2","-0.193","0.044","0.008"
"906720","2","-0.200","0.041","0.008"
"906720","1","0.098","0.103","0.090"
"906725","1","0.115","0.150","0.112"
"906726","2","-0.207","0.042","0.003"
"906730","2","-0.208","0.043","-0.005"
"906731","1","0.151","0.178","0.087"
"906735","2","-0.210","0.043","-0.011"
"906740","2","-0.197","0.038","-0.015"
"906741","1","0.125","0.200","0.030"
"906745","1","0.096","0.157","-0.048"
"906746","2","-0.176","0.034","-0.024"
"906750","1","0.089","0.128","-0.066"
"906751","2","-0.147","0.028","-0.033"
"906755","1","0.103","0.084","-0.082"
"906757","2","-0.114","0.020","-0.037"
"906760","2","-0.077","0.013","-0.039"
"906765","2","-0.049","0.006","-0.039"
"906767","1","0.150","0.091","-0.110"
"906770","1","0.152","0.114","-0.130"
"906771","2","-0.030","0.004","-0.041"
"906775","2","-0.022","0.001","-0.042"
"906776","1","0.132","0.145","-0.152"
"906780","2","-0.024","-0.001","-0.046"
"906781","1","0.113","0.182","-0.107"
"906785","2","-0.035","-0.004","-0.049"
"906786","1","0.078","0.199","-0.090"
"906795","2","-0.065","-0.028","-0.048"
"906796","1","0.072","0.164","-0.071"
"906800","2","-0.074","-0.041","-0.050"
"906801","1","0.045","0.099","-0.058"
"906805","2","-0.075","-0.050","-0.054"
"906805","1","0.073","0.030","-0.043"
"906810","1","0.081","0.016","-0.112"
"906810","2","-0.070","-0.059","-0.060"
"906815","2","-0.067","-0.059","-0.069"
"906816","1","0.114","0.041","-0.159"
"906823","1","0.126","0.042","-0.153"
"906829","2","-0.060","-0.052","-0.066"
"906830","1","0.097","0.037","-0.153"
"906830","2","-0.064","-0.051","-0.069"
"906831","1","0.091","0.012","-0.124"
"906836","2","-0.074","-0.052","-0.066"
"906837","1","0.068","0.019","-0.058"
"906840","2","-0.081","-0.057","-0.064"
"906841","1","0.069","-0.003","0.060"
"906845","2","-0.081","-0.063","-0.066"
"906851","2","-0.074","-0.065","-0.070"
"906852","1","0.088","-0.066","-0.021"
"906855","2","-0.065","-0.061","-0.072"
"906855","1","0.109","-0.090","-0.087"
"906860","2","-0.057","-0.052","-0.069"
"906860","1","0.159","-0.116","-0.135"
"906865","2","-0.051","-0.047","-0.064"
"906865","1","0.118","-0.131","-0.116"
"906870","1","0.092","-0.125","-0.011"
"906871","2","-0.050","-0.049","-0.061"
"906875","1","0.088","-0.162","0.084"
"906880","2","-0.065","-0.055","-0.054"
"906881","1","0.075","-0.115","0.143"
"906885","2","-0.072","-0.060","-0.051"
"906885","1","0.082","-0.060","0.171"
"906890","2","-0.077","-0.065","-0.049"
"906890","1","0.079","-0.059","0.151"
"906895","2","-0.074","-0.070","-0.052"
"906895","1","0.060","-0.104","0.060"
"906899","2","-0.063","-0.072","-0.056"
"906904","1","0.020","-0.154","-0.073"
"906906","2","-0.049","-0.067","-0.057"
"906909","1","0.059","-0.119","-0.077"
"906910","2","-0.036","-0.054","-0.058"
"906915","2","-0.029","-0.038","-0.057"
"906915","1","0.049","-0.068","-0.061"
"906920","2","-0.030","-0.032","-0.059"
"906920","1","0.027","-0.018","0.005"
"906925","2","-0.037","-0.031","-0.058"
"906925","1","-0.013","0.011","0.086"
"906930","1","-0.078","0.018","0.119"
"906935","2","-0.052","-0.039","-0.060"
"906936","1","-0.098","0.052","0.134"
"906940","2","-0.059","-0.036","-0.062"
"906940","1","-0.064","0.054","0.092"
"906945","2","-0.065","-0.030","-0.061"
"906945","1","-0.017","0.034","0.051"
"906949","2","-0.069","-0.021","-0.060"
"906950","1","-0.002","0.030","0.017"
"906955","2","-0.076","-0.016","-0.057"
"906959","2","-0.084","-0.012","-0.055"
"906959","1","-0.077","0.047","0.040"
"906964","1","-0.089","0.041","0.052"
"906965","2","-0.090","-0.010","-0.055"
"906969","2","-0.091","-0.008","-0.057"
"906970","1","-0.082","0.025","0.035"
"906975","2","-0.088","-0.006","-0.058"
"906975","1","-0.078","-0.000","-0.014"
"906979","2","-0.082","-0.005","-0.060"
"906980","1","-0.091","-0.028","-0.047"
"906984","1","-0.114","-0.075","-0.041"
"906989","2","-0.050","-0.004","-0.063"
"906990","1","-0.125","-0.117","-0.031"
"906994","2","-0.029","-0.002","-0.062"
"906995","1","-0.110","-0.112","-0.028"
"906999","2","-0.012","-0.001","-0.061"
"907000","1","-0.092","-0.084","-0.036"
"907004","2","-0.006","-0.003","-0.063"
"907005","1","-0.084","-0.066","-0.016"
"907009","2","-0.001","0.001","-0.067"
"907014","2","-0.006","0.003","-0.061"
"907016","1","-0.096","-0.041","0.013"
"907019","2","-0.011","0.003","-0.060"
"907020","1","-0.085","-0.051","-0.003"
"907024","2","-0.020","0.008","-0.061"
"907024","1","-0.055","-0.053","-0.002"
"907029","2","-0.030","0.009","-0.059"
"907029","1","-0.011","-0.024","0.027"
"907034","2","-0.035","0.009","-0.059"
"907034","1","-0.008","-0.017","0.036"
"907042","1","-0.005","-0.032","0.014"
"907044","2","-0.048","0.012","-0.055"
"907045","1","0.004","-0.076","-0.005"
"907049","2","-0.047","0.013","-0.056"
"907050","1","0.009","-0.116","-0.004"
"907054","2","-0.044","0.015","-0.058"
"907054","1","0.022","-0.109","0.006"
"907059","2","-0.043","0.019","-0.058"
"907059","1","0.043","-0.073","-0.006"
"907064","2","-0.040","0.021","-0.055"
"907068","2","-0.037","0.020","-0.051"
"907069","1","0.036","-0.038","-0.052"
"907074","2","-0.039","0.022","-0.047"
"907075","1","0.024","-0.028","-0.074"
"907078","1","0.016","-0.007","-0.048"
"907079","2","-0.040","0.022","-0.047"
"907084","1","0.006","-0.024","0.025"
"907085","2","-0.042","0.019","-0.043"
"907089","1","-0.005","-0.070","0.044"
"907089","2","-0.043","0.014","-0.036"
"907096","2","-0.040","0.003","-0.038"
"907099","2","-0.027","-0.004","-0.040"
"907100","1","0.053","-0.098","-0.020"
"907104","2","-0.012","-0.005","-0.039"
"907104","1","0.062","-0.088","-0.049"
"907109","2","0.001","-0.004","-0.037"
"907109","1","0.055","-0.075","-0.064"
"907113","1","0.040","-0.034","-0.044"
"907114","2","0.009","0.001","-0.031"
"907118","2","0.013","-0.000","-0.021"
"907123","2","0.009","-0.010","-0.013"
"907124","1","-0.004","0.017","0.139"
"907129","2","-0.001","-0.019","-0.009"
"907129","1","-0.010","0.012","0.151"
"907133","2","-0.010","-0.029","-0.006"
"907134","1","-0.003","0.015","0.105"
"907138","1","0.026","0.028","0.012"
"907139","2","-0.012","-0.032","-0.006"
"907143","2","-0.012","-0.029","-0.005"
"907144","1","0.060","0.041","-0.045"
"907148","2","-0.015","-0.022","-0.004"
"907153","2","-0.018","-0.012","-0.004"
"907154","1","0.039","0.101","-0.104"
"907158","1","0.021","0.116","-0.058"
"907159","2","-0.022","-0.010","-0.005"
"907163","1","0.012","0.097","0.025"
"907164","2","-0.029","-0.013","-0.002"
"907168","1","0.024","0.092","0.072"
"907169","2","-0.036","-0.020","0.003"
"907173","2","-0.040","-0.026","0.004"
"907178","2","-0.039","-0.027","-0.003"
"907180","1","0.058","0.072","-0.081"
"907183","2","-0.027","-0.026","-0.010"
"907184","1","0.072","0.058","-0.096"
"907188","1","0.051","0.073","-0.136"
"907189","2","-0.016","-0.021","-0.014"
"907193","1","0.044","0.086","-0.097"
"907194","2","-0.007","-0.011","-0.014"
"907198","2","-0.005","-0.005","-0.013"
"907199","1","0.038","0.062","0.006"
"907206","1","0.001","0.149","0.051"
"907208","2","-0.020","-0.005","-0.015"
"907209","1","-0.022","0.173","0.121"
"907213","2","-0.030","-0.014","-0.015"
"907214","1","-0.031","0.148","0.142"
"907218","2","-0.040","-0.023","-0.020"
"907223","1","-0.046","0.098","0.077"
"907223","2","-0.045","-0.028","-0.020"
"907228","2","-0.050","-0.030","-0.025"
"907229","1","-0.033","0.093","0.036"
"907236","1","-0.013","0.054","0.005"
"907238","2","-0.053","-0.026","-0.026"
"907239","1","-0.029","0.069","0.005"
"907243","1","-0.080","0.081","0.064"
"907244","2","-0.055","-0.028","-0.022"
"907248","1","-0.046","0.063","0.016"
"907248","2","-0.055","-0.036","-0.020"
"907253","1","-0.026","0.063","0.011"
"907253","2","-0.051","-0.040","-0.018"
"907258","1","-0.006","0.035","-0.022"
"907263","2","-0.024","-0.035","-0.020"
"907263","1","0.010","0.017","-0.072"
"907268","2","-0.016","-0.030","-0.019"
"907268","1","0.007","0.009","-0.128"
"907273","2","-0.012","-0.030","-0.017"
"907273","1","-0.017","0.016","-0.122"
"907278","1","-0.031","0.016","-0.079"
"907278","2","-0.011","-0.034","-0.014"
"907283","2","-0.015","-0.034","-0.013"
"907283","1","0.008","0.028","-0.071"
"907289","2","-0.024","-0.031","-0.013"
"907293","2","-0.037","-0.030","-0.014"
"907293","1","0.021","0.061","-0.075"
"907298","2","-0.045","-0.030","-0.014"
"907298","1","0.021","0.052","-0.034"
"907303","1","0.002","0.023","0.011"
"907304","2","-0.054","-0.034","-0.014"
"907308","2","-0.059","-0.032","-0.013"
"907308","1","0.003","-0.010","0.055"
"907313","2","-0.061","-0.033","-0.012"
"907318","1","0.044","-0.086","-0.042"
"907319","2","-0.054","-0.029","-0.019"
"907323","2","-0.040","-0.021","-0.023"
"907323","1","0.057","-0.127","-0.066"
"907328","2","-0.027","-0.009","-0.021"
"907328","1","0.077","-0.127","-0.034"
"907333","2","-0.011","-0.002","-0.015"
"907333","1","0.072","-0.131","0.032"
"907337","2","-0.002","0.004","-0.013"
"907338","1","0.033","-0.139","0.066"
"907343","1","0.033","-0.115","0.080"
"907348","2","0.004","0.001","-0.012"
"907349","1","0.022","-0.096","0.134"
"907352","2","-0.004","0.002","-0.011"
"907353","1","-0.002","-0.072","0.134"
"907358","2","-0.015","0.004","-0.009"
"907358","1","-0.027","-0.037","0.095"
"907362","2","-0.024","0.004","-0.007"
"907363","1","-0.031","-0.013","0.114"
"907367","2","-0.034","0.003","-0.009"
"907374","2","-0.040","0.003","-0.007"
"907375","1","-0.039","-0.002","0.085"
"907380","2","-0.041","0.002","-0.007"
"907382","1","-0.025","-0.037","0.056"
"907383","2","-0.041","0.004","-0.006"
"907387","2","-0.038","0.010","-0.006"
"907388","1","-0.024","-0.039","0.038"
"907392","2","-0.033","0.013","-0.006"
"907393","1","-0.015","-0.049","0.062"
"907397","2","-0.024","0.012","-0.005"
"907403","2","-0.010","0.014","-0.001"
"907403","1","-0.010","-0.059","0.118"
"907407","2","-0.002","0.015","0.002"
"907408","1","0.015","-0.076","0.132"
"907413","2","0.005","0.017","0.005"
"907414","1","0.022","-0.074","0.144"
"907417","2","0.012","0.018","0.005"
"907418","1","0.052","-0.044","0.143"
"907422","2","0.010","0.021","0.007"
"907422","1","0.088","-0.028","0.135"
"907427","1","0.086","0.000","0.113"
"907432","2","-0.002","0.034","0.011"
"907434","1","0.091","0.005","0.079"
"907437","2","-0.011","0.041","0.016"
"907438","1","0.103","-0.006","0.055"
"907442","2","-0.020","0.047","0.018"
"907442","1","0.124","-0.018","0.056"
"907447","2","-0.029","0.052","0.018"
"907447","1","0.153","-0.026","0.066"
"907452","2","-0.034","0.059","0.019"
"907457","2","-0.039","0.068","0.020"
"907458","1","0.159","-0.000","0.058"
"907462","2","-0.041","0.070","0.027"
"907463","1","0.144","0.017","0.077"
"907467","2","-0.042","0.071","0.027"
"907467","1","0.107","0.003","0.089"
"907472","1","0.064","0.007","0.046"
"907472","2","-0.038","0.068","0.025"
"907477","2","-0.035","0.069","0.028"
"907478","1","0.069","0.023","0.022"
"907484","2","-0.030","0.067","0.028"
"907487","2","-0.026","0.066","0.026"
"907487","1","0.075","0.069","0.001"
"907492","2","-0.019","0.064","0.022"
"907492","1","0.020","0.084","-0.057"
"907497","2","-0.015","0.061","0.018"
"907497","1","-0.038","0.121","-0.077"
"907502","2","-0.015","0.051","0.011"
"907502","1","-0.056","0.141","-0.056"
"907507","1","-0.060","0.181","-0.052"
"907512","2","-0.033","0.044","0.003"
"907513","1","-0.082","0.238","-0.067"
"907517","1","-0.066","0.247","-0.066"
"907517","2","-0.036","0.039","-0.003"
"907523","2","-0.040","0.034","-0.007"
"907523","1","-0.042","0.179","-0.077"
"907527","1","-0.050","0.123","-0.108"
"907528","2","-0.044","0.031","-0.010"
"907532","2","-0.041","0.026","-0.017"
"907532","1","-0.026","0.114","-0.116"
"907537","2","-0.040","0.021","-0.020"
"907542","2","-0.039","0.016","-0.027"
"907542","1","-0.038","0.235","-0.130"
"907547","2","-0.042","0.013","-0.030"
"907547","1","-0.037","0.265","-0.157"
"907551","2","-0.047","0.011","-0.033"
"907552","1","-0.002","0.250","-0.181"
"907556","2","-0.049","0.011","-0.037"
"907557","1","0.016","0.211","-0.216"
"907561","2","-0.045","0.012","-0.041"
"907567","2","-0.041","0.010","-0.041"
"907567","1","-0.003","0.103","-0.242"
"907571","2","-0.028","0.008","-0.043"
"907572","1","-0.029","0.062","-0.235"
"907576","2","-0.016","0.004","-0.046"
"907577","1","-0.020","0.054","-0.204"
"907581","2","-0.004","0.001","-0.049"
"907582","1","-0.032","0.041","-0.167"
"907586","2","0.002","-0.006","-0.052"
"907587","1","-0.043","0.030","-0.138"
