"700922","1","0.134","-0.056","0.003"
"700929","1","0.079","-0.098","0.057"
"700930","2","0.021","0.024","-0.009"
"700935","1","0.029","-0.124","0.061"
"700941","2","0.057","0.009","-0.016"
"700941","1","-0.018","-0.127","0.074"
"700945","2","0.069","0.003","-0.015"
"700945","1","-0.033","-0.153","0.073"
"700952","2","0.070","-0.006","-0.016"
"700953","1","-0.053","-0.134","0.047"
"700988","1","-0.022","-0.123","-0.048"
"700992","1","0.012","-0.140","-0.079"
"700993","2","0.035","-0.029","-0.021"
"700995","2","0.037","-0.029","-0.022"
"700996","1","0.055","-0.168","-0.097"
"701000","2","0.044","-0.026","-0.020"
"701002","1","0.109","-0.161","-0.062"
"701006","2","0.050","-0.021","-0.016"
"701006","1","0.172","-0.109","-0.011"
"701011","1","0.180","-0.061","0.014"
"701015","2","0.053","0.002","-0.018"
"701016","1","0.167","-0.043","0.024"
"701021","1","0.110","-0.037","0.010"
"701022","2","0.042","0.013","-0.024"
"701026","2","0.027","0.019","-0.026"
"701026","1","0.052","-0.005","0.010"
"701031","2","0.012","0.025","-0.028"
"701031","1","0.014","0.006","0.036"
"701036","2","0.001","0.022","-0.025"
"701037","1","-0.018","0.012","0.024"
"701043","1","-0.053","0.024","-0.030"
"701046","2","-0.015","0.009","-0.017"
"701046","1","-0.090","0.021","-0.037"
"701051","1","-0.075","0.018","-0.062"
"701052","2","-0.020","0.001","-0.015"
"701058","2","-0.020","-0.005","-0.015"
"701058","1","-0.089","0.007","-0.060"
"701061","1","-0.078","-0.016","-0.040"
"701062","2","-0.021","-0.005","-0.015"
"701066","1","-0.070","-0.054","-0.067"
"701071","2","-0.019","0.003","-0.023"
"701072","1","-0.067","-0.060","-0.179"
"701076","2","-0.017","0.010","-0.029"
"701077","1","-0.075","-0.088","-0.262"
"701081","2","-0.013","0.019","-0.030"
"701082","1","-0.064","-0.107","-0.322"
"701086","2","-0.013","0.024","-0.033"
"701087","1","-0.084","-0.133","-0.374"
"701091","2","-0.015","0.030","-0.038"
"701092","1","-0.117","-0.155","-0.337"
"701097","1","-0.156","-0.223","-0.277"
"701102","2","-0.027","0.038","-0.050"
"701102","1","-0.213","-0.296","-0.250"
"701106","2","-0.031","0.038","-0.058"
"701107","1","-0.241","-0.342","-0.253"
"701112","2","-0.037","0.033","-0.064"
"701112","1","-0.263","-0.380","-0.318"
"701117","2","-0.042","0.032","-0.071"
"701117","1","-0.281","-0.369","-0.353"
"701122","2","-0.046","0.030","-0.071"
"701128","2","-0.053","0.028","-0.075"
"701129","1","-0.265","-0.350","-0.393"
"701134","2","-0.063","0.029","-0.080"
"701134","1","-0.270","-0.302","-0.422"
"701137","2","-0.075","0.032","-0.084"
"701137","1","-0.277","-0.244","-0.469"
"701142","2","-0.092","0.035","-0.087"
"701142","1","-0.270","-0.220","-0.497"
"701147","2","-0.104","0.038","-0.086"
"701147","1","-0.246","-0.201","-0.515"
"701153","1","-0.209","-0.194","-0.421"
"701157","2","-0.115","0.048","-0.089"
"701158","1","-0.159","-0.221","-0.370"
"701162","2","-0.108","0.058","-0.094"
"701163","1","-0.131","-0.191","-0.289"
"701167","2","-0.098","0.072","-0.094"
"701168","1","-0.088","-0.045","-0.165"
"701172","2","-0.086","0.091","-0.095"
"701173","1","-0.079","0.116","-0.087"
"701178","1","-0.088","0.224","-0.078"
"701182","2","-0.092","0.115","-0.088"
"701183","1","-0.129","0.327","-0.129"
"701188","2","-0.108","0.116","-0.081"
"701188","1","-0.164","0.453","-0.148"
"701192","2","-0.131","0.116","-0.077"
"701193","1","-0.164","0.526","-0.184"
"701197","2","-0.146","0.117","-0.067"
"701198","1","-0.155","0.581","-0.165"
"701203","2","-0.153","0.113","-0.053"
"701203","1","-0.106","0.621","-0.127"
"701209","1","-0.041","0.609","-0.128"
"701212","2","-0.137","0.105","-0.031"
"701213","1","0.006","0.585","-0.106"
"701218","1","0.059","0.547","-0.153"
"701219","2","-0.121","0.099","-0.030"
"701224","1","0.162","0.489","-0.137"
"701224","2","-0.100","0.094","-0.025"
"701228","2","-0.078","0.091","-0.020"
"701228","1","0.215","0.493","-0.152"
"701233","2","-0.064","0.091","-0.014"
"701238","2","-0.051","0.094","-0.012"
"701239","1","0.350","0.486","-0.058"
"701243","2","-0.042","0.098","-0.012"
"701244","1","0.382","0.502","-0.003"
"701248","2","-0.038","0.103","-0.013"
"701249","1","0.392","0.519","0.098"
"701253","2","-0.042","0.108","-0.016"
"701254","1","0.362","0.502","0.152"
"701258","2","-0.055","0.109","-0.017"
"701259","1","0.345","0.498","0.088"
"701266","1","0.299","0.600","0.003"
"701268","2","-0.041","0.136","-0.024"
"701269","1","0.243","0.619","0.031"
"701274","2","-0.031","0.153","-0.034"
"701274","1","0.190","0.435","0.162"
"701278","2","-0.023","0.156","-0.036"
"701279","1","0.140","0.253","0.273"
"701283","2","-0.010","0.144","-0.029"
"701284","1","0.210","0.256","0.299"
"701289","2","0.007","0.125","-0.023"
"701294","2","0.031","0.105","-0.028"
"701294","1","0.210","0.138","0.201"
"701300","1","0.229","0.099","0.148"
"701300","2","0.060","0.096","-0.032"
"701304","1","0.293","0.159","0.094"
"701304","2","0.084","0.096","-0.032"
"701309","1","0.291","0.240","0.152"
"701309","2","0.097","0.096","-0.026"
"701314","1","0.321","0.359","0.277"
"701314","2","0.094","0.104","-0.020"
"701321","2","0.080","0.108","-0.017"
"701324","2","0.058","0.112","-0.018"
"701325","1","0.297","0.399","0.467"
"701330","2","0.046","0.116","-0.016"
"701330","1","0.269","0.341","0.513"
"701334","2","0.052","0.120","-0.009"
"701335","1","0.350","0.192","0.460"
"701339","2","0.075","0.117","0.003"
"701340","1","0.422","0.073","0.457"
"701344","1","0.478","0.023","0.398"
"701349","2","0.137","0.116","0.021"
"701350","1","0.551","0.041","0.299"
"701355","2","0.165","0.125","0.026"
"701355","1","0.616","0.079","0.277"
"701360","2","0.179","0.137","0.033"
"701360","1","0.601","0.101","0.293"
"701365","2","0.181","0.148","0.044"
"701365","1","0.545","0.074","0.357"
"701370","2","0.160","0.167","0.058"
"701370","1","0.473","0.040","0.472"
"701377","1","0.361","-0.020","0.501"
"701379","2","0.098","0.170","0.080"
"701380","1","0.239","-0.092","0.485"
"701385","1","0.136","-0.175","0.415"
"701385","2","0.078","0.167","0.089"
"701389","2","0.073","0.157","0.100"
"701390","1","0.104","-0.205","0.361"
"701395","2","0.075","0.142","0.116"
"701395","1","0.085","-0.166","0.363"
"701400","1","0.059","-0.131","0.408"
"701405","2","0.093","0.103","0.151"
"701406","1","0.072","-0.124","0.506"
"701410","2","0.089","0.085","0.157"
"701411","1","0.129","-0.136","0.536"
"701415","2","0.081","0.071","0.155"
"701416","1","0.174","-0.145","0.560"
"701420","2","0.066","0.066","0.153"
"701421","1","0.186","-0.152","0.561"
"701425","2","0.056","0.068","0.156"
"701426","1","0.193","-0.184","0.552"
"701430","1","0.191","-0.173","0.488"
"701435","2","0.028","0.085","0.145"
"701436","1","0.184","-0.052","0.416"
"701440","2","0.007","0.094","0.137"
"701441","1","0.137","0.069","0.400"
"701445","1","0.080","0.157","0.534"
"701446","2","-0.025","0.100","0.133"
"701451","2","-0.067","0.105","0.133"
"701451","1","0.037","0.185","0.615"
"701456","2","-0.113","0.113","0.125"
"701460","2","-0.151","0.115","0.113"
"701461","1","-0.074","0.238","0.542"
"701466","2","-0.175","0.121","0.108"
"701466","1","-0.052","0.285","0.579"
"701471","2","-0.197","0.125","0.110"
"701472","1","-0.039","0.249","0.587"
"701476","2","-0.225","0.125","0.116"
"701476","1","-0.043","0.192","0.500"
"701481","2","-0.253","0.122","0.117"
"701481","1","-0.052","0.149","0.313"
"701488","1","-0.075","0.078","0.128"
"701490","2","-0.300","0.116","0.107"
"701491","1","-0.080","0.007","-0.034"
"701496","1","-0.090","-0.152","-0.179"
"701496","2","-0.306","0.107","0.108"
"701501","2","-0.293","0.098","0.111"
"701501","1","-0.077","-0.275","-0.258"
"701506","1","-0.052","-0.323","-0.314"
"701506","2","-0.252","0.093","0.118"
"701511","2","-0.189","0.091","0.132"
"701525","2","-0.046","0.078","0.131"
"701529","1","-0.200","-0.399","-0.239"
"701530","2","0.022","0.081","0.123"
"701532","1","-0.192","-0.258","-0.269"
"701533","2","0.070","0.081","0.123"
"701536","2","0.102","0.081","0.122"
"701537","1","-0.216","-0.182","-0.188"
"701541","2","0.114","0.078","0.127"
"701542","1","-0.277","-0.043","-0.099"
"701546","2","0.100","0.081","0.132"
"701552","2","0.073","0.086","0.133"
"701554","1","-0.299","0.249","0.001"
"701557","2","0.027","0.093","0.126"
"701557","1","-0.341","0.286","0.007"
"701561","2","-0.035","0.098","0.118"
"701562","1","-0.343","0.286","0.008"
"701567","2","-0.103","0.101","0.109"
"701567","1","-0.249","0.309","0.033"
"701572","2","-0.169","0.103","0.098"
"701572","1","-0.197","0.241","0.116"
"701577","1","-0.183","0.117","0.151"
"701582","2","-0.293","0.109","0.080"
"701583","1","-0.119","-0.006","0.163"
"701587","2","-0.333","0.108","0.069"
"701587","1","-0.102","-0.140","0.100"
"701592","2","-0.350","0.113","0.058"
"701592","1","-0.090","-0.233","-0.017"
"701597","2","-0.348","0.120","0.053"
"701597","1","-0.081","-0.288","-0.108"
"701602","2","-0.339","0.129","0.052"
"701607","2","-0.326","0.135","0.051"
"701608","1","-0.104","-0.413","-0.113"
"701612","2","-0.311","0.133","0.045"
"701613","1","-0.169","-0.498","-0.130"
"701617","2","-0.299","0.131","0.033"
"701618","1","-0.202","-0.519","-0.107"
"701624","2","-0.280","0.127","0.027"
"701624","1","-0.212","-0.492","-0.095"
"701628","2","-0.261","0.117","0.025"
"701629","1","-0.200","-0.484","-0.057"
"701635","1","-0.217","-0.519","-0.052"
"701638","2","-0.240","0.087","0.013"
"701638","1","-0.223","-0.551","-0.008"
"701642","2","-0.236","0.072","0.002"
"701643","1","-0.197","-0.558","0.015"
"701647","2","-0.240","0.061","-0.015"
"701648","1","-0.175","-0.561","0.011"
"701652","2","-0.250","0.053","-0.033"
"701653","1","-0.158","-0.582","-0.015"
"701657","2","-0.263","0.050","-0.050"
"701663","2","-0.280","0.043","-0.067"
"701663","1","-0.025","-0.552","-0.082"
"701669","2","-0.300","0.040","-0.081"
"701669","1","0.030","-0.511","-0.052"
"701673","1","0.075","-0.406","0.024"
"701674","2","-0.312","0.039","-0.091"
"701679","2","-0.325","0.044","-0.097"
"701679","1","0.084","-0.286","0.157"
"701683","1","0.050","-0.172","0.247"
"701684","2","-0.341","0.055","-0.107"
"701690","1","0.024","-0.049","0.303"
"701693","2","-0.402","0.071","-0.134"
"701694","1","-0.018","0.096","0.326"
"701698","2","-0.445","0.073","-0.141"
"701699","1","-0.024","0.202","0.369"
"701703","2","-0.494","0.071","-0.146"
"701704","1","-0.019","0.287","0.385"
"701708","1","-0.066","0.366","0.332"
"701709","2","-0.540","0.068","-0.154"
"701713","2","-0.569","0.061","-0.154"
"701718","2","-0.584","0.051","-0.149"
"701719","1","-0.061","0.453","0.231"
"701723","2","-0.595","0.038","-0.140"
"701724","1","-0.081","0.443","0.204"
"701729","1","-0.069","0.430","0.185"
"701729","2","-0.594","0.029","-0.133"
"701735","2","-0.583","0.021","-0.123"
"701735","1","-0.022","0.370","0.168"
"701741","2","-0.562","0.014","-0.112"
"701741","1","0.009","0.296","0.131"
"701745","1","0.022","0.181","0.082"
"701750","2","-0.498","0.006","-0.087"
"701751","1","0.061","0.124","0.012"
"701754","2","-0.458","0.001","-0.071"
"701755","1","0.086","0.094","-0.049"
"701759","2","-0.423","0.001","-0.056"
"701760","1","0.073","0.000","-0.047"
"701764","2","-0.402","0.002","-0.049"
"701765","1","0.048","-0.129","-0.058"
"701769","2","-0.402","0.000","-0.055"
"701775","2","-0.401","0.004","-0.061"
"701775","1","-0.014","-0.236","-0.043"
"701779","2","-0.394","0.012","-0.060"
"701779","1","-0.022","-0.224","0.001"
"701784","2","-0.392","0.020","-0.058"
"701785","1","-0.042","-0.230","-0.004"
"701789","2","-0.399","0.031","-0.067"
"701790","1","-0.082","-0.303","-0.165"
"701794","1","-0.164","-0.423","-0.500"
"701795","2","-0.413","0.039","-0.097"
"701801","1","-0.159","-0.425","-0.792"
"701804","2","-0.417","0.032","-0.107"
"701805","1","-0.124","-0.355","-0.697"
"701809","2","-0.382","0.020","-0.069"
"701810","1","-0.180","-0.459","-0.241"
"701814","1","-0.350","-0.703","0.145"
"701815","2","-0.340","0.010","-0.050"
"701819","2","-0.285","-0.012","-0.073"
"701820","1","-0.480","-0.875","0.109"
"701824","2","-0.204","-0.042","-0.110"
"701830","2","-0.110","-0.082","-0.128"
"701830","1","-0.312","-0.958","-0.465"
"701835","1","-0.155","-0.994","-0.579"
"701835","2","-0.025","-0.117","-0.120"
"701839","2","0.045","-0.141","-0.107"
"701840","1","0.002","-0.962","-0.635"
"701845","2","0.101","-0.144","-0.106"
"701845","1","0.177","-0.809","-0.714"
"701850","2","0.145","-0.130","-0.115"
"701850","1","0.308","-0.598","-0.780"
"701857","2","0.168","-0.106","-0.126"
"701860","2","0.171","-0.073","-0.132"
"701861","1","0.384","-0.418","-0.842"
"701865","2","0.161","-0.041","-0.138"
"701866","1","0.296","-0.383","-0.846"
"701870","2","0.157","-0.013","-0.147"
"701870","1","0.174","-0.354","-0.825"
"701875","1","0.038","-0.361","-0.755"
"701875","2","0.164","0.002","-0.150"
"701880","2","0.177","0.006","-0.153"
"701885","2","0.192","0.001","-0.162"
"701886","1","-0.256","-0.473","-0.405"
"701890","1","-0.370","-0.499","-0.214"
"701891","2","0.211","-0.012","-0.173"
"701895","2","0.235","-0.031","-0.188"
"701896","1","-0.450","-0.536","-0.115"
"701900","1","-0.494","-0.589","-0.066"
"701901","2","0.261","-0.054","-0.205"
"701905","2","0.282","-0.077","-0.224"
"701906","1","-0.519","-0.632","-0.023"
"701911","1","-0.521","-0.635","0.044"
"701916","2","0.324","-0.119","-0.251"
"701916","1","-0.487","-0.575","0.186"
"701921","1","-0.438","-0.476","0.346"
"701921","2","0.338","-0.130","-0.262"
"701926","1","-0.383","-0.339","0.447"
"701926","2","0.341","-0.136","-0.271"
"701931","1","-0.306","-0.193","0.532"
"701931","2","0.332","-0.142","-0.275"
"701936","1","-0.210","-0.051","0.596"
"701941","2","0.265","-0.138","-0.287"
"701942","1","-0.127","0.082","0.583"
"701946","2","0.210","-0.136","-0.297"
"701947","1","-0.046","0.203","0.483"
"701951","1","0.036","0.312","0.350"
"701951","2","0.146","-0.130","-0.312"
"701956","2","0.084","-0.122","-0.331"
"701957","1","0.084","0.373","0.225"
"701961","1","0.108","0.375","0.094"
"701962","2","0.035","-0.109","-0.344"
"701966","2","-0.004","-0.096","-0.354"
"701971","2","-0.026","-0.089","-0.357"
"701972","1","0.162","0.295","-0.044"
"701976","1","0.197","0.288","-0.020"
"701977","2","-0.025","-0.080","-0.354"
"701981","1","0.179","0.284","0.066"
"701982","2","-0.007","-0.071","-0.346"
"701986","1","0.151","0.281","0.116"
"701987","2","0.013","-0.066","-0.338"
"701991","2","0.031","-0.063","-0.332"
"701996","2","0.041","-0.060","-0.321"
"701997","1","0.135","0.447","0.203"
"702002","1","0.126","0.589","0.278"
"702003","2","0.039","-0.060","-0.305"
"702007","2","0.024","-0.057","-0.285"
"702008","1","0.111","0.740","0.319"
"702012","1","0.075","0.827","0.309"
"702012","2","0.003","-0.050","-0.273"
"702017","1","0.055","0.785","0.246"
"702017","2","-0.021","-0.043","-0.266"
"702022","1","0.057","0.602","0.135"
"702027","2","-0.046","-0.040","-0.270"
"702028","1","0.071","0.395","0.083"
"702032","2","-0.041","-0.044","-0.258"
"702033","1","0.123","0.272","0.119"
"702037","2","-0.026","-0.056","-0.230"
"702038","1","0.178","0.255","0.130"
"702042","2","-0.010","-0.065","-0.199"
"702043","1","0.214","0.313","0.085"
"702047","2","-0.001","-0.073","-0.173"
"702052","2","0.007","-0.075","-0.160"
"702054","1","0.243","0.572","-0.076"
"702058","2","0.008","-0.071","-0.144"
"702058","1","0.255","0.646","-0.173"
"702063","2","0.002","-0.055","-0.129"
"702063","1","0.268","0.614","-0.231"
"702068","2","-0.008","-0.040","-0.121"
"702069","1","0.291","0.532","-0.239"
"702073","2","-0.021","-0.025","-0.113"
"702073","1","0.288","0.441","-0.249"
"702078","2","-0.026","-0.013","-0.106"
"702083","2","-0.022","-0.001","-0.100"
"702084","1","0.274","0.204","-0.307"
"702088","2","-0.012","0.006","-0.095"
"702088","1","0.260","0.085","-0.295"
"702093","2","-0.001","0.013","-0.094"
"702094","1","0.192","0.031","-0.244"
"702098","2","0.012","0.017","-0.094"
"702098","1","0.142","0.053","-0.203"
"702103","2","0.018","0.017","-0.091"
"702108","2","0.013","0.022","-0.088"
"702109","1","0.081","0.169","-0.167"
"702113","1","0.020","0.208","-0.099"
"702114","2","0.001","0.023","-0.085"
"702118","2","-0.018","0.025","-0.085"
"702118","1","-0.023","0.285","0.000"
"702123","2","-0.033","0.026","-0.084"
"702124","1","-0.038","0.350","0.076"
"702128","2","-0.049","0.030","-0.086"
"702129","1","-0.032","0.372","0.136"
"702136","1","-0.007","0.401","0.143"
"702138","2","-0.085","0.027","-0.083"
"702138","1","-0.011","0.470","0.100"
"702143","1","-0.010","0.520","0.033"
"702144","2","-0.095","0.027","-0.080"
"702148","1","0.033","0.557","-0.014"
"702149","2","-0.099","0.026","-0.070"
"702153","2","-0.098","0.027","-0.057"
"702154","1","0.078","0.569","0.007"
"702158","2","-0.082","0.031","-0.042"
"702164","2","-0.055","0.036","-0.030"
"702164","1","0.071","0.441","0.019"
"702169","2","-0.020","0.039","-0.022"
"702169","1","0.073","0.368","-0.019"
"702174","1","0.073","0.283","-0.070"
"702174","2","0.016","0.036","-0.016"
"702179","2","0.045","0.031","-0.011"
"702181","1","0.059","0.213","-0.073"
"702184","2","0.067","0.025","-0.006"
"702185","1","-0.005","0.147","-0.036"
"702190","1","-0.065","0.124","-0.030"
"702194","2","0.081","0.026","-0.004"
"702195","1","-0.083","0.145","-0.014"
"702199","2","0.082","0.026","-0.009"
"702200","1","-0.106","0.171","-0.052"
"702204","2","0.084","0.028","-0.012"
"702205","1","-0.137","0.201","-0.087"
"702209","2","0.078","0.031","-0.012"
"702209","1","-0.153","0.225","-0.076"
"702214","1","-0.169","0.212","-0.084"
"702219","1","-0.155","0.167","-0.051"
"702219","2","0.062","0.033","-0.021"
"702224","2","0.054","0.037","-0.023"
"702225","1","-0.111","0.130","-0.026"
"702229","2","0.050","0.041","-0.024"
"702230","1","-0.061","0.096","-0.052"
"702235","2","0.053","0.043","-0.021"
"702235","1","0.009","0.095","-0.127"
"702239","2","0.064","0.048","-0.012"
"702240","1","0.049","0.103","-0.175"
"702247","1","0.084","0.132","-0.143"
"702249","1","0.123","0.191","-0.166"
"702251","2","0.080","0.060","0.001"
"702255","1","0.103","0.217","-0.163"
"702255","2","0.089","0.069","0.005"
"702260","2","0.092","0.077","0.008"
"702260","1","0.091","0.188","-0.142"
"702265","2","0.088","0.087","0.007"
"702265","1","0.112","0.184","-0.143"
"702270","1","0.096","0.221","-0.205"
"702275","1","0.101","0.260","-0.224"
"702276","2","0.083","0.100","0.013"
"702280","2","0.088","0.109","0.021"
"702281","1","0.128","0.278","-0.252"
"702285","1","0.145","0.260","-0.252"
"702285","2","0.096","0.116","0.039"
"702291","1","0.137","0.228","-0.210"
"702292","2","0.111","0.121","0.052"
"702295","2","0.122","0.127","0.067"
"702296","1","0.104","0.201","-0.145"
"702303","1","0.080","0.179","-0.105"
"702305","2","0.118","0.141","0.070"
"702306","1","0.051","0.176","-0.052"
"702310","2","0.100","0.150","0.073"
"702311","1","0.042","0.214","-0.005"
"702315","2","0.082","0.161","0.081"
"702316","1","0.067","0.276","0.036"
"702320","2","0.059","0.170","0.093"
"702321","1","0.063","0.348","0.109"
"702325","2","0.036","0.185","0.104"
"702330","2","0.015","0.192","0.117"
"702331","1","0.015","0.491","0.071"
"702335","2","-0.009","0.195","0.133"
"702336","1","-0.015","0.497","0.097"
"702341","2","-0.028","0.199","0.148"
"702341","1","-0.018","0.511","0.097"
"702346","2","-0.041","0.204","0.166"
"702346","1","0.006","0.528","0.150"
"702351","1","0.007","0.635","0.129"
"702351","2","-0.053","0.213","0.183"
"702358","2","-0.068","0.224","0.214"
"702361","2","-0.086","0.224","0.214"
"702362","1","-0.062","0.653","-0.007"
"702366","2","-0.105","0.215","0.224"
"702367","1","-0.104","0.540","0.009"
"702371","2","-0.120","0.208","0.233"
"702372","1","-0.153","0.361","0.091"
"702376","2","-0.122","0.204","0.237"
"702377","1","-0.180","0.200","0.157"
"702381","1","-0.181","0.037","0.237"
"702386","2","-0.074","0.189","0.254"
"702387","1","-0.174","-0.188","0.361"
"702391","2","-0.054","0.186","0.253"
"702392","1","-0.180","-0.353","0.396"
"702396","1","-0.171","-0.399","0.263"
"702396","2","-0.041","0.179","0.249"
"702403","2","-0.040","0.176","0.244"
"702403","1","-0.164","-0.393","0.085"
"702407","2","-0.057","0.177","0.235"
"702407","1","-0.124","-0.323","-0.070"
"702414","1","-0.092","-0.171","-0.181"
"702416","2","-0.130","0.194","0.213"
"702417","1","-0.079","-0.055","-0.226"
"702421","1","-0.092","-0.097","-0.176"
"702422","2","-0.177","0.208","0.204"
"702426","1","-0.090","-0.188","-0.176"
"702427","2","-0.223","0.221","0.191"
"702432","2","-0.253","0.230","0.178"
"702432","1","-0.099","-0.287","-0.223"
"702437","1","-0.127","-0.450","-0.244"
"702443","2","-0.254","0.237","0.153"
"702443","1","-0.177","-0.695","-0.219"
"702448","2","-0.234","0.232","0.137"
"702449","1","-0.197","-0.890","-0.218"
"702452","2","-0.200","0.223","0.118"
"702452","1","-0.234","-1.076","-0.217"
"702457","2","-0.151","0.209","0.106"
"702457","1","-0.223","-1.214","-0.188"
"702462","2","-0.095","0.198","0.101"
"702462","1","-0.194","-1.282","-0.086"
"702467","1","-0.198","-1.262","0.028"
"702472","2","0.004","0.175","0.085"
"702473","1","-0.199","-1.242","0.108"
"702477","2","0.029","0.167","0.069"
"702478","1","-0.183","-1.209","0.291"
"702482","2","0.033","0.162","0.053"
"702483","1","-0.202","-1.078","0.452"
"702487","2","0.021","0.154","0.033"
"702488","1","-0.185","-0.847","0.457"
"702492","2","-0.003","0.147","0.010"
"702497","2","-0.039","0.145","-0.009"
"702498","1","-0.190","-0.354","0.688"
"702502","2","-0.088","0.139","-0.025"
"702503","1","-0.200","-0.177","0.826"
"702507","2","-0.131","0.126","-0.039"
"702508","1","-0.229","-0.020","0.859"
"702512","2","-0.159","0.109","-0.048"
"702514","1","-0.254","-0.009","0.783"
"702517","2","-0.176","0.083","-0.051"
"702518","1","-0.280","-0.127","0.809"
"702525","2","-0.173","0.051","-0.055"
"702528","2","-0.151","0.026","-0.055"
"702528","1","-0.198","-0.249","0.713"
"702533","2","-0.108","0.010","-0.050"
"702534","1","-0.091","-0.182","0.540"
"702538","2","-0.066","-0.005","-0.041"
"702538","1","-0.047","-0.083","0.404"
"702543","1","0.036","-0.040","0.253"
"702543","2","-0.039","-0.015","-0.036"
"702548","2","-0.026","-0.015","-0.030"
"702554","2","-0.014","-0.009","-0.023"
"702555","1","0.188","0.130","0.003"
"702558","2","-0.006","0.004","-0.012"
"702561","1","0.246","0.212","-0.107"
"702565","2","-0.013","0.024","-0.007"
"702566","1","0.278","0.187","-0.067"
"702569","2","-0.022","0.041","-0.006"
"702569","1","0.262","0.192","-0.000"
"702573","1","0.219","0.273","0.008"
"702574","2","-0.030","0.056","0.002"
"702579","2","-0.041","0.070","0.011"
"702583","2","-0.057","0.079","0.011"
"702584","1","0.095","0.290","0.007"
"702588","1","0.062","0.374","-0.136"
"702589","2","-0.070","0.079","0.007"
"702593","1","0.083","0.303","-0.108"
"702594","2","-0.083","0.079","0.007"
"702598","1","0.056","0.155","-0.061"
"702599","2","-0.107","0.075","0.008"
"702603","1","0.092","-0.002","-0.155"
"702609","1","0.134","-0.073","-0.102"
"702609","2","-0.120","0.067","0.013"
"702614","2","-0.101","0.070","0.018"
"702614","1","0.186","-0.160","0.094"
"702620","2","-0.079","0.075","0.024"
"702620","1","0.163","-0.166","0.153"
"702624","2","-0.057","0.077","0.023"
"702625","1","0.102","-0.151","0.121"
"702629","2","-0.035","0.078","0.015"
"702631","1","0.067","-0.080","0.135"
"702634","1","0.048","-0.009","0.144"
"702639","2","-0.021","0.066","0.010"
"702639","1","-0.009","0.034","0.154"
"702644","2","-0.032","0.060","0.010"
"702645","1","-0.021","0.057","0.211"
"702649","1","-0.042","0.030","0.248"
"702649","2","-0.042","0.049","0.010"
"702654","1","-0.039","0.027","0.134"
"702654","2","-0.050","0.042","0.003"
"702659","1","-0.054","0.069","0.015"
"702665","2","-0.042","0.034","-0.008"
"702666","1","-0.036","0.098","-0.073"
"702669","1","0.016","0.117","-0.044"
"702670","2","-0.028","0.032","-0.008"
"702674","1","0.019","0.152","-0.090"
"702674","2","-0.020","0.032","-0.009"
"702679","2","-0.022","0.035","-0.009"
"702680","1","0.011","0.250","-0.158"
"702685","1","0.020","0.325","-0.257"
"702685","2","-0.028","0.041","-0.010"
"702690","1","0.031","0.310","-0.236"
"702695","2","-0.028","0.053","0.002"
"702695","1","0.032","0.295","-0.288"
"702699","2","-0.020","0.058","0.010"
"702700","1","-0.007","0.260","-0.315"
"702705","2","-0.008","0.064","0.013"
"702705","1","0.006","0.206","-0.267"
"702709","1","0.015","0.089","-0.222"
"702710","2","0.002","0.068","0.008"
"702715","2","0.006","0.070","0.002"
"702720","2","0.001","0.074","-0.008"
"702720","1","-0.047","-0.099","-0.147"
"702725","2","0.001","0.072","-0.017"
"702726","1","-0.055","-0.159","-0.161"
"702730","2","0.007","0.071","-0.023"
"702730","1","-0.057","-0.218","-0.131"
"702735","2","0.019","0.069","-0.028"
"702736","1","-0.060","-0.258","-0.152"
"702740","2","0.029","0.065","-0.035"
"702740","1","-0.054","-0.357","-0.082"
"702745","1","-0.085","-0.404","0.000"
"702750","2","0.021","0.052","-0.067"
"702751","1","-0.084","-0.374","0.025"
"702755","1","-0.076","-0.354","0.033"
"702756","2","0.010","0.047","-0.078"
"702760","1","-0.089","-0.346","0.061"
"702761","2","-0.008","0.039","-0.085"
"702765","2","-0.027","0.034","-0.097"
"702766","1","-0.095","-0.336","0.012"
"702770","1","-0.121","-0.326","-0.064"
"702775","2","-0.066","0.024","-0.135"
"702776","1","-0.101","-0.352","-0.125"
"702780","2","-0.089","0.010","-0.154"
"702781","1","-0.100","-0.397","-0.209"
"702785","1","-0.119","-0.450","-0.269"
"702786","2","-0.114","-0.008","-0.178"
"702790","1","-0.116","-0.531","-0.282"
"702791","2","-0.131","-0.024","-0.197"
"702795","1","-0.101","-0.638","-0.177"
"702796","2","-0.142","-0.038","-0.210"
"702801","2","-0.138","-0.045","-0.224"
"702806","2","-0.120","-0.053","-0.233"
"702806","1","-0.101","-0.890","0.020"
"702811","1","-0.114","-0.906","0.002"
"702812","2","-0.088","-0.062","-0.245"
"702816","2","-0.041","-0.073","-0.251"
"702816","1","-0.116","-0.797","-0.108"
"702821","1","-0.137","-0.700","-0.109"
"702822","2","0.011","-0.083","-0.255"
"702826","1","-0.131","-0.565","-0.061"
"702831","2","0.086","-0.102","-0.251"
"702831","1","-0.165","-0.391","-0.091"
"702836","2","0.115","-0.104","-0.248"
"702837","1","-0.135","-0.234","-0.075"
"702841","2","0.130","-0.104","-0.242"
"702842","1","-0.064","-0.036","0.027"
"702846","1","-0.013","0.088","0.135"
"702847","2","0.134","-0.094","-0.235"
"702851","1","0.009","0.148","0.100"
"702852","2","0.123","-0.078","-0.229"
"702856","1","0.000","0.212","0.016"
"702862","2","0.043","-0.038","-0.223"
"702863","1","0.035","0.301","-0.059"
"702866","2","-0.019","-0.021","-0.216"
"702867","1","0.038","0.333","-0.087"
"702871","1","0.047","0.281","-0.050"
"702872","2","-0.081","-0.004","-0.212"
"702876","1","0.036","0.184","-0.013"
"702877","2","-0.143","0.010","-0.210"
"702882","2","-0.193","0.017","-0.216"
"702886","2","-0.225","0.021","-0.221"
"702887","1","0.012","0.019","-0.106"
"702892","1","0.009","-0.119","-0.141"
"702892","2","-0.240","0.019","-0.225"
"702896","1","0.041","-0.265","-0.167"
"702897","2","-0.241","0.016","-0.230"
"702901","1","0.073","-0.390","-0.211"
"702902","2","-0.236","0.013","-0.234"
"702906","1","0.056","-0.549","-0.319"
"702907","2","-0.217","0.006","-0.235"
"702912","1","0.024","-0.751","-0.364"
"702917","2","-0.153","-0.012","-0.251"
"702918","1","-0.010","-0.964","-0.319"
"702922","2","-0.117","-0.027","-0.267"
"702923","1","-0.026","-1.096","-0.262"
"702927","2","-0.068","-0.046","-0.281"
"702928","1","-0.036","-1.160","-0.222"
"702932","1","-0.045","-1.217","-0.111"
"702932","2","-0.010","-0.066","-0.293"
"702937","1","-0.041","-1.226","0.096"
"702943","1","-0.040","-1.107","0.345"
"702943","2","0.082","-0.094","-0.308"
"702947","1","-0.044","-0.872","0.558"
"702948","2","0.114","-0.096","-0.316"
"702952","1","-0.082","-0.627","0.718"
"702953","2","0.136","-0.090","-0.325"
"702958","2","0.131","-0.085","-0.333"
"702958","1","-0.133","-0.381","0.817"
"702963","2","0.103","-0.083","-0.346"
"702963","1","-0.142","-0.134","0.875"
"702968","1","-0.145","0.115","0.909"
"702972","2","0.004","-0.091","-0.352"
"702973","1","-0.109","0.337","0.905"
"702978","2","-0.047","-0.102","-0.343"
"702978","1","-0.044","0.534","0.829"
"702982","2","-0.099","-0.115","-0.327"
"702983","1","0.020","0.708","0.755"
"702987","1","0.087","0.808","0.682"
"702988","2","-0.150","-0.132","-0.315"
"702992","1","0.164","0.881","0.599"
"702998","1","0.241","0.966","0.489"
"702998","2","-0.226","-0.151","-0.296"
"703003","2","-0.241","-0.155","-0.286"
"703003","1","0.303","0.994","0.367"
"703008","1","0.353","0.933","0.263"
"703008","2","-0.242","-0.153","-0.273"
"703014","2","-0.233","-0.150","-0.260"
"703015","1","0.389","0.791","0.164"
"703018","1","0.376","0.609","0.095"
"703019","2","-0.214","-0.145","-0.244"
"703023","1","0.339","0.487","0.046"
"703028","2","-0.147","-0.149","-0.206"
"703029","1","0.303","0.448","-0.011"
"703033","2","-0.110","-0.153","-0.187"
"703034","1","0.263","0.458","0.007"
"703038","2","-0.083","-0.157","-0.170"
"703038","1","0.227","0.546","0.038"
"703043","2","-0.075","-0.158","-0.161"
"703044","1","0.178","0.672","0.062"
"703048","1","0.085","0.775","0.062"
"703054","2","-0.105","-0.143","-0.159"
"703055","1","0.013","0.860","0.055"
"703058","1","-0.034","0.891","0.039"
"703059","2","-0.132","-0.137","-0.156"
"703064","2","-0.160","-0.132","-0.150"
"703064","1","-0.076","0.846","-0.009"
"703069","2","-0.178","-0.130","-0.148"
"703074","1","-0.064","0.803","-0.240"
"703074","2","-0.176","-0.129","-0.148"
"703079","1","-0.030","0.752","-0.283"
"703085","1","-0.001","0.658","-0.273"
"703086","2","-0.133","-0.123","-0.119"
"703090","2","-0.108","-0.110","-0.099"
"703094","1","0.018","0.616","-0.279"
"703095","2","-0.082","-0.094","-0.083"
"703096","1","-0.021","0.670","-0.296"
"703098","2","-0.056","-0.079","-0.066"
"703099","1","-0.052","0.742","-0.300"
"703104","1","-0.058","0.740","-0.285"
"703104","2","-0.038","-0.065","-0.047"
"703112","2","-0.034","-0.056","-0.036"
"703114","2","-0.047","-0.047","-0.033"
"703114","1","-0.169","0.655","-0.245"
"703119","2","-0.056","-0.034","-0.032"
"703120","1","-0.198","0.649","-0.252"
"703124","1","-0.218","0.661","-0.266"
"703125","2","-0.057","-0.026","-0.033"
"703129","2","-0.052","-0.021","-0.031"
"703130","1","-0.204","0.629","-0.273"
"703134","2","-0.048","-0.018","-0.033"
"703139","2","-0.050","-0.013","-0.041"
"703139","1","-0.172","0.455","-0.222"
"703145","2","-0.053","-0.009","-0.048"
"703145","1","-0.177","0.448","-0.192"
"703149","2","-0.049","-0.002","-0.052"
"703150","1","-0.172","0.484","-0.167"
"703154","1","-0.152","0.505","-0.217"
"703155","2","-0.042","0.004","-0.047"
"703159","1","-0.138","0.478","-0.331"
"703160","2","-0.032","0.004","-0.041"
"703165","2","-0.017","0.001","-0.040"
"703170","1","-0.066","0.312","-0.443"
"703170","2","0.003","0.001","-0.039"
"703175","2","0.028","0.002","-0.038"
"703175","1","-0.074","0.255","-0.461"
"703181","2","0.056","0.003","-0.029"
"703181","1","-0.066","0.254","-0.447"
"703185","2","0.092","0.006","-0.018"
"703185","1","-0.023","0.299","-0.391"
"703190","2","0.127","0.010","-0.007"
"703195","2","0.146","0.021","-0.000"
"703196","1","0.007","0.401","-0.203"
"703201","2","0.154","0.039","0.005"
"703202","1","0.030","0.558","-0.191"
"703205","2","0.153","0.052","0.013"
"703206","1","0.039","0.709","-0.223"
"703210","2","0.139","0.066","0.025"
"703211","1","0.032","0.769","-0.225"
"703215","2","0.119","0.076","0.030"
"703216","1","0.007","0.774","-0.179"
"703220","1","-0.020","0.758","-0.151"
"703225","2","0.094","0.088","0.049"
"703226","1","-0.032","0.712","-0.171"
"703230","2","0.095","0.090","0.067"
"703231","1","-0.043","0.674","-0.160"
"703235","2","0.103","0.095","0.086"
"703236","1","-0.055","0.672","-0.090"
"703240","1","-0.050","0.699","-0.011"
"703241","2","0.106","0.102","0.102"
"703245","1","-0.043","0.718","0.022"
"703250","2","0.106","0.116","0.131"
"703251","1","-0.032","0.699","0.046"
"703256","2","0.100","0.117","0.143"
"703256","1","-0.008","0.618","0.070"
"703261","2","0.097","0.121","0.155"
"703261","1","0.032","0.517","0.101"
"703266","2","0.098","0.127","0.171"
"703266","1","0.078","0.400","0.175"
"703271","2","0.098","0.133","0.181"
"703271","1","0.100","0.206","0.265"
"703278","1","0.073","-0.008","0.323"
"703281","2","0.098","0.140","0.178"
"703282","1","0.033","-0.191","0.347"
"703286","2","0.102","0.132","0.168"
"703287","1","0.042","-0.357","0.362"
"703291","2","0.112","0.124","0.155"
"703292","1","0.096","-0.507","0.377"
"703296","1","0.144","-0.594","0.420"
"703297","2","0.122","0.118","0.140"
"703301","2","0.132","0.122","0.126"
"703306","2","0.139","0.128","0.116"
"703307","1","0.208","-0.656","0.529"
"703311","2","0.148","0.132","0.107"
"703312","1","0.211","-0.645","0.511"
"703316","2","0.157","0.133","0.103"
"703317","1","0.202","-0.657","0.487"
"703321","2","0.163","0.129","0.106"
"703322","1","0.174","-0.652","0.505"
"703326","1","0.146","-0.550","0.474"
"703327","2","0.162","0.122","0.118"
"703332","1","0.134","-0.398","0.416"
"703336","2","0.124","0.117","0.159"
"703337","1","0.143","-0.173","0.339"
"703342","1","0.155","0.156","0.236"
"703342","2","0.088","0.117","0.182"
"703347","2","0.045","0.127","0.208"
"703347","1","0.193","0.483","0.154"
"703354","2","0.001","0.138","0.229"
"703354","1","0.202","0.705","0.140"
"703357","2","-0.038","0.151","0.237"
"703362","2","-0.070","0.159","0.246"
"703363","1","0.153","0.736","0.021"
"703367","2","-0.087","0.163","0.257"
"703367","1","0.147","0.577","-0.057"
"703372","2","-0.083","0.164","0.273"
"703373","1","0.145","0.410","-0.140"
"703377","2","-0.057","0.165","0.300"
"703378","1","0.189","0.347","-0.202"
"703382","2","-0.024","0.172","0.335"
"703383","1","0.229","0.341","-0.176"
"703388","1","0.220","0.304","-0.105"
"703392","2","-0.006","0.199","0.382"
"703393","1","0.212","0.270","-0.035"
"703397","2","-0.036","0.213","0.393"
"703398","1","0.177","0.307","-0.020"
"703403","1","0.137","0.382","-0.042"
"703404","2","-0.079","0.222","0.399"
"703407","2","-0.124","0.228","0.398"
"703408","1","0.118","0.428","-0.011"
"703413","2","-0.160","0.232","0.385"
"703417","2","-0.175","0.230","0.367"
"703418","1","0.017","0.204","0.010"
"703423","2","-0.172","0.222","0.341"
"703423","1","-0.045","-0.114","-0.058"
"703428","2","-0.142","0.212","0.318"
"703428","1","-0.094","-0.474","-0.083"
"703433","2","-0.086","0.196","0.303"
"703433","1","-0.135","-0.750","-0.069"
"703438","2","-0.015","0.180","0.295"
"703438","1","-0.186","-0.922","0.011"
"703443","1","-0.240","-0.983","0.088"
"703448","2","0.107","0.142","0.272"
"703449","1","-0.262","-0.909","0.077"
"703453","1","-0.261","-0.802","0.096"
"703454","2","0.139","0.120","0.255"
"703458","2","0.144","0.104","0.232"
"703458","1","-0.272","-0.709","0.152"
"703463","2","0.132","0.093","0.206"
"703463","1","-0.270","-0.645","0.211"
"703468","2","0.113","0.084","0.178"
"703473","2","0.104","0.079","0.158"
"703474","1","-0.210","-0.652","0.157"
"703478","2","0.102","0.078","0.140"
"703479","1","-0.170","-0.722","0.202"
"703483","1","-0.172","-0.826","0.194"
"703484","2","0.101","0.076","0.126"
"703488","2","0.099","0.076","0.110"
"703488","1","-0.180","-0.867","0.133"
"703494","2","0.094","0.076","0.096"
"703494","1","-0.208","-0.829","0.096"
"703501","1","-0.247","-0.777","0.091"
"703503","2","0.072","0.070","0.072"
"703504","1","-0.275","-0.733","0.114"
"703508","2","0.060","0.065","0.052"
"703509","1","-0.285","-0.729","0.168"
"703514","2","0.045","0.061","0.031"
"703514","1","-0.297","-0.740","0.171"
"703519","2","0.035","0.050","0.005"
"703519","1","-0.325","-0.770","0.190"
"703524","1","-0.311","-0.780","0.178"
"703530","2","0.024","0.027","-0.025"
"703530","1","-0.298","-0.787","0.202"
"703534","2","0.021","0.014","-0.041"
"703534","1","-0.284","-0.809","0.204"
"703539","1","-0.268","-0.821","0.209"
"703539","2","0.016","-0.003","-0.058"
"703544","2","0.014","-0.018","-0.072"
"703544","1","-0.267","-0.830","0.223"
"703549","1","-0.261","-0.809","0.232"
"703549","2","0.011","-0.027","-0.086"
"703554","2","0.006","-0.037","-0.103"
"703559","2","-0.005","-0.047","-0.119"
"703559","1","-0.283","-0.697","0.166"
"703564","2","-0.019","-0.056","-0.128"
"703565","1","-0.274","-0.601","0.095"
"703569","2","-0.028","-0.063","-0.139"
"703569","1","-0.291","-0.520","0.004"
"703574","2","-0.035","-0.069","-0.154"
"703575","1","-0.301","-0.513","-0.030"
"703579","2","-0.047","-0.076","-0.165"
"703588","1","-0.217","-0.575","-0.205"
"703590","2","-0.067","-0.098","-0.168"
"703591","1","-0.118","-0.505","-0.324"
"703594","1","-0.019","-0.445","-0.362"
"703595","2","-0.073","-0.104","-0.153"
"703599","2","-0.079","-0.110","-0.142"
"703605","1","0.084","-0.244","-0.176"
"703606","2","-0.083","-0.111","-0.131"
"703606","1","0.166","-0.244","-0.176"
"703609","1","0.255","-0.034","-0.082"
"703615","2","-0.063","-0.107","-0.103"
"703616","1","0.348","0.196","0.044"
"703620","2","-0.034","-0.097","-0.100"
"703621","1","0.360","0.270","0.178"
"703627","2","-0.004","-0.083","-0.118"
"703630","1","0.190","-0.037","0.536"
"703631","2","0.026","-0.070","-0.152"
"703635","2","0.051","-0.063","-0.186"
"703635","1","0.050","-0.387","0.680"
"703639","2","0.074","-0.073","-0.214"
"703645","2","0.093","-0.095","-0.229"
"703645","1","-0.102","-0.933","0.899"
"703650","2","0.105","-0.125","-0.228"
"703651","1","-0.145","-0.934","0.908"
"703655","1","-0.182","-0.722","0.794"
"703660","2","0.105","-0.190","-0.218"
"703660","1","-0.184","-0.462","0.775"
"703661","2","0.084","-0.190","-0.218"
"703665","1","-0.187","-0.217","0.718"
"703665","2","0.037","-0.218","-0.228"
"703670","1","-0.198","0.003","0.652"
"703675","2","-0.065","-0.238","-0.256"
"703676","1","-0.162","0.150","0.560"
"703680","2","-0.103","-0.234","-0.260"
"703681","1","-0.136","0.207","0.422"
"703686","1","-0.117","0.129","0.254"
"703686","2","-0.121","-0.231","-0.264"
"703690","2","-0.120","-0.235","-0.270"
"703691","1","-0.076","0.003","0.098"
"703697","2","-0.097","-0.245","-0.274"
"703702","2","-0.065","-0.257","-0.265"
"703702","1","-0.074","-0.097","-0.029"
"703706","2","-0.039","-0.270","-0.250"
"703706","1","-0.045","-0.043","0.015"
"703711","2","-0.032","-0.273","-0.233"
"703711","1","-0.005","0.089","0.083"
"703716","2","-0.034","-0.263","-0.215"
"703716","1","0.073","0.398","0.084"
"703721","2","-0.046","-0.238","-0.198"
"703721","1","0.162","0.706","0.098"
"703726","1","0.210","0.918","0.094"
"703731","2","-0.102","-0.174","-0.189"
"703732","1","0.223","1.038","0.020"
"703737","2","-0.126","-0.146","-0.178"
"703737","1","0.252","1.137","-0.048"
"703741","2","-0.140","-0.131","-0.161"
"703742","1","0.247","1.178","-0.048"
"703746","2","-0.146","-0.127","-0.131"
"703746","1","0.237","1.205","0.042"
"703751","2","-0.135","-0.133","-0.104"
"703757","2","-0.105","-0.143","-0.069"
"703758","1","0.175","1.143","-0.011"
"703761","2","-0.061","-0.148","-0.035"
"703762","1","0.196","1.178","-0.063"
"703766","2","-0.023","-0.150","-0.005"
"703767","1","0.221","1.185","-0.113"
"703771","2","0.000","-0.144","0.019"
"703772","1","0.229","1.201","-0.188"
"703776","2","0.003","-0.127","0.041"
"703777","1","0.285","1.261","-0.227"
"703782","1","0.320","1.392","-0.256"
"703786","2","-0.018","-0.086","0.085"
"703787","1","0.304","1.444","-0.283"
"703791","2","-0.030","-0.065","0.099"
"703792","1","0.263","1.384","-0.230"
"703796","2","-0.041","-0.045","0.107"
"703797","1","0.194","1.281","-0.188"
"703803","2","-0.058","-0.030","0.107"
"703804","1","0.112","1.064","-0.200"
"703806","2","-0.075","-0.024","0.101"
"703814","2","-0.094","-0.029","0.095"
"703814","1","0.031","0.552","-0.222"
"703817","2","-0.104","-0.033","0.097"
"703817","1","0.046","0.478","-0.215"
"703822","2","-0.101","-0.032","0.096"
"703822","1","0.135","0.362","-0.190"
"703827","2","-0.089","-0.028","0.088"
"703827","1","0.186","0.212","-0.135"
"703832","2","-0.067","-0.021","0.077"
"703832","1","0.253","0.143","-0.108"
"703837","1","0.309","0.068","-0.140"
"703843","2","-0.003","-0.010","0.077"
"703844","1","0.364","0.084","-0.218"
"703848","2","0.034","-0.013","0.081"
"703849","1","0.281","0.091","-0.220"
"703852","2","0.074","-0.016","0.093"
"703853","1","0.228","0.125","-0.182"
"703857","2","0.102","-0.027","0.106"
"703858","1","0.184","0.253","-0.079"
"703862","2","0.127","-0.040","0.118"
"703867","2","0.147","-0.054","0.129"
"703868","1","0.088","0.551","0.122"
"703872","2","0.155","-0.066","0.137"
"703873","1","0.040","0.658","0.166"
"703877","2","0.149","-0.079","0.148"
"703878","1","0.036","0.733","0.142"
"703882","2","0.137","-0.089","0.160"
"703883","1","0.053","0.731","0.080"
"703889","2","0.120","-0.097","0.171"
"703889","1","0.051","0.646","0.086"
"703895","1","0.054","0.549","0.143"
"703898","2","0.090","-0.105","0.191"
"703898","1","0.098","0.432","0.211"
"703903","2","0.084","-0.104","0.202"
"703903","1","0.127","0.322","0.185"
"703908","2","0.086","-0.100","0.205"
"703908","1","0.091","0.211","0.094"
"703913","2","0.090","-0.098","0.203"
"703913","1","0.040","0.080","0.050"
"703918","2","0.086","-0.096","0.203"
"703923","2","0.075","-0.091","0.200"
"703924","1","0.006","-0.071","-0.008"
"703928","2","0.061","-0.086","0.198"
"703929","1","-0.004","-0.139","-0.062"
"703933","2","0.045","-0.080","0.195"
"703934","1","-0.044","-0.226","-0.095"
"703938","2","0.033","-0.076","0.194"
"703938","1","-0.077","-0.327","-0.187"
"703943","2","0.025","-0.079","0.189"
"703944","1","-0.069","-0.436","-0.262"
"703950","1","-0.044","-0.499","-0.324"
"703954","2","0.047","-0.083","0.194"
"703954","1","-0.025","-0.539","-0.227"
"703960","1","-0.021","-0.549","-0.115"
"703960","2","0.068","-0.079","0.191"
"703963","2","0.081","-0.073","0.184"
"703964","1","-0.006","-0.479","-0.076"
"703968","2","0.080","-0.065","0.179"
"703969","1","0.028","-0.283","-0.088"
"703974","1","0.061","-0.065","-0.101"
"703978","2","0.048","-0.053","0.184"
"703979","1","0.080","0.084","-0.051"
"703984","2","0.011","-0.048","0.195"
"703985","1","0.062","0.130","-0.060"
"703989","1","0.003","0.049","-0.104"
"703989","2","-0.034","-0.043","0.191"
"703993","1","-0.091","-0.056","-0.086"
"703994","2","-0.070","-0.040","0.181"
"703999","2","-0.091","-0.042","0.178"
"703999","1","-0.106","-0.181","-0.058"
"704007","2","-0.088","-0.045","0.177"
"704009","1","-0.237","-0.433","0.105"
"704010","2","-0.071","-0.052","0.175"
"704014","2","-0.052","-0.059","0.174"
"704014","1","-0.274","-0.500","0.206"
"704019","2","-0.034","-0.072","0.169"
"704019","1","-0.327","-0.507","0.214"
"704024","1","-0.346","-0.525","0.170"
"704024","2","-0.017","-0.087","0.160"
"704029","2","-0.010","-0.097","0.155"
"704034","2","-0.010","-0.105","0.148"
"704034","1","-0.375","-0.462","0.092"
"704039","2","-0.015","-0.106","0.139"
"704040","1","-0.376","-0.413","0.026"
"704044","2","-0.026","-0.105","0.129"
"704045","1","-0.351","-0.372","-0.047"
"704050","2","-0.040","-0.100","0.120"
"704050","1","-0.323","-0.349","-0.089"
"704055","2","-0.056","-0.094","0.121"
"704055","1","-0.309","-0.355","-0.117"
"704059","1","-0.298","-0.351","-0.278"
"704066","2","-0.095","-0.068","0.097"
"704067","1","-0.299","-0.282","-0.503"
"704071","2","-0.105","-0.053","0.085"
"704071","1","-0.290","-0.253","-0.659"
"704075","2","-0.109","-0.044","0.086"
"704075","1","-0.280","-0.268","-0.707"
"704080","1","-0.242","-0.309","-0.683"
"704080","2","-0.114","-0.035","0.093"
"704085","2","-0.114","-0.026","0.099"
"704090","2","-0.103","-0.022","0.102"
"704091","1","-0.185","-0.317","-0.687"
"704095","1","-0.144","-0.271","-0.732"
"704095","2","-0.085","-0.015","0.106"
"704099","2","-0.058","-0.005","0.108"
"704100","1","-0.089","-0.262","-0.666"
"704105","2","-0.042","0.006","0.110"
"704106","1","-0.063","-0.220","-0.554"
"704110","2","-0.040","0.017","0.109"
"704110","1","-0.063","-0.211","-0.429"
"704125","1","-0.124","-0.163","-0.157"
"704126","2","-0.036","0.048","0.094"
"704130","2","-0.030","0.053","0.090"
"704131","1","-0.138","-0.164","0.044"
"704136","2","-0.022","0.055","0.086"
"704137","1","-0.150","-0.163","0.155"
"704141","2","-0.016","0.052","0.078"
"704141","1","-0.162","-0.102","0.161"
"704145","2","-0.011","0.041","0.074"
"704146","1","-0.181","-0.027","0.148"
"704151","1","-0.149","0.065","0.113"
"704155","2","-0.035","0.007","0.073"
"704156","1","-0.139","0.149","0.085"
"704162","2","-0.044","-0.006","0.070"
"704163","1","-0.107","0.146","0.085"
"704166","1","-0.077","0.084","0.048"
"704166","2","-0.055","-0.014","0.069"
"704170","1","-0.007","0.059","0.017"
"704171","2","-0.058","-0.021","0.061"
"704176","2","-0.049","-0.027","0.058"
"704181","2","-0.029","-0.029","0.061"
"704182","1","0.089","-0.108","-0.152"
"704186","2","-0.004","-0.030","0.065"
"704187","1","0.076","-0.219","-0.234"
"704191","1","0.096","-0.254","-0.247"
"704192","2","0.011","-0.031","0.061"
"704196","1","0.097","-0.212","-0.226"
"704196","2","0.024","-0.025","0.052"
"704202","1","0.066","-0.038","-0.137"
"704203","2","0.034","-0.013","0.045"
"704206","2","0.052","-0.001","0.043"
"704211","1","0.015","-0.037","-0.125"
"704212","2","0.045","-0.001","0.048"
"704216","2","0.039","-0.001","0.045"
"704217","1","-0.003","0.009","-0.268"
"704221","1","0.010","0.089","-0.304"
"704221","2","0.032","-0.013","0.038"
"704226","2","0.021","-0.022","0.042"
"704227","1","0.013","0.143","-0.165"
"704231","2","0.002","-0.027","0.051"
"704236","2","-0.014","-0.027","0.051"
"704237","1","0.059","0.100","-0.121"
"704242","2","-0.022","-0.024","0.047"
"704243","1","0.051","0.048","-0.220"
"704247","1","0.061","-0.007","-0.274"
"704248","2","-0.025","-0.018","0.044"
"704251","1","0.080","-0.035","-0.300"
"704252","2","-0.020","-0.018","0.046"
"704257","2","-0.007","-0.017","0.051"
"704257","1","0.076","-0.082","-0.251"
"704264","2","0.010","-0.015","0.049"
"704267","2","0.017","-0.014","0.043"
"704267","1","0.048","-0.129","-0.043"
"704272","1","0.034","-0.080","0.046"
"704272","2","0.018","-0.013","0.041"
"704277","1","0.008","-0.029","0.047"
"704277","2","0.019","-0.013","0.043"
"704282","1","-0.012","0.009","-0.052"
"704283","2","0.012","-0.015","0.044"
"704287","2","0.003","-0.018","0.046"
"704295","2","-0.004","-0.018","0.045"
"704295","1","-0.018","0.020","-0.245"
"704297","2","-0.004","-0.019","0.045"
"704298","1","-0.008","-0.018","-0.266"
"704302","2","0.000","-0.016","0.048"
"704303","1","0.015","-0.121","-0.270"
"704307","2","-0.000","-0.013","0.047"
"704308","1","0.027","-0.281","-0.282"
"704312","2","0.004","-0.009","0.042"
"704313","1","0.022","-0.376","-0.297"
"704320","1","0.038","-0.379","-0.209"
"704322","2","0.033","0.003","0.029"
"704323","1","0.030","-0.373","-0.209"
"704327","1","-0.024","-0.342","-0.084"
"704328","2","0.034","0.011","0.023"
"704332","2","0.025","0.018","0.015"
"704333","1","-0.084","-0.283","-0.036"
"704337","2","0.009","0.023","0.004"
"704338","1","-0.114","-0.241","-0.041"
"704343","2","-0.006","0.022","-0.004"
"704348","2","-0.025","0.020","-0.012"
"704348","1","-0.158","-0.217","0.041"
"704353","2","-0.038","0.017","-0.019"
"704353","1","-0.156","-0.184","0.082"
"704358","2","-0.034","0.009","-0.022"
"704358","1","-0.139","-0.179","0.093"
"704363","1","-0.122","-0.232","0.093"
"704363","2","-0.032","-0.002","-0.028"
"704368","1","-0.102","-0.246","0.102"
"704368","2","-0.034","-0.017","-0.037"
"704376","1","-0.060","-0.200","0.016"
"704378","2","-0.030","-0.041","-0.048"
"704379","1","-0.009","-0.142","0.016"
"704384","2","-0.023","-0.046","-0.049"
"704385","1","0.014","-0.110","-0.024"
"704388","1","0.049","-0.095","-0.038"
"704389","2","-0.014","-0.049","-0.051"
"704393","1","0.100","-0.099","-0.074"
"704393","2","-0.004","-0.056","-0.050"
"704398","2","0.002","-0.066","-0.045"
"704404","2","0.010","-0.073","-0.053"
"704405","1","0.125","-0.194","-0.258"
"704408","1","0.111","-0.261","-0.394"
"704409","2","0.013","-0.094","-0.059"
"704414","2","0.009","-0.121","-0.061"
"704414","1","0.139","-0.259","-0.588"
"704419","2","0.004","-0.149","-0.066"
"704419","1","0.196","-0.264","-0.730"
"704423","2","0.003","-0.178","-0.069"
"704424","1","0.249","-0.254","-0.773"
"704429","2","0.013","-0.196","-0.066"
"704434","1","0.521","-0.068","-0.485"
"704434","2","0.047","-0.189","-0.056"
"704439","1","0.627","0.005","-0.101"
"704439","2","0.101","-0.153","-0.036"
"704444","2","0.139","-0.088","-0.024"
"704444","1","0.583","-0.045","0.056"
"704449","2","0.159","-0.019","-0.034"
"704449","1","0.440","-0.164","-0.142"
"704454","2","0.151","0.040","-0.057"
"704458","2","0.117","0.087","-0.083"
"704459","1","0.159","-0.317","-0.511"
"704464","2","0.071","0.112","-0.105"
"704465","1","-0.047","-0.340","-0.418"
"704469","1","-0.283","-0.357","-0.204"
"704470","2","0.040","0.121","-0.121"
"704474","2","0.020","0.116","-0.137"
"704475","1","-0.485","-0.446","0.024"
"704479","1","-0.623","-0.534","0.210"
"704479","2","0.014","0.089","-0.154"
"704484","1","-0.673","-0.558","0.346"
"704489","2","0.044","0.008","-0.177"
"704490","1","-0.655","-0.540","0.451"
"704494","2","0.065","-0.031","-0.180"
"704495","1","-0.612","-0.465","0.523"
"704499","2","0.084","-0.063","-0.187"
"704499","1","-0.561","-0.376","0.521"
"704504","1","-0.496","-0.292","0.503"
"704505","2","0.096","-0.088","-0.200"
"704509","2","0.098","-0.108","-0.210"
"704515","2","0.102","-0.121","-0.217"
"704516","1","-0.296","-0.024","0.541"
"704520","1","-0.211","0.091","0.602"
"704520","2","0.108","-0.131","-0.218"
"704524","1","-0.133","0.120","0.618"
"704525","2","0.118","-0.141","-0.220"
"704529","2","0.135","-0.143","-0.227"
"704530","1","-0.060","0.079","0.592"
"704534","1","-0.014","0.031","0.549"
"704535","2","0.148","-0.140","-0.231"
"704542","2","0.151","-0.133","-0.233"
"704546","2","0.152","-0.127","-0.226"
"704547","1","0.054","0.162","0.340"
"704550","2","0.145","-0.123","-0.217"
"704551","1","0.041","0.292","0.233"
"704555","2","0.130","-0.128","-0.207"
"704555","1","0.023","0.398","0.139"
"704560","2","0.110","-0.135","-0.199"
"704560","1","0.015","0.462","0.058"
"704565","1","0.039","0.469","0.003"
"704570","2","0.077","-0.146","-0.185"
"704571","1","0.065","0.410","-0.024"
"704575","2","0.073","-0.151","-0.181"
"704576","1","0.087","0.295","-0.042"
"704581","1","0.148","0.159","-0.129"
"704581","2","0.085","-0.151","-0.168"
"704585","2","0.108","-0.147","-0.162"
"704586","1","0.210","0.033","-0.175"
"704591","2","0.127","-0.143","-0.157"
"704591","1","0.222","-0.043","-0.101"
"704598","1","0.221","-0.022","-0.041"
"704600","2","0.133","-0.129","-0.153"
"704601","1","0.194","0.065","-0.031"
"704605","1","0.136","0.163","-0.020"
"704606","2","0.113","-0.119","-0.150"
"704610","1","0.080","0.227","0.000"
"704611","2","0.077","-0.107","-0.150"
"704616","1","0.061","0.272","-0.044"
"704616","2","0.042","-0.095","-0.152"
"704621","1","0.021","0.275","-0.172"
"704626","2","0.012","-0.095","-0.148"
"704627","1","-0.000","0.241","-0.275"
"704631","2","0.024","-0.105","-0.144"
"704632","1","0.023","0.186","-0.303"
"704638","1","0.055","0.108","-0.257"
"704639","2","0.049","-0.116","-0.136"
"704641","2","0.081","-0.124","-0.130"
"704641","1","0.117","0.056","-0.195"
"704646","2","0.116","-0.130","-0.128"
"704647","1","0.160","0.055","-0.163"
"704653","1","0.191","0.130","-0.159"
"704657","1","0.227","0.229","-0.104"
"704657","2","0.165","-0.123","-0.110"
"704661","1","0.235","0.357","-0.042"
"704662","2","0.173","-0.112","-0.102"
"704666","2","0.166","-0.096","-0.099"
"704667","1","0.209","0.481","-0.065"
"704671","2","0.146","-0.086","-0.097"
"704672","1","0.160","0.547","-0.040"
"704676","2","0.114","-0.073","-0.096"
"704682","1","0.110","0.595","0.011"
"704682","2","0.076","-0.063","-0.091"
"704686","2","0.039","-0.058","-0.086"
"704687","1","0.089","0.673","-0.022"
"704691","2","0.016","-0.054","-0.079"
"704692","1","0.062","0.696","-0.119"
"704696","2","0.004","-0.053","-0.073"
"704697","1","0.042","0.637","-0.167"
"704701","2","0.003","-0.052","-0.065"
"704702","1","0.018","0.553","-0.132"
"704707","1","0.002","0.499","-0.076"
"704712","2","0.009","-0.056","-0.049"
"704712","1","0.001","0.482","-0.032"
"704717","2","0.009","-0.052","-0.041"
"704717","1","-0.009","0.489","0.035"
"704722","2","0.007","-0.055","-0.039"
"704723","1","-0.004","0.503","0.094"
"704727","2","-0.002","-0.053","-0.038"
"704727","1","-0.008","0.507","0.089"
"704732","2","-0.007","-0.050","-0.032"
"704737","2","-0.002","-0.052","-0.021"
"704739","1","0.051","0.477","0.048"
"704742","2","0.011","-0.051","-0.008"
"704743","1","0.074","0.436","0.061"
"704747","1","0.065","0.381","0.081"
"704747","2","0.030","-0.050","-0.002"
"704752","2","0.058","-0.049","-0.001"
"704753","1","0.065","0.323","0.074"
"704757","2","0.088","-0.048","-0.001"
"704758","1","0.086","0.285","0.060"
"704763","1","0.130","0.254","0.031"
"704767","2","0.116","-0.048","0.008"
"704767","1","0.157","0.262","-0.022"
"704772","2","0.112","-0.045","0.016"
"704773","1","0.174","0.250","-0.090"
"704777","1","0.174","0.257","-0.095"
"704778","2","0.105","-0.039","0.014"
"704782","2","0.087","-0.033","0.012"
"704783","1","0.157","0.233","-0.072"
"704787","2","0.065","-0.025","0.007"
"704792","1","0.062","0.087","-0.051"
"704793","2","0.046","-0.018","0.002"
"704797","2","0.025","-0.015","-0.008"
"704798","1","-0.003","-0.022","-0.064"
"704803","2","0.006","-0.017","-0.019"
"704803","1","-0.063","-0.105","-0.040"
"704807","2","-0.004","-0.023","-0.024"
"704808","1","-0.092","-0.165","-0.027"
"704813","1","-0.096","-0.205","-0.045"
"704813","2","0.001","-0.027","-0.022"
"704818","2","0.014","-0.029","-0.024"
"704824","2","0.033","-0.029","-0.025"
"704824","1","-0.094","-0.276","-0.132"
"704828","2","0.052","-0.028","-0.023"
"704828","1","-0.080","-0.237","-0.169"
"704833","2","0.068","-0.030","-0.017"
"704833","1","-0.069","-0.173","-0.159"
"704838","2","0.080","-0.027","-0.007"
"704838","1","-0.060","-0.092","-0.087"
"704843","2","0.088","-0.018","0.002"
"704848","2","0.090","-0.013","0.005"
"704849","1","-0.018","0.033","-0.110"
"704853","1","0.019","0.103","-0.120"
"704854","2","0.085","-0.003","0.005"
"704858","1","0.028","0.138","-0.071"
"704859","2","0.075","0.004","0.009"
"704863","1","0.067","0.174","-0.010"
"704864","2","0.063","0.010","0.016"
"704868","1","0.101","0.217","0.063"
"704869","2","0.055","0.016","0.021"
"704874","2","0.057","0.022","0.025"
"704878","1","0.032","0.052","0.155"
"704879","2","0.055","0.024","0.022"
"704884","2","0.045","0.018","0.012"
"704884","1","-0.007","-0.085","0.206"
"704888","2","0.036","0.009","0.003"
"704889","1","-0.015","-0.132","0.214"
"704896","1","-0.007","-0.167","0.192"
"704896","2","0.034","-0.002","0.004"
"704898","1","0.009","-0.232","0.191"
"704904","2","0.054","-0.018","-0.001"
"704905","1","-0.003","-0.288","0.128"
"704909","1","0.017","-0.283","0.136"
"704909","2","0.075","-0.023","-0.005"
"704914","2","0.088","-0.022","-0.002"
"704914","1","0.036","-0.224","0.166"
"704919","2","0.088","-0.023","0.002"
"704919","1","0.046","-0.138","0.219"
"704924","2","0.073","-0.022","0.002"
"704924","1","0.035","-0.004","0.236"
"704931","1","0.019","0.086","0.228"
"704934","2","0.020","-0.012","-0.005"
"704934","1","0.038","0.184","0.142"
"704939","2","-0.008","-0.007","-0.007"
"704940","1","0.083","0.236","0.039"
"704944","2","-0.024","-0.004","-0.006"
"704945","1","0.116","0.210","-0.030"
"704949","2","-0.023","0.003","-0.005"
"704950","1","0.094","0.110","-0.018"
"704955","2","-0.012","0.009","-0.004"
"704959","2","0.011","0.013","0.004"
"704960","1","0.069","0.077","-0.111"
"704965","2","0.038","0.013","0.018"
"704965","1","0.076","0.118","-0.120"
"704969","2","0.049","0.015","0.026"
"704970","1","0.019","0.169","-0.102"
"704974","1","-0.006","0.157","-0.054"
"704975","2","0.047","0.011","0.031"
"704981","2","0.037","0.009","0.034"
"704981","1","-0.019","0.213","-0.076"
"704985","1","-0.006","0.312","-0.143"
"704992","1","0.026","0.356","-0.182"
"704993","2","0.004","0.016","0.046"
"704995","2","-0.011","0.023","0.049"
"704996","1","0.044","0.315","-0.222"
"705000","1","0.012","0.192","-0.229"
"705000","2","-0.017","0.030","0.043"
"705005","1","-0.027","-0.014","-0.266"
"705006","2","-0.012","0.040","0.036"
"705010","2","0.008","0.049","0.032"
"705017","2","0.035","0.051","0.034"
"705017","1","-0.047","-0.313","-0.268"
"705020","2","0.061","0.049","0.035"
"705020","1","-0.094","-0.351","-0.253"
"705026","1","-0.124","-0.358","-0.175"
"705027","2","0.082","0.045","0.031"
"705030","1","-0.137","-0.257","-0.098"
"705031","2","0.097","0.039","0.025"
"705035","1","-0.127","-0.123","-0.007"
"705036","2","0.102","0.039","0.022"
"705042","1","-0.103","0.000","0.104"
"705045","2","0.086","0.040","0.013"
"705046","1","-0.106","0.065","0.183"
"705051","1","-0.109","0.087","0.130"
"705051","2","0.067","0.038","0.011"
"705055","1","-0.056","0.097","0.145"
"705056","2","0.052","0.033","0.009"
"705060","2","0.043","0.032","0.009"
"705061","1","0.021","0.172","0.144"
"705066","1","0.054","0.212","0.170"
"705072","1","0.078","0.262","0.153"
"705073","2","0.028","0.041","0.009"
"705076","2","0.020","0.047","0.007"
"705077","1","0.056","0.300","0.121"
"705081","1","0.067","0.311","0.081"
"705081","2","0.015","0.048","0.011"
"705086","1","0.084","0.315","0.016"
"705087","2","0.017","0.052","0.015"
"705090","2","0.025","0.055","0.017"
"705091","1","0.045","0.275","-0.012"
"705098","2","0.036","0.055","0.024"
"705099","1","0.068","0.227","-0.068"
"705103","1","0.100","0.197","-0.034"
"705104","2","0.044","0.053","0.029"
"705105","2","0.045","0.052","0.036"
"705106","1","0.109","0.173","-0.064"
"705111","2","0.040","0.053","0.042"
"705111","1","0.132","0.152","-0.188"
"705116","1","0.097","0.180","-0.313"
"705117","2","0.026","0.057","0.048"
"705124","1","0.106","0.210","-0.400"
"705127","1","0.099","0.179","-0.445"
"705128","2","0.025","0.065","0.062"
"705131","1","0.053","0.118","-0.353"
"705132","2","0.035","0.072","0.069"
"705136","2","0.051","0.076","0.075"
"705137","1","0.010","0.048","-0.199"
"705141","2","0.065","0.077","0.075"
"705142","1","-0.053","-0.025","-0.138"
"705148","2","0.073","0.076","0.075"
"705163","1","-0.086","0.165","-0.025"
"705166","2","0.092","0.082","0.098"
"705167","1","-0.133","0.127","-0.102"
"705167","2","0.086","0.089","0.098"
"705172","2","0.078","0.098","0.098"
"705172","1","-0.148","0.007","-0.099"
"705177","2","0.069","0.103","0.092"
"705177","1","-0.173","-0.066","-0.087"
"705183","1","-0.177","-0.124","-0.018"
"705183","2","0.061","0.106","0.086"
"705187","1","-0.149","-0.169","0.078"
"705192","2","0.067","0.109","0.080"
"705193","1","-0.151","-0.194","0.075"
"705197","1","-0.140","-0.211","0.115"
"705197","2","0.065","0.107","0.077"
"705202","2","0.056","0.100","0.072"
"705203","1","-0.124","-0.176","0.125"
"705207","2","0.039","0.096","0.068"
"705207","1","-0.071","-0.102","0.162"
"705212","1","-0.018","-0.058","0.227"
"705217","2","0.010","0.100","0.054"
"705217","1","0.026","-0.065","0.195"
"705222","1","0.044","-0.071","0.065"
"705223","2","-0.007","0.102","0.050"
"705227","2","-0.017","0.104","0.046"
"705228","1","0.110","-0.092","-0.040"
"705232","2","-0.020","0.103","0.047"
"705233","1","0.176","-0.094","-0.032"
"705237","1","0.190","-0.067","-0.012"
"705238","2","-0.014","0.104","0.055"
"705246","1","0.198","-0.046","-0.048"
"705247","2","0.007","0.106","0.057"
"705248","1","0.170","-0.026","-0.085"
"705253","2","0.010","0.105","0.059"
"705253","1","0.143","0.006","-0.077"
"705257","1","0.128","0.047","-0.085"
"705258","2","0.010","0.104","0.062"
"705263","2","0.006","0.105","0.065"
"705263","1","0.103","0.103","-0.088"
"705267","2","0.004","0.107","0.069"
"705272","2","0.004","0.108","0.071"
"705273","1","0.091","0.044","-0.178"
"705278","1","0.123","0.004","-0.273"
"705279","2","0.006","0.109","0.071"
"705283","1","0.160","-0.014","-0.348"
"705284","2","0.010","0.112","0.076"
"705288","1","0.163","-0.002","-0.394"
"705288","2","0.020","0.116","0.087"
"705293","1","0.191","0.047","-0.428"
"705294","2","0.036","0.124","0.104"
"705301","2","0.044","0.137","0.114"
"705303","2","0.037","0.156","0.119"
"705304","1","0.192","0.270","-0.552"
"705308","2","0.019","0.180","0.133"
"705309","1","0.212","0.562","-0.577"
"705313","1","0.198","0.850","-0.607"
"705314","2","-0.004","0.207","0.157"
"705318","1","0.081","0.880","-0.530"
"705319","2","-0.022","0.235","0.180"
"705323","2","-0.043","0.258","0.184"
"705329","2","-0.061","0.271","0.172"
"705329","1","-0.161","0.274","-0.227"
"705333","2","-0.055","0.271","0.161"
"705334","1","-0.233","-0.029","-0.117"
"705339","2","-0.022","0.261","0.164"
"705339","1","-0.254","-0.245","-0.062"
"705344","1","-0.263","-0.395","0.070"
"705344","2","0.018","0.237","0.169"
"705348","2","0.044","0.210","0.172"
"705349","1","-0.257","-0.415","0.206"
"705356","2","0.063","0.187","0.171"
"705359","2","0.061","0.171","0.159"
"705360","1","-0.211","-0.249","0.311"
"705364","2","0.038","0.164","0.143"
"705364","1","-0.205","-0.169","0.381"
"705369","2","0.006","0.169","0.130"
"705369","1","-0.177","-0.141","0.422"
"705374","2","-0.020","0.174","0.117"
"705375","1","-0.150","-0.194","0.430"
"705379","2","-0.037","0.178","0.102"
"705384","2","-0.045","0.175","0.088"
"705385","1","-0.163","-0.491","0.396"
"705389","2","-0.046","0.163","0.073"
"705390","1","-0.141","-0.561","0.381"
"705394","1","-0.071","-0.569","0.393"
"705394","2","-0.033","0.145","0.064"
"705399","2","-0.015","0.125","0.058"
"705400","1","-0.052","-0.585","0.369"
"705404","2","0.002","0.109","0.050"
"705405","1","-0.036","-0.549","0.362"
"705412","1","-0.001","-0.530","0.327"
"705415","1","0.065","-0.488","0.311"
"705415","2","0.032","0.085","0.032"
"705420","2","0.043","0.081","0.025"
"705420","1","0.099","-0.393","0.302"
"705425","2","0.044","0.076","0.025"
"705426","1","0.119","-0.269","0.266"
"705429","2","0.037","0.077","0.025"
"705430","1","0.128","-0.201","0.224"
"705434","1","0.094","-0.156","0.163"
"705440","1","0.067","-0.135","0.152"
"705440","2","0.008","0.087","0.013"
"705445","2","-0.010","0.092","0.010"
"705445","1","0.077","-0.055","0.122"
"705450","2","-0.023","0.092","0.012"
"705450","1","0.069","0.013","0.106"
"705455","2","-0.024","0.092","0.019"
"705455","1","0.050","-0.014","0.117"
"705460","1","0.025","-0.066","0.109"
"705460","2","-0.023","0.090","0.024"
"705465","1","0.014","-0.100","0.082"
"705470","1","0.035","-0.121","0.065"
"705470","2","-0.021","0.080","0.027"
"705475","2","-0.016","0.075","0.033"
"705476","1","0.050","-0.088","0.086"
"705480","1","0.032","-0.074","0.107"
"705480","2","-0.007","0.074","0.041"
"705485","2","-0.009","0.078","0.050"
"705486","1","0.013","-0.051","0.095"
"705490","1","0.021","-0.036","0.050"
"705495","2","-0.030","0.091","0.050"
"705496","1","0.059","-0.052","0.005"
"705500","2","-0.043","0.097","0.052"
"705501","1","0.091","-0.084","-0.007"
"705505","1","0.064","-0.101","-0.003"
"705507","2","-0.056","0.096","0.053"
"705510","2","-0.066","0.098","0.053"
"705511","1","0.042","-0.101","0.024"
"705516","2","-0.069","0.101","0.052"
"705517","1","0.032","-0.102","0.062"
"705523","1","0.008","-0.169","0.089"
"705526","2","-0.067","0.103","0.050"
"705527","1","0.004","-0.254","0.083"
"705531","2","-0.063","0.096","0.043"
"705531","1","-0.006","-0.272","0.096"
"705536","1","-0.004","-0.242","0.111"
"705536","2","-0.054","0.092","0.036"
"705541","2","-0.030","0.088","0.035"
"705541","1","0.008","-0.203","0.120"
"705546","2","-0.018","0.083","0.033"
"705551","1","-0.008","-0.044","0.260"
"705551","2","-0.011","0.082","0.032"
"705556","2","-0.005","0.080","0.032"
"705557","1","-0.030","0.033","0.292"
"705561","2","-0.001","0.079","0.031"
"705562","1","-0.046","0.063","0.259"
"705566","1","-0.049","0.084","0.237"
"705567","2","-0.005","0.074","0.031"
"705571","1","-0.054","0.081","0.205"
"705571","2","-0.009","0.065","0.026"
"705576","1","-0.035","0.082","0.221"
"705581","2","-0.013","0.055","0.027"
"705582","1","0.005","0.046","0.255"
"705586","2","-0.020","0.049","0.030"
"705587","1","0.008","0.025","0.236"
"705591","2","-0.031","0.044","0.027"
"705592","1","-0.013","0.020","0.188"
"705596","2","-0.045","0.038","0.026"
"705597","1","-0.000","0.038","0.143"
"705601","2","-0.067","0.038","0.024"
"705607","2","-0.088","0.040","0.021"
"705607","1","-0.009","0.081","0.002"
"705612","2","-0.103","0.043","0.019"
"705612","1","0.003","0.017","-0.034"
"705617","2","-0.105","0.048","0.022"
"705617","1","0.016","-0.070","-0.069"
"705622","2","-0.097","0.048","0.029"
"705623","1","-0.006","-0.145","-0.093"
"705628","2","-0.077","0.047","0.028"
"705629","1","-0.031","-0.236","-0.144"
"705635","2","-0.055","0.030","0.024"
"705637","2","-0.026","0.030","0.024"
"705637","1","-0.006","-0.295","-0.254"
"705642","2","-0.003","0.025","0.021"
"705643","1","0.004","-0.299","-0.272"
"705647","1","0.024","-0.281","-0.266"
"705647","2","0.011","0.026","0.019"
"705652","2","0.021","0.031","0.017"
"705653","1","0.056","-0.244","-0.254"
"705657","1","0.080","-0.190","-0.189"
"705664","2","0.027","0.051","0.014"
"705665","1","0.058","-0.112","-0.046"
"705667","2","0.023","0.066","0.010"
"705668","1","0.011","-0.025","0.060"
"705672","2","0.010","0.079","0.002"
"705673","1","-0.041","0.027","0.061"
"705678","2","-0.010","0.083","-0.006"
"705679","1","-0.111","0.070","0.055"
"705683","1","-0.152","0.098","0.088"
"705684","2","-0.033","0.078","-0.009"
"705688","1","-0.185","0.073","0.118"
"705693","1","-0.208","0.019","0.111"
"705694","2","-0.066","0.058","-0.015"
"705699","2","-0.067","0.044","-0.022"
"705700","1","-0.163","-0.040","0.087"
"705702","2","-0.059","0.032","-0.026"
"705703","1","-0.099","-0.089","0.052"
"705707","2","-0.047","0.022","-0.026"
"705708","1","-0.011","-0.091","0.038"
"705713","1","0.086","-0.071","0.033"
"705718","1","0.130","-0.046","-0.005"
"705719","2","-0.038","0.013","-0.021"
"705723","2","-0.038","0.018","-0.019"
"705723","1","0.172","0.008","-0.041"
"705728","1","0.200","0.080","-0.045"
"705728","2","-0.037","0.027","-0.016"
"705733","1","0.182","0.126","-0.046"
"705733","2","-0.038","0.042","-0.018"
"705738","2","-0.039","0.051","-0.016"
"705739","1","0.159","0.099","-0.042"
"705744","2","-0.034","0.053","-0.015"
"705748","1","0.049","-0.000","-0.012"
"705749","2","-0.024","0.051","-0.012"
"705753","2","-0.021","0.040","-0.013"
"705754","1","0.003","-0.029","0.065"
"705758","1","-0.035","-0.032","0.118"
"705759","2","-0.023","0.033","-0.014"
"705763","2","-0.031","0.022","-0.015"
"705764","1","-0.057","-0.011","0.131"
"705768","2","-0.040","0.010","-0.016"
"705773","2","-0.053","0.005","-0.015"
"705774","1","-0.021","0.033","0.049"
"705778","2","-0.061","0.009","-0.019"
"705779","1","-0.023","0.004","0.004"
"705784","1","-0.020","-0.058","-0.051"
"705784","2","-0.072","0.014","-0.021"
"705789","2","-0.078","0.018","-0.026"
"705789","1","-0.025","-0.135","-0.122"
"705794","2","-0.071","0.020","-0.031"
"705794","1","-0.025","-0.200","-0.171"
"705801","1","-0.017","-0.261","-0.166"
"705804","2","-0.025","0.022","-0.028"
"705804","1","-0.041","-0.312","-0.107"
"705809","1","-0.070","-0.352","-0.061"
"705810","2","-0.003","0.019","-0.031"
"705814","1","-0.096","-0.398","-0.095"
"705814","2","0.013","0.012","-0.037"
"705819","2","0.023","0.010","-0.045"
"705819","1","-0.121","-0.403","-0.157"
"705824","1","-0.129","-0.384","-0.173"
"705829","2","0.031","-0.007","-0.054"
"705830","1","-0.143","-0.413","-0.190"
"705834","2","0.030","-0.017","-0.058"
"705834","1","-0.142","-0.481","-0.208"
"705839","2","0.018","-0.026","-0.070"
"705840","1","-0.138","-0.513","-0.234"
"705844","2","0.008","-0.036","-0.083"
"705845","1","-0.150","-0.494","-0.282"
"705849","2","-0.002","-0.046","-0.091"
"705850","1","-0.146","-0.484","-0.293"
"705858","1","-0.111","-0.481","-0.251"
"705859","2","-0.038","-0.063","-0.117"
"705860","1","-0.072","-0.398","-0.202"
"705864","2","-0.045","-0.066","-0.123"
"705865","1","-0.019","-0.241","-0.118"
"705869","2","-0.047","-0.062","-0.123"
"705870","1","0.067","-0.078","0.042"
"705874","2","-0.050","-0.050","-0.119"
"705875","1","0.129","0.072","0.190"
"705879","2","-0.066","-0.032","-0.114"
"705885","2","-0.090","-0.013","-0.110"
"705885","1","0.113","0.409","0.235"
"705889","1","0.056","0.520","0.170"
"705890","2","-0.116","0.004","-0.102"
"705895","2","-0.147","0.014","-0.096"
"705895","1","0.001","0.543","0.133"
"705899","1","-0.043","0.482","0.082"
"705900","2","-0.177","0.019","-0.093"
"705905","2","-0.189","0.011","-0.087"
"705905","1","-0.104","0.402","0.011"
"705912","2","-0.185","-0.006","-0.079"
"705915","2","-0.170","-0.025","-0.070"
"705916","1","-0.102","0.108","0.017"
"705920","2","-0.146","-0.042","-0.061"
"705920","1","-0.076","-0.013","-0.000"
"705925","2","-0.114","-0.055","-0.059"
"705925","1","-0.030","-0.105","-0.035"
"705930","2","-0.087","-0.062","-0.056"
"705930","1","0.033","-0.134","-0.098"
"705935","1","0.083","-0.143","-0.161"
"705940","2","-0.048","-0.056","-0.053"
"705940","1","0.091","-0.176","-0.181"
"705945","2","-0.043","-0.053","-0.059"
"705946","1","0.084","-0.237","-0.176"
"705951","1","0.044","-0.286","-0.160"
"705951","2","-0.043","-0.052","-0.070"
"705955","1","0.024","-0.341","-0.150"
"705956","2","-0.050","-0.054","-0.077"
"705961","2","-0.052","-0.051","-0.085"
"705961","1","0.009","-0.431","-0.142"
"705965","1","-0.032","-0.493","-0.133"
"705970","2","-0.042","-0.062","-0.108"
"705971","1","-0.058","-0.499","-0.116"
"705975","2","-0.028","-0.070","-0.122"
"705976","1","-0.066","-0.493","-0.078"
"705981","2","-0.009","-0.074","-0.132"
"705981","1","-0.074","-0.473","0.051"
"705985","1","-0.093","-0.430","0.195"
"705986","2","0.003","-0.072","-0.145"
"705991","2","0.009","-0.064","-0.156"
"705995","2","0.005","-0.054","-0.161"
"705996","1","-0.119","-0.175","0.357"
"706001","1","-0.128","0.000","0.470"
"706001","2","-0.008","-0.040","-0.165"
"706006","2","-0.021","-0.029","-0.170"
"706006","1","-0.139","0.157","0.555"
"706011","2","-0.044","-0.025","-0.175"
"706011","1","-0.138","0.259","0.591"
"706016","2","-0.062","-0.029","-0.175"
"706016","1","-0.135","0.326","0.556"
"706023","2","-0.075","-0.043","-0.170"
"706026","2","-0.086","-0.059","-0.159"
"706027","1","-0.106","0.462","0.517"
"706031","2","-0.088","-0.074","-0.146"
"706032","1","-0.072","0.528","0.480"
"706036","1","-0.054","0.486","0.451"
"706037","2","-0.086","-0.083","-0.139"
"706041","1","-0.008","0.430","0.399"
"706042","2","-0.082","-0.090","-0.136"
"706046","1","0.025","0.391","0.342"
"706053","2","-0.081","-0.097","-0.126"
"706054","1","0.026","0.340","0.248"
"706057","2","-0.074","-0.102","-0.122"
"706057","1","0.037","0.258","0.136"
"706062","2","-0.063","-0.107","-0.113"
"706062","1","0.062","0.186","0.022"
"706068","1","0.094","0.112","-0.026"
"706068","2","-0.051","-0.116","-0.108"
"706073","2","-0.047","-0.122","-0.111"
"706073","1","0.084","0.037","-0.025"
"706077","1","0.064","-0.027","-0.078"
"706082","2","-0.053","-0.127","-0.117"
"706082","1","0.090","-0.068","-0.151"
"706087","2","-0.055","-0.129","-0.121"
"706089","1","0.103","-0.105","-0.216"
"706093","2","-0.067","-0.132","-0.125"
"706093","1","0.101","-0.164","-0.212"
"706097","2","-0.078","-0.133","-0.134"
"706098","1","0.083","-0.199","-0.217"
"706102","1","0.071","-0.204","-0.228"
"706107","1","0.100","-0.240","-0.217"
"706108","2","-0.072","-0.125","-0.146"
"706112","2","-0.066","-0.110","-0.152"
"706113","1","0.088","-0.245","-0.162"
"706117","2","-0.055","-0.092","-0.156"
"706118","1","0.053","-0.279","-0.162"
"706122","2","-0.050","-0.075","-0.161"
"706123","1","0.047","-0.286","-0.124"
"706127","1","-0.014","-0.260","-0.088"
"706128","2","-0.053","-0.059","-0.162"
"706134","1","-0.054","-0.242","-0.045"
"706137","2","-0.062","-0.051","-0.167"
"706138","1","-0.127","-0.200","-0.018"
"706143","2","-0.063","-0.061","-0.170"
"706143","1","-0.152","-0.142","0.003"
"706147","2","-0.061","-0.072","-0.171"
"706148","1","-0.134","-0.134","0.050"
"706152","1","-0.112","-0.047","0.105"
"706153","2","-0.065","-0.084","-0.174"
"706157","1","-0.088","0.078","0.109"
"706163","1","-0.043","0.129","0.118"
"706163","2","-0.066","-0.094","-0.172"
"706168","1","0.033","0.159","0.133"
"706168","2","-0.072","-0.088","-0.171"
"706173","1","0.046","0.186","0.156"
"706173","2","-0.077","-0.084","-0.170"
"706178","1","0.071","0.267","0.139"
"706178","2","-0.080","-0.078","-0.169"
"706184","1","0.099","0.344","0.159"
"706189","2","-0.090","-0.082","-0.162"
"706191","2","-0.106","-0.082","-0.162"
"706192","2","-0.132","-0.084","-0.162"
"706193","1","0.041","0.446","0.229"
"706203","2","-0.183","-0.095","-0.154"
"706204","1","0.058","0.455","0.216"
"706208","2","-0.190","-0.097","-0.146"
"706209","1","0.050","0.401","0.158"
"706213","2","-0.183","-0.100","-0.142"
"706214","1","0.073","0.327","0.080"
"706218","2","-0.167","-0.100","-0.143"
"706224","2","-0.139","-0.099","-0.133"
"706224","1","0.098","0.217","0.042"
"706228","2","-0.110","-0.103","-0.123"
"706229","1","0.103","0.158","-0.008"
"706233","1","0.061","0.103","-0.020"
"706234","2","-0.080","-0.103","-0.117"
"706238","2","-0.054","-0.102","-0.113"
"706239","1","0.037","0.069","-0.043"
"706243","1","0.093","0.118","-0.012"
"706244","2","-0.031","-0.099","-0.102"
"706249","1","0.131","0.165","-0.018"
"706254","2","-0.006","-0.082","-0.084"
"706254","1","0.119","0.194","-0.024"
"706259","2","0.001","-0.073","-0.086"
"706259","1","0.073","0.216","-0.046"
"706264","1","0.038","0.185","-0.000"
"706264","2","0.001","-0.074","-0.092"
"706269","2","0.002","-0.077","-0.094"
"706269","1","-0.003","0.176","-0.025"
"706274","2","0.011","-0.079","-0.089"
"706279","2","0.024","-0.076","-0.081"
"706280","1","0.001","0.183","-0.133"
"706284","1","-0.005","0.193","-0.092"
"706285","2","0.031","-0.069","-0.079"
"706289","1","-0.026","0.263","-0.041"
"706290","2","0.032","-0.063","-0.081"
"706294","2","0.026","-0.055","-0.083"
"706295","1","-0.050","0.324","-0.015"
"706299","2","0.014","-0.043","-0.079"
"706300","1","-0.050","0.447","-0.044"
"706307","2","-0.005","-0.030","-0.074"
"706309","2","-0.028","-0.019","-0.069"
"706309","1","-0.025","0.580","-0.052"
"706314","2","-0.048","-0.013","-0.064"
"706315","1","-0.041","0.578","0.021"
"706319","2","-0.062","-0.007","-0.057"
"706320","1","-0.030","0.578","0.000"
"706324","1","-0.015","0.557","-0.028"
"706325","2","-0.070","-0.006","-0.047"
"706329","2","-0.065","-0.008","-0.042"
"706335","2","-0.048","-0.010","-0.040"
"706336","1","-0.076","0.371","-0.052"
"706339","2","-0.025","-0.018","-0.034"
"706340","1","-0.019","0.273","-0.122"
"706345","1","0.002","0.188","-0.123"
"706345","2","0.001","-0.022","-0.028"
"706349","2","0.024","-0.023","-0.022"
"706350","1","-0.007","0.135","-0.100"
"706355","1","-0.037","0.111","-0.073"
"706355","2","0.033","-0.026","-0.021"
"706363","1","-0.055","0.128","-0.027"
"706365","2","0.033","-0.031","-0.029"
"706365","1","-0.056","0.102","-0.024"
"706370","2","0.035","-0.033","-0.029"
"706370","1","0.021","0.138","-0.033"
"706376","2","0.038","-0.029","-0.025"
"706376","1","0.029","0.189","-0.008"
"706380","2","0.042","-0.023","-0.023"
"706380","1","0.024","0.261","-0.081"
"706385","2","0.044","-0.017","-0.016"
"706390","2","0.045","-0.013","-0.006"
"706391","1","0.010","0.371","-0.134"
"706395","2","0.045","-0.013","-0.003"
"706396","1","0.034","0.391","-0.116"
"706400","2","0.046","-0.012","0.001"
"706401","1","0.026","0.363","-0.151"
"706405","2","0.051","-0.009","0.008"
"706406","1","0.053","0.320","-0.113"
"706410","2","0.052","-0.004","0.012"
"706411","1","0.103","0.297","-0.109"
"706418","1","0.079","0.318","-0.095"
"706420","2","0.050","0.014","0.028"
"706421","1","0.040","0.297","-0.063"
"706425","2","0.038","0.024","0.032"
"706426","1","0.032","0.271","-0.067"
"706431","2","0.026","0.027","0.029"
"706431","1","0.035","0.233","-0.006"
"706436","2","0.017","0.030","0.027"
"706437","1","0.056","0.202","-0.001"
"706441","2","0.019","0.032","0.029"
"706446","2","0.030","0.030","0.027"
"706446","1","-0.026","-0.099","-0.074"
"706451","2","0.043","0.028","0.023"
"706451","1","-0.034","-0.234","-0.063"
"706456","1","-0.042","-0.319","-0.081"
"706456","2","0.063","0.023","0.011"
"706461","2","0.090","0.016","0.008"
"706461","1","-0.035","-0.333","-0.096"
"706466","2","0.117","0.011","0.009"
"706466","1","-0.017","-0.294","-0.049"
"706471","1","-0.039","-0.216","-0.029"
"706476","2","0.156","0.008","0.021"
"706477","1","-0.001","-0.111","-0.041"
"706481","2","0.161","0.011","0.025"
"706482","1","0.031","-0.032","-0.063"
"706486","1","0.034","0.073","-0.069"
"706487","2","0.151","0.015","0.028"
"706491","1","0.072","0.210","-0.046"
"706492","2","0.130","0.025","0.027"
"706496","1","0.044","0.299","-0.044"
"706501","2","0.052","0.042","0.031"
"706502","1","-0.009","0.280","0.008"
"706506","2","0.015","0.046","0.025"
"706507","1","-0.048","0.168","0.020"
"706511","1","-0.083","0.041","0.020"
"706512","2","-0.016","0.042","0.019"
"706517","2","-0.036","0.036","0.016"
"706518","1","-0.052","-0.098","-0.005"
"706522","2","-0.033","0.036","0.016"
"706522","1","-0.030","-0.176","0.007"
"706528","1","-0.043","-0.190","0.006"
"706533","2","0.006","0.036","0.023"
"706534","1","-0.060","-0.147","-0.025"
"706537","2","0.027","0.032","0.024"
"706537","1","-0.074","-0.164","-0.016"
"706542","2","0.034","0.028","0.020"
"706542","1","-0.078","-0.195","0.071"
"706547","2","0.032","0.026","0.017"
"706547","1","-0.078","-0.174","0.148"
"706552","2","0.035","0.016","0.017"
"706557","2","0.035","0.012","0.015"
"706557","1","-0.076","-0.198","0.140"
"706562","2","0.040","0.014","0.017"
"706562","1","-0.066","-0.187","0.170"
"706567","2","0.050","0.016","0.020"
"706567","1","-0.041","-0.180","0.124"
"706572","2","0.056","0.017","0.024"
"706573","1","-0.040","-0.147","0.104"
"706577","2","0.058","0.012","0.028"
"706578","1","-0.028","-0.110","0.156"
"706585","1","-0.034","-0.004","0.206"
"706587","2","0.055","0.011","0.039"
"706588","1","-0.006","0.094","0.241"
"706592","2","0.040","0.011","0.039"
"706593","1","-0.006","0.208","0.263"
"706597","2","0.014","0.015","0.037"
"706598","1","0.017","0.273","0.217"
"706603","2","-0.010","0.017","0.038"
"706603","1","0.000","0.314","0.150"
"706607","2","-0.031","0.021","0.041"
"706613","2","-0.040","0.025","0.047"
"706613","1","0.036","0.287","0.110"
"706618","2","-0.043","0.026","0.053"
"706619","1","0.062","0.230","0.059"
"706624","2","-0.043","0.030","0.058"
"706625","1","0.086","0.215","0.016"
"706629","2","-0.040","0.036","0.066"
"706629","1","0.107","0.212","0.051"
"706633","2","-0.039","0.047","0.073"
"706633","1","0.149","0.259","0.042"
"706643","1","0.228","0.294","0.046"
"706644","2","-0.043","0.070","0.082"
"706648","2","-0.051","0.088","0.074"
"706649","1","0.226","0.277","0.004"
"706653","2","-0.061","0.100","0.062"
"706653","1","0.259","0.156","-0.119"
"706658","2","-0.059","0.111","0.047"
"706659","1","0.245","-0.007","-0.250"
"706663","2","-0.048","0.119","0.033"
"706663","1","0.195","-0.122","-0.327"
"706674","1","0.116","-0.204","-0.309"
"706678","2","0.028","0.121","0.041"
"706679","1","-0.092","-0.254","-0.231"
"706684","1","-0.217","-0.230","-0.154"
"706684","2","0.053","0.095","0.048"
"706688","2","0.078","0.062","0.054"
"706689","1","-0.282","-0.211","0.000"
"706693","2","0.106","0.030","0.059"
"706694","1","-0.307","-0.150","0.209"
"706698","2","0.132","0.008","0.061"
"706704","2","0.151","-0.002","0.062"
"706705","1","-0.161","0.033","0.352"
"706708","2","0.162","-0.004","0.056"
"706709","1","-0.117","0.084","0.330"
"706714","2","0.170","-0.002","0.045"
"706714","1","-0.036","0.144","0.347"
"706719","2","0.168","0.003","0.042"
"706720","1","0.038","0.221","0.434"
"706728","1","0.043","0.471","0.515"
"706734","2","0.091","-0.008","0.051"
"706740","1","0.034","0.434","0.455"
"706743","2","0.059","-0.017","0.055"
"706744","1","0.084","0.388","0.380"
"706745","2","0.033","-0.025","0.056"
"706749","1","0.133","0.320","0.284"
"706749","2","0.023","-0.028","0.054"
"706754","2","0.014","-0.030","0.048"
"706755","1","0.173","0.223","0.222"
"706759","1","0.222","0.140","0.179"
"706760","2","0.011","-0.035","0.049"
"706764","1","0.259","0.041","0.117"
"706769","2","0.021","-0.033","0.052"
"706770","1","0.274","-0.043","0.033"
"706774","2","0.028","-0.037","0.059"
"706775","1","0.295","-0.015","-0.004"
"706779","2","0.034","-0.042","0.074"
"706780","1","0.343","0.075","0.049"
"706785","2","0.034","-0.048","0.094"
"706785","1","0.368","0.103","0.136"
"706789","2","0.020","-0.049","0.106"
"706795","2","-0.006","-0.051","0.106"
"706796","1","0.270","-0.009","0.177"
"706799","1","0.230","-0.047","0.111"
"706800","2","-0.028","-0.053","0.105"
"706805","1","0.190","-0.060","0.016"
"706805","2","-0.025","-0.055","0.113"
"706810","1","0.126","-0.148","-0.002"
"706810","2","-0.004","-0.063","0.124"
"706815","1","0.050","-0.285","0.054"
"706815","2","0.023","-0.076","0.127"
"706823","1","0.026","-0.386","0.105"
"706825","2","0.089","-0.108","0.127"
"706825","1","0.003","-0.418","0.151"
"706830","2","0.122","-0.120","0.132"
"706830","1","0.002","-0.440","0.212"
"706835","1","-0.007","-0.457","0.292"
"706835","2","0.146","-0.127","0.137"
"706840","1","-0.044","-0.460","0.393"
"706841","2","0.155","-0.131","0.140"
"706845","2","0.150","-0.137","0.138"
"706851","2","0.138","-0.140","0.142"
"706852","1","-0.089","-0.314","0.564"
"706855","2","0.129","-0.148","0.157"
"706856","1","-0.125","-0.186","0.568"
"706860","1","-0.208","-0.189","0.609"
"706861","2","0.118","-0.161","0.170"
"706866","2","0.097","-0.185","0.174"
"706866","1","-0.277","-0.266","0.687"
"706870","2","0.074","-0.223","0.178"
"706871","1","-0.313","-0.244","0.764"
"706878","2","0.049","-0.270","0.200"
"706881","2","0.017","-0.324","0.231"
"706882","1","-0.402","0.049","0.661"
"706885","2","-0.033","-0.375","0.255"
"706886","1","-0.470","0.263","0.535"
"706890","1","-0.480","0.556","0.470"
"706891","2","-0.088","-0.409","0.269"
"706896","2","-0.149","-0.430","0.279"
"706896","1","-0.454","0.841","0.450"
"706900","2","-0.211","-0.440","0.288"
"706906","2","-0.267","-0.449","0.300"
"706906","1","-0.342","0.970","0.336"
"706911","2","-0.312","-0.456","0.301"
"706911","1","-0.230","0.847","0.128"
"706916","1","-0.086","0.727","-0.095"
"706917","2","-0.332","-0.446","0.290"
"706921","2","-0.319","-0.422","0.281"
"706922","1","0.078","0.635","-0.217"
"706926","1","0.249","0.540","-0.249"
"706927","2","-0.276","-0.391","0.279"
"706933","2","-0.214","-0.351","0.279"
"706936","2","-0.145","-0.308","0.279"
"706937","1","0.471","0.296","-0.344"
"706941","2","-0.079","-0.267","0.272"
"706942","1","0.452","0.218","-0.449"
"706946","2","-0.021","-0.229","0.270"
"706947","1","0.367","0.202","-0.524"
"706952","1","0.283","0.236","-0.515"
"706952","2","0.025","-0.206","0.271"
"706957","2","0.063","-0.193","0.272"
"706962","2","0.084","-0.188","0.266"
"706963","1","0.106","0.225","-0.454"
"706966","1","0.009","0.178","-0.380"
"706967","2","0.093","-0.184","0.253"
"706971","2","0.100","-0.179","0.241"
"706972","1","-0.043","0.068","-0.258"
"706976","2","0.108","-0.179","0.229"
"706977","1","-0.056","-0.087","-0.144"
"706981","2","0.115","-0.179","0.209"
"706982","1","-0.068","-0.195","-0.064"
"706987","1","-0.071","-0.230","-0.012"
"706992","1","-0.056","-0.215","-0.008"
"706993","2","0.133","-0.159","0.178"
"706997","2","0.141","-0.145","0.163"
"706997","1","-0.051","-0.201","0.024"
"707002","2","0.134","-0.132","0.145"
"707002","1","-0.078","-0.230","0.104"
"707007","2","0.112","-0.127","0.124"
"707007","1","-0.109","-0.282","0.131"
"707012","2","0.086","-0.128","0.098"
"707017","2","0.069","-0.134","0.073"
"707018","1","-0.139","-0.249","-0.140"
"707022","2","0.055","-0.137","0.057"
"707023","1","-0.091","-0.188","-0.231"
"707027","2","0.043","-0.139","0.052"
"707027","1","-0.045","-0.166","-0.245"
"707032","2","0.027","-0.137","0.049"
"707033","1","-0.007","-0.165","-0.252"
"707037","2","0.009","-0.128","0.044"
"707038","1","0.056","-0.112","-0.283"
"707045","1","0.109","-0.035","-0.318"
"707047","2","-0.014","-0.104","0.059"
"707048","1","0.128","-0.033","-0.362"
"707052","2","-0.034","-0.092","0.070"
"707053","1","0.108","-0.067","-0.423"
"707057","2","-0.047","-0.081","0.079"
"707058","1","0.097","-0.029","-0.528"
"707062","2","-0.045","-0.070","0.095"
"707063","1","0.110","0.069","-0.627"
"707067","2","-0.040","-0.065","0.121"
"707073","2","-0.040","-0.062","0.143"
"707075","1","0.046","0.043","-0.738"
"707078","2","-0.046","-0.066","0.154"
"707078","1","-0.012","-0.071","-0.765"
"707083","2","-0.045","-0.065","0.152"
"707083","1","-0.041","-0.108","-0.688"
"707087","1","-0.020","-0.150","-0.465"
"707088","2","-0.028","-0.056","0.155"
"707093","2","-0.006","-0.038","0.165"
"707093","1","-0.008","-0.274","-0.219"
"707100","2","0.006","-0.021","0.172"
"707103","2","0.015","-0.008","0.165"
"707104","1","-0.025","-0.528","-0.222"
"707108","2","0.021","-0.001","0.162"
"707109","1","0.027","-0.559","-0.397"
"707113","2","0.024","0.000","0.164"
"707114","1","0.067","-0.526","-0.544"
"707118","1","0.074","-0.470","-0.600"
"707118","2","0.019","0.004","0.167"
"707123","2","0.003","0.010","0.164"
"707130","2","-0.024","0.016","0.157"
"707131","1","0.035","-0.344","-0.569"
"707133","2","-0.055","0.019","0.148"
"707135","1","-0.008","-0.308","-0.483"
"707139","2","-0.087","0.030","0.141"
"707140","1","-0.081","-0.298","-0.336"
"707143","2","-0.108","0.040","0.135"
"707144","1","-0.160","-0.332","-0.189"
"707148","1","-0.224","-0.453","-0.058"
"707149","2","-0.118","0.049","0.126"
"707154","2","-0.121","0.055","0.109"
"707158","2","-0.113","0.048","0.093"
"707159","1","-0.363","-0.614","0.030"
"707164","2","-0.097","0.033","0.078"
"707164","1","-0.397","-0.680","0.092"
"707169","2","-0.089","0.008","0.070"
"707169","1","-0.403","-0.754","0.170"
"707174","1","-0.362","-0.794","0.246"
"707174","2","-0.086","-0.023","0.066"
"707179","2","-0.073","-0.053","0.064"
"707184","2","-0.043","-0.076","0.066"
"707185","1","-0.211","-0.669","0.391"
"707189","2","-0.013","-0.091","0.061"
"707190","1","-0.166","-0.531","0.456"
"707194","2","0.008","-0.102","0.050"
"707195","1","-0.093","-0.366","0.445"
"707199","2","0.014","-0.108","0.037"
"707200","1","-0.023","-0.183","0.359"
"707204","1","0.050","-0.033","0.302"
"707205","2","-0.004","-0.114","0.025"
"707212","1","0.129","0.051","0.263"
"707214","2","-0.067","-0.097","0.012"
"707215","1","0.144","0.056","0.166"
"707219","1","0.177","0.011","-0.008"
"707220","2","-0.086","-0.087","0.005"
"707225","1","0.231","-0.038","-0.216"
"707225","2","-0.091","-0.081","0.007"
"707239","2","-0.051","-0.079","0.043"
"707240","1","0.213","-0.049","-0.106"
"707241","2","-0.028","-0.079","0.043"
"707246","1","0.151","-0.018","-0.029"
"707246","2","-0.013","-0.076","0.046"
"707249","2","-0.002","-0.078","0.039"
"707251","1","0.139","0.002","-0.061"
"707255","2","0.002","-0.076","0.029"
"707255","1","0.135","0.056","-0.099"
"707260","2","-0.001","-0.073","0.026"
"707260","1","0.137","0.066","-0.111"
"707265","2","-0.003","-0.072","0.031"
"707265","1","0.158","0.003","-0.103"
"707270","1","0.174","-0.084","-0.136"
"707275","2","0.001","-0.081","0.036"
"707276","1","0.191","-0.179","-0.183"
"707280","2","0.010","-0.087","0.035"
"707281","1","0.207","-0.256","-0.168"
"707285","2","0.019","-0.090","0.036"
"707286","1","0.221","-0.285","-0.144"
"707290","2","0.031","-0.092","0.032"
"707291","1","0.212","-0.221","-0.140"
"707296","2","0.035","-0.092","0.031"
"707301","2","0.024","-0.090","0.019"
"707302","1","0.233","-0.163","-0.224"
"707305","2","0.010","-0.087","0.009"
"707306","1","0.252","-0.141","-0.241"
"707310","1","0.281","-0.188","-0.269"
"707311","2","-0.001","-0.079","0.008"
"707315","1","0.302","-0.260","-0.329"
"707316","2","0.004","-0.074","0.005"
"707320","1","0.336","-0.303","-0.298"
"707321","2","0.032","-0.071","0.009"
"707326","2","0.050","-0.073","0.009"
"707331","1","0.349","-0.575","0.096"
"707331","2","0.049","-0.075","-0.008"
"707336","1","0.339","-0.522","0.073"
"707336","2","0.042","-0.076","-0.024"
"707340","1","0.354","-0.367","0.014"
"707341","2","0.027","-0.075","-0.036"
"707345","1","0.368","-0.173","0.052"
"707346","2","-0.000","-0.061","-0.043"
"707351","2","-0.037","-0.039","-0.049"
"707356","2","-0.083","-0.012","-0.056"
"707357","1","0.314","0.058","0.002"
"707361","1","0.230","0.069","-0.149"
"707361","2","-0.125","0.009","-0.069"
"707366","1","0.164","0.061","-0.262"
"707366","2","-0.151","0.028","-0.075"
"707371","2","-0.159","0.048","-0.072"
"707372","1","0.164","0.087","-0.252"
"707376","2","-0.153","0.065","-0.062"
"707376","1","0.132","0.078","-0.129"
"707381","1","0.047","0.076","0.019"
"707387","2","-0.138","0.104","-0.063"
"707387","1","-0.014","0.072","0.043"
"707391","2","-0.144","0.120","-0.080"
"707392","1","-0.135","0.036","-0.098"
"707396","1","-0.248","-0.162","-0.592"
"707397","2","-0.173","0.129","-0.112"
"707401","2","-0.186","0.123","-0.119"
"707402","1","-0.340","-0.250","-1.088"
"707407","2","-0.155","0.099","-0.055"
"707412","2","-0.109","0.077","0.031"
"707413","1","-0.554","0.310","-0.119"
"707417","2","-0.074","0.054","0.070"
"707418","1","-0.972","0.311","1.011"
"707421","2","-0.029","0.023","0.062"
"707422","1","-1.357","0.541","1.546"
"707426","1","-1.610","0.581","1.275"
"707427","2","0.020","-0.034","0.029"
"707431","2","0.051","-0.120","0.008"
"707432","1","-1.679","0.341","0.751"
"707437","1","-1.553","0.124","0.298"
"707441","2","0.097","-0.277","0.045"
"707442","1","-1.263","-0.049","-0.075"
"707447","2","0.131","-0.311","0.070"
"707447","1","-0.976","-0.228","-0.379"
"707452","1","-0.747","-0.398","-0.605"
"707452","2","0.153","-0.314","0.077"
"707457","2","0.169","-0.284","0.075"
"707457","1","-0.507","-0.464","-0.731"
"707462","1","-0.292","-0.470","-0.719"
"707467","2","0.160","-0.180","0.053"
"707467","1","-0.131","-0.479","-0.792"
"707472","2","0.136","-0.123","0.023"
"707472","1","-0.094","-0.495","-0.887"
"707477","2","0.105","-0.074","-0.008"
"707478","1","-0.116","-0.510","-1.053"
"707482","1","-0.140","-0.517","-1.178"
"707483","2","0.064","-0.034","-0.034"
"707487","1","-0.197","-0.526","-1.238"
"707488","2","0.028","-0.002","-0.048"
"707494","1","-0.308","-0.596","-1.096"
"707498","2","-0.009","0.036","-0.073"
"707499","1","-0.412","-0.732","-0.973"
"707502","1","-0.465","-0.801","-0.900"
"707503","2","0.000","0.036","-0.081"
"707507","2","0.039","0.018","-0.089"
"707508","1","-0.552","-0.798","-0.797"
"707512","2","0.081","-0.019","-0.093"
"707513","1","-0.616","-0.908","-0.556"
"707518","2","0.117","-0.068","-0.093"
"707523","2","0.170","-0.114","-0.094"
"707524","1","-0.697","-0.843","0.291"
"707528","1","-0.715","-0.632","0.476"
"707528","2","0.232","-0.159","-0.095"
"707533","2","0.276","-0.201","-0.112"
"707533","1","-0.688","-0.438","0.380"
"707537","1","-0.627","-0.301","0.177"
"707538","2","0.293","-0.234","-0.138"
"707543","1","-0.472","-0.172","0.053"
"707543","2","0.298","-0.255","-0.158"
