"334699","2","0.220","0.042","0.089"
"334701","1","-0.444","0.223","0.070"
"334704","2","0.229","0.043","0.088"
"334704","1","-0.445","0.265","0.062"
"334709","2","0.242","0.044","0.085"
"334710","1","-0.426","0.267","0.062"
"334714","2","0.253","0.045","0.084"
"334714","1","-0.403","0.304","0.072"
"334719","2","0.265","0.049","0.086"
"334720","1","-0.395","0.335","0.060"
"334726","1","-0.388","0.344","0.036"
"334729","2","0.290","0.057","0.087"
"334731","1","-0.402","0.374","-0.012"
"334733","2","0.303","0.058","0.090"
"334733","1","-0.381","0.417","-0.008"
"334738","2","0.317","0.057","0.092"
"334738","1","-0.384","0.428","-0.015"
"334743","1","-0.414","0.414","-0.032"
"334744","2","0.331","0.057","0.090"
"334748","2","0.341","0.052","0.093"
"334753","2","0.350","0.042","0.092"
"334754","1","-0.423","0.446","-0.059"
"334758","1","-0.421","0.468","-0.122"
"334758","2","0.357","0.031","0.092"
"334763","2","0.360","0.020","0.090"
"334763","1","-0.443","0.460","-0.183"
"334767","2","0.363","0.010","0.089"
"334768","1","-0.437","0.475","-0.215"
"334772","2","0.366","0.003","0.084"
"334773","1","-0.409","0.502","-0.274"
"334778","1","-0.385","0.496","-0.325"
"334784","2","0.389","-0.013","0.075"
"334785","1","-0.377","0.519","-0.340"
"334788","2","0.401","-0.021","0.066"
"334788","1","-0.375","0.538","-0.361"
"334792","2","0.416","-0.029","0.056"
"334793","1","-0.368","0.511","-0.331"
"334797","2","0.426","-0.037","0.045"
"334798","1","-0.359","0.482","-0.290"
"334803","2","0.437","-0.043","0.034"
"334807","2","0.447","-0.048","0.024"
"334810","1","-0.329","0.429","-0.204"
"334812","2","0.455","-0.052","0.014"
"334813","1","-0.302","0.361","-0.144"
"334817","2","0.464","-0.055","0.006"
"334818","1","-0.273","0.294","-0.068"
"334822","2","0.470","-0.055","-0.002"
"334823","1","-0.226","0.226","-0.011"
"334828","2","0.475","-0.054","-0.010"
"334828","1","-0.165","0.155","-0.009"
"334833","1","-0.147","0.099","-0.052"
"334838","2","0.489","-0.062","-0.011"
"334838","1","-0.112","0.067","-0.057"
"334842","2","0.501","-0.065","-0.011"
"334843","1","-0.056","0.031","-0.003"
"334848","2","0.513","-0.068","-0.008"
"334848","1","-0.017","-0.027","0.045"
"334852","2","0.519","-0.068","-0.002"
"334853","1","-0.016","-0.065","0.061"
"334858","2","0.524","-0.065","0.003"
"334863","2","0.524","-0.058","0.011"
"334865","1","-0.017","-0.142","0.177"
"334867","2","0.527","-0.052","0.020"
"334868","1","-0.005","-0.207","0.242"
"334872","2","0.522","-0.045","0.028"
"334873","1","0.008","-0.267","0.274"
"334877","2","0.514","-0.037","0.032"
"334878","1","0.012","-0.351","0.256"
"334882","1","0.038","-0.404","0.252"
"334883","2","0.507","-0.033","0.034"
"334888","1","0.073","-0.449","0.212"
"334893","2","0.489","-0.032","0.037"
"334894","1","0.104","-0.446","0.192"
"334897","2","0.481","-0.030","0.041"
"334898","1","0.146","-0.402","0.223"
"334902","2","0.475","-0.022","0.048"
"334903","1","0.210","-0.399","0.266"
"334907","2","0.469","-0.014","0.055"
"334908","1","0.235","-0.406","0.258"
"334912","1","0.244","-0.425","0.235"
"334918","2","0.450","0.006","0.079"
"334919","1","0.257","-0.435","0.260"
"334922","2","0.432","0.011","0.088"
"334923","1","0.255","-0.459","0.309"
"334927","2","0.411","0.018","0.097"
"334928","1","0.234","-0.472","0.299"
"334932","2","0.388","0.021","0.104"
"334932","1","0.248","-0.501","0.254"
"334937","2","0.363","0.021","0.108"
"334938","1","0.279","-0.498","0.170"
"334943","1","0.255","-0.441","0.024"
"334949","2","0.311","0.018","0.118"
"334950","1","0.243","-0.410","-0.103"
"334952","2","0.295","0.022","0.121"
"334952","1","0.221","-0.315","-0.156"
"334957","2","0.287","0.023","0.126"
"334958","1","0.184","-0.224","-0.240"
"334962","2","0.276","0.021","0.127"
"334963","1","0.157","-0.178","-0.382"
"334967","2","0.268","0.015","0.128"
"334972","2","0.258","0.007","0.129"
"334973","1","0.109","-0.071","-0.490"
"334978","1","0.119","-0.019","-0.390"
"334978","2","0.240","0.002","0.130"
"334982","2","0.222","-0.005","0.132"
"334982","1","0.146","0.028","-0.326"
"334988","2","0.198","-0.004","0.130"
"334989","1","0.138","0.004","-0.256"
"334992","2","0.173","-0.003","0.132"
"334992","1","0.141","-0.101","-0.196"
"335001","1","0.154","-0.208","-0.137"
"335002","2","0.115","-0.002","0.127"
"335003","1","0.182","-0.330","-0.093"
"335008","2","0.090","-0.001","0.120"
"335009","1","0.172","-0.460","-0.081"
"335012","2","0.071","-0.002","0.110"
"335012","1","0.206","-0.554","-0.095"
"335017","2","0.061","-0.010","0.103"
"335017","1","0.227","-0.607","-0.099"
"335022","2","0.062","-0.015","0.094"
"335026","2","0.071","-0.026","0.088"
"335029","1","0.288","-0.625","-0.259"
"335031","2","0.094","-0.038","0.092"
"335032","1","0.299","-0.587","-0.328"
"335037","2","0.123","-0.053","0.095"
"335037","1","0.307","-0.523","-0.338"
"335042","2","0.151","-0.069","0.102"
"335042","1","0.323","-0.420","-0.365"
"335046","2","0.176","-0.083","0.118"
"335047","1","0.333","-0.362","-0.384"
"335055","1","0.312","-0.305","-0.408"
"335057","2","0.196","-0.105","0.155"
"335057","1","0.279","-0.233","-0.408"
"335061","2","0.184","-0.110","0.180"
"335066","1","0.262","-0.213","-0.342"
"335067","2","0.164","-0.107","0.198"
"335072","1","0.221","-0.205","-0.282"
"335072","2","0.132","-0.103","0.214"
"335076","2","0.092","-0.096","0.228"
"335078","1","0.195","-0.207","-0.204"
"335085","1","0.131","-0.316","-0.177"
"335087","2","0.004","-0.085","0.234"
"335087","1","0.081","-0.316","-0.177"
"335091","2","-0.034","-0.089","0.232"
"335092","1","0.042","-0.336","-0.229"
"335096","2","-0.066","-0.094","0.228"
"335097","1","0.021","-0.393","-0.296"
"335101","2","-0.081","-0.103","0.225"
"335102","1","0.002","-0.416","-0.339"
"335106","2","-0.086","-0.113","0.220"
"335112","1","0.004","-0.292","-0.395"
"335113","2","-0.076","-0.124","0.220"
"335116","2","-0.052","-0.137","0.230"
"335117","1","0.028","-0.200","-0.479"
"335121","2","-0.025","-0.153","0.243"
"335122","1","0.015","-0.095","-0.549"
"335126","2","0.007","-0.170","0.255"
"335127","1","0.002","0.026","-0.581"
"335131","2","0.037","-0.186","0.267"
"335132","1","-0.013","0.146","-0.658"
"335136","1","-0.051","0.261","-0.753"
"335141","2","0.079","-0.225","0.285"
"335142","1","-0.112","0.393","-0.858"
"335146","1","-0.166","0.514","-0.978"
"335147","2","0.090","-0.251","0.285"
"335151","1","-0.192","0.622","-1.080"
"335152","2","0.098","-0.279","0.280"
"335156","2","0.100","-0.308","0.271"
"335156","1","-0.223","0.744","-1.251"
"335161","2","0.098","-0.343","0.258"
"335166","2","0.102","-0.379","0.239"
"335167","1","-0.305","0.996","-1.491"
"335171","2","0.113","-0.420","0.211"
"335172","1","-0.343","1.137","-1.601"
"335176","1","-0.363","1.257","-1.620"
"335176","2","0.140","-0.464","0.175"
"335181","2","0.179","-0.509","0.133"
"335181","1","-0.418","1.356","-1.633"
"335187","2","0.223","-0.553","0.079"
"335187","1","-0.444","1.408","-1.588"
"335192","1","-0.445","1.464","-1.447"
"335196","2","0.344","-0.649","-0.053"
"335197","1","-0.459","1.511","-1.240"
"335201","2","0.399","-0.698","-0.127"
"335202","1","-0.420","1.512","-0.963"
"335206","1","-0.339","1.443","-0.641"
"335207","2","0.441","-0.738","-0.202"
"335211","1","-0.213","1.337","-0.274"
"335211","2","0.451","-0.766","-0.277"
"335215","2","0.425","-0.784","-0.349"
"335221","2","0.372","-0.796","-0.426"
"335222","1","0.169","1.122","0.234"
"335226","2","0.297","-0.799","-0.495"
"335227","1","0.397","1.011","0.231"
"335231","2","0.208","-0.783","-0.563"
"335232","1","0.647","0.949","0.189"
"335235","2","0.126","-0.739","-0.631"
"335236","1","0.975","0.948","0.327"
"335240","2","0.067","-0.670","-0.683"
"335241","1","1.409","0.865","0.717"
"335248","1","1.855","0.450","1.447"
"335251","2","-0.102","-0.499","-0.749"
"335251","1","2.310","-0.272","2.169"
"335256","1","2.708","-1.198","2.059"
"335256","2","-0.255","-0.376","-0.741"
"335261","1","3.050","-2.342","2.108"
"335261","2","-0.436","-0.236","-0.698"
"335266","1","3.418","-3.571","2.944"
"335266","2","-0.638","-0.067","-0.618"
"335271","1","3.772","-4.765","3.905"
"335275","2","-0.999","0.290","-0.377"
"335276","1","4.080","-5.821","4.588"
"335280","2","-1.096","0.422","-0.238"
"335281","1","4.300","-6.629","5.086"
"335286","2","-1.097","0.502","-0.103"
"335286","1","4.377","-7.065","5.295"
"335290","1","4.220","-6.941","5.076"
"335291","2","-0.998","0.512","0.021"
"335296","2","-0.810","0.434","0.129"
"335297","1","3.811","-6.195","4.556"
"335300","1","3.206","-4.986","3.876"
"335306","2","-0.244","0.088","0.321"
"335306","1","2.520","-3.616","3.103"
"335310","2","0.098","-0.062","0.426"
"335311","1","1.852","-2.334","2.249"
"335315","2","0.461","-0.125","0.551"
"335316","1","1.167","-1.213","1.329"
"335320","1","0.435","-0.275","0.538"
"335321","2","0.830","-0.088","0.690"
"335325","2","1.159","0.007","0.820"
"335330","2","1.419","0.106","0.903"
"335331","1","-0.849","0.875","-0.090"
"335335","2","1.578","0.167","0.913"
"335336","1","-1.236","1.153","-0.032"
"335340","2","1.624","0.169","0.827"
"335341","1","-1.344","1.277","0.029"
"335345","2","1.555","0.115","0.660"
"335346","1","-1.198","1.345","-0.007"
"335350","2","1.387","0.044","0.438"
"335351","1","-0.830","1.418","-0.117"
"335355","1","-0.373","1.469","-0.220"
"335361","2","0.865","0.046","-0.015"
"335362","1","0.116","1.533","-0.065"
"335365","2","0.552","0.152","-0.179"
"335365","1","0.500","1.615","-0.214"
"335370","2","0.257","0.306","-0.286"
"335371","1","0.628","1.650","-0.609"
"335375","2","-0.006","0.465","-0.336"
"335375","1","0.567","1.689","-0.648"
"335381","2","-0.220","0.597","-0.338"
"335385","2","-0.364","0.664","-0.309"
"335386","1","-0.009","1.788","-0.481"
"335390","2","-0.447","0.645","-0.260"
"335391","1","-0.432","1.642","-0.347"
"335395","1","-0.865","1.388","-0.252"
"335395","2","-0.492","0.566","-0.204"
"335400","2","-0.509","0.477","-0.141"
"335401","1","-1.205","1.176","-0.423"
"335405","2","-0.502","0.395","-0.074"
"335407","1","-1.384","1.030","-0.643"
"335412","2","-0.466","0.320","-0.014"
"335416","2","-0.406","0.251","0.027"
"335417","1","-1.443","0.915","-1.050"
"335420","2","-0.329","0.181","0.045"
"335420","1","-1.351","1.034","-1.315"
"335426","2","-0.238","0.115","0.038"
"335426","1","-1.278","1.167","-1.554"
"335430","2","-0.143","0.046","0.008"
"335431","1","-1.259","1.285","-1.740"
"335435","2","-0.056","-0.009","-0.040"
"335439","2","0.016","-0.057","-0.093"
"335441","1","-1.386","1.575","-2.142"
"335445","2","0.079","-0.109","-0.155"
"335445","1","-1.449","1.752","-2.300"
"335449","2","0.127","-0.167","-0.221"
"335450","1","-1.526","1.919","-2.443"
"335455","2","0.155","-0.231","-0.281"
"335455","1","-1.538","2.086","-2.568"
"335460","1","-1.500","2.234","-2.650"
"335460","2","0.164","-0.305","-0.340"
"335467","1","-1.356","2.328","-2.606"
"335469","2","0.115","-0.468","-0.423"
"335470","1","-1.168","2.380","-2.504"
"335475","2","0.058","-0.532","-0.450"
"335475","1","-0.891","2.365","-2.334"
"335479","1","-0.386","2.316","-1.859"
"335480","2","-0.008","-0.567","-0.459"
"335484","2","-0.077","-0.584","-0.450"
"335485","1","-0.054","1.966","-1.355"
"335489","1","0.157","1.341","-0.637"
"335494","2","-0.290","-0.574","-0.412"
"335500","2","-0.483","-0.519","-0.384"
"335500","1","0.556","0.573","0.895"
"335505","2","-0.699","-0.438","-0.343"
"335505","1","0.937","-0.245","1.495"
"335509","2","-0.923","-0.343","-0.285"
"335510","1","1.349","-1.207","1.667"
"335515","2","-1.144","-0.225","-0.214"
"335515","1","1.820","-2.196","2.497"
"335519","2","-1.342","-0.086","-0.128"
"335524","2","-1.486","0.050","-0.038"
"335526","1","2.664","-4.162","3.767"
"335530","2","-1.550","0.164","0.048"
"335530","1","3.009","-4.912","3.764"
"335534","1","3.205","-5.468","3.771"
"335535","2","-1.512","0.255","0.126"
"335539","1","3.226","-5.675","3.664"
"335540","2","-1.362","0.313","0.189"
"335544","1","3.034","-5.569","3.322"
"335545","2","-1.105","0.327","0.238"
"335550","1","2.569","-5.020","2.749"
"335555","1","1.910","-4.136","2.129"
"335559","2","0.023","0.079","0.320"
"335561","1","1.235","-3.136","1.594"
"335565","2","0.431","0.016","0.354"
"335569","1","0.556","-1.454","0.647"
"335570","2","0.800","0.002","0.386"
"335570","1","-0.092","-1.454","0.647"
"335574","2","1.112","0.028","0.415"
"335575","1","-0.623","-0.827","0.260"
"335582","1","-0.987","-0.335","-0.007"
"335586","2","1.466","0.127","0.406"
"335587","1","-1.143","0.076","-0.007"
"335589","2","1.495","0.155","0.359"
"335590","1","-1.048","0.407","-0.010"
"335594","2","1.437","0.161","0.288"
"335595","1","-0.828","0.691","-0.030"
"335599","1","-0.558","0.927","-0.107"
"335600","2","1.305","0.154","0.198"
"335605","2","1.116","0.152","0.110"
"335611","2","0.894","0.174","0.031"
"335611","1","-0.084","1.322","-0.251"
"335614","2","0.657","0.225","-0.031"
"335615","1","0.093","1.454","-0.182"
"335619","2","0.404","0.294","-0.067"
"335620","1","0.253","1.510","-0.112"
"335625","2","0.156","0.364","-0.083"
"335626","1","0.276","1.456","-0.460"
"335629","1","0.117","1.362","-0.882"
"335629","2","-0.061","0.417","-0.086"
"335637","1","-0.099","1.261","-0.812"
"335639","2","-0.426","0.449","-0.079"
"335640","1","-0.257","1.217","-0.635"
"335644","1","-0.386","1.213","-0.797"
"335645","2","-0.538","0.436","-0.069"
"335649","1","-0.483","1.143","-1.026"
"335649","2","-0.588","0.394","-0.059"
"335654","1","-0.540","1.011","-1.017"
"335654","2","-0.596","0.335","-0.049"
"335659","1","-0.590","0.814","-0.974"
"335664","2","-0.541","0.231","-0.017"
"335665","1","-0.632","0.601","-1.110"
"335668","2","-0.486","0.196","-0.004"
"335669","1","-0.675","0.450","-1.364"
"335674","2","-0.412","0.160","0.011"
"335674","1","-0.712","0.383","-1.580"
"335680","1","-0.732","0.426","-1.728"
"335680","2","-0.318","0.114","0.013"
"335684","2","-0.204","0.050","0.004"
"335684","1","-0.784","0.601","-1.815"
"335689","2","-0.068","-0.024","-0.015"
"335693","2","0.080","-0.103","-0.044"
"335694","1","-0.962","1.166","-1.907"
"335698","1","-1.065","1.439","-2.027"
"335699","2","0.227","-0.177","-0.072"
"335703","1","-1.186","1.667","-2.102"
"335704","2","0.362","-0.240","-0.100"
"335709","1","-1.311","1.859","-2.084"
"335709","2","0.473","-0.295","-0.128"
"335713","1","-1.385","1.988","-1.943"
"335719","2","0.564","-0.399","-0.205"
"335720","1","-1.363","2.033","-1.658"
"335724","1","-1.208","1.944","-1.170"
"335724","2","0.529","-0.451","-0.249"
"335728","1","-1.005","1.767","-0.882"
"335729","2","0.430","-0.496","-0.287"
"335735","2","0.295","-0.528","-0.327"
"335735","1","-0.749","1.614","-0.729"
"335738","2","0.143","-0.537","-0.363"
"335739","1","-0.346","1.426","-0.098"
"335744","1","0.099","1.102","0.209"
"335749","2","-0.223","-0.473","-0.375"
"335749","1","0.484","0.609","-0.035"
"335753","2","-0.413","-0.430","-0.359"
"335754","1","0.806","-0.041","0.174"
"335758","2","-0.616","-0.380","-0.319"
"335759","1","1.091","-0.750","0.948"
"335763","2","-0.827","-0.325","-0.258"
"335764","1","1.410","-1.463","1.720"
"335768","2","-1.018","-0.268","-0.180"
"335773","2","-1.161","-0.210","-0.090"
"335775","1","2.114","-2.786","2.592"
"335779","2","-1.238","-0.149","0.000"
"335779","1","2.457","-3.362","3.014"
"335783","2","-1.234","-0.079","0.082"
"335784","1","2.699","-3.822","3.388"
"335788","1","2.825","-4.123","3.559"
"335789","2","-1.146","-0.003","0.151"
"335793","2","-0.978","0.061","0.200"
"335794","1","2.738","-4.202","3.471"
"335798","2","-0.728","0.103","0.225"
"335803","2","-0.419","0.108","0.230"
"335804","1","1.945","-3.502","2.831"
"335808","2","-0.080","0.074","0.218"
"335809","1","1.368","-2.783","2.281"
"335813","2","0.267","0.023","0.204"
"335814","1","0.773","-2.063","1.754"
"335818","2","0.579","-0.013","0.193"
"335818","1","0.275","-1.474","1.327"
"335823","1","-0.116","-0.958","0.974"
"335828","2","0.999","0.011","0.178"
"335828","1","-0.353","-0.498","0.680"
"335833","1","-0.418","-0.075","0.483"
"335834","2","1.090","0.050","0.156"
"335838","1","-0.364","0.340","0.441"
"335839","2","1.105","0.081","0.124"
"335843","2","1.053","0.099","0.077"
"335844","1","-0.203","0.676","0.453"
"335848","1","-0.001","0.949","0.408"
"335849","2","0.943","0.106","0.026"
"335854","2","0.785","0.117","-0.025"
"335858","2","0.592","0.140","-0.064"
"335858","1","0.349","1.217","0.388"
"335863","2","0.389","0.184","-0.088"
"335864","1","0.469","1.298","0.381"
"335868","2","0.185","0.245","-0.094"
"335869","1","0.472","1.315","0.360"
"335873","2","-0.002","0.313","-0.082"
"335874","1","0.393","1.224","0.350"
"335878","2","-0.165","0.370","-0.058"
"335882","2","-0.305","0.412","-0.031"
"335884","1","0.150","0.878","0.450"
"335888","1","0.044","0.604","0.355"
"335888","2","-0.415","0.433","-0.006"
"335893","1","-0.071","0.279","0.226"
"335893","2","-0.491","0.441","0.023"
"335898","1","-0.143","-0.022","0.279"
"335898","2","-0.542","0.441","0.048"
"335903","2","-0.569","0.435","0.075"
"335903","1","-0.079","-0.354","0.525"
"335910","1","-0.073","-0.657","0.194"
"335913","2","-0.571","0.421","0.137"
"335915","1","-0.164","-0.877","-0.303"
"335918","2","-0.534","0.406","0.166"
"335918","1","-0.251","-0.987","-0.305"
"335922","1","-0.331","-0.956","-0.217"
"335923","2","-0.470","0.396","0.189"
"335927","2","-0.363","0.400","0.206"
"335933","2","-0.205","0.394","0.222"
"335933","1","-0.401","-0.855","-0.412"
"335941","1","-0.498","-0.731","-0.545"
"335943","2","0.173","0.316","0.232"
"335944","1","-0.578","-0.601","-0.337"
"335948","2","0.359","0.269","0.236"
"335949","1","-0.631","-0.500","-0.146"
"335953","2","0.523","0.233","0.248"
"335955","1","-0.656","-0.425","-0.235"
"335957","1","-0.681","-0.357","-0.313"
"335958","2","0.643","0.216","0.264"
"335962","1","-0.692","-0.300","-0.322"
"335968","2","0.764","0.210","0.300"
"335969","1","-0.677","-0.202","-0.233"
"335973","2","0.765","0.214","0.308"
"335973","1","-0.605","-0.061","-0.117"
"335977","2","0.742","0.214","0.310"
"335978","1","-0.521","0.163","-0.072"
"335982","2","0.707","0.209","0.310"
"335983","1","-0.446","0.415","-0.088"
"335987","1","-0.456","0.640","-0.129"
"335988","2","0.666","0.209","0.306"
"335994","1","-0.478","0.841","-0.200"
"335998","2","0.560","0.224","0.296"
"335999","1","-0.496","0.944","-0.282"
"336002","2","0.490","0.242","0.288"
"336003","1","-0.546","0.989","-0.306"
"336007","1","-0.606","1.001","-0.352"
"336008","2","0.419","0.261","0.277"
"336012","1","-0.630","0.988","-0.389"
"336013","2","0.338","0.273","0.257"
"336017","2","0.257","0.278","0.233"
"336023","2","0.177","0.278","0.208"
"336024","1","-0.561","0.871","-0.434"
"336027","2","0.106","0.278","0.183"
"336028","1","-0.533","0.820","-0.473"
"336032","1","-0.484","0.787","-0.566"
"336032","2","0.050","0.276","0.160"
"336037","2","0.012","0.274","0.137"
"336038","1","-0.447","0.753","-0.648"
"336042","1","-0.434","0.694","-0.747"
"336043","2","-0.008","0.270","0.124"
"336050","2","-0.011","0.263","0.108"
"336052","2","0.004","0.247","0.093"
"336053","1","-0.453","0.677","-0.913"
"336057","2","0.031","0.223","0.077"
"336058","1","-0.463","0.689","-0.997"
"336062","2","0.066","0.193","0.060"
"336063","1","-0.463","0.710","-1.077"
"336067","2","0.107","0.161","0.045"
"336068","1","-0.477","0.753","-1.146"
"336072","2","0.149","0.126","0.027"
"336077","2","0.193","0.089","0.006"
"336078","1","-0.479","0.875","-1.326"
"336082","2","0.233","0.051","-0.019"
"336082","1","-0.484","0.956","-1.371"
"336087","2","0.267","0.010","-0.046"
"336087","1","-0.508","1.028","-1.362"
"336091","2","0.290","-0.032","-0.076"
"336092","1","-0.522","1.104","-1.359"
"336097","1","-0.521","1.157","-1.361"
"336097","2","0.301","-0.076","-0.113"
"336102","1","-0.508","1.209","-1.353"
"336108","2","0.302","-0.169","-0.195"
"336109","1","-0.505","1.276","-1.322"
"336112","2","0.296","-0.212","-0.241"
"336113","1","-0.489","1.346","-1.357"
"336117","2","0.285","-0.255","-0.287"
"336118","1","-0.450","1.394","-1.421"
"336122","2","0.260","-0.295","-0.336"
"336126","1","-0.414","1.417","-1.473"
"336127","2","0.229","-0.331","-0.385"
"336132","2","0.187","-0.372","-0.433"
"336138","1","-0.423","1.516","-1.767"
"336139","2","0.141","-0.415","-0.484"
"336142","2","0.093","-0.457","-0.536"
"336143","1","-0.310","1.603","-1.861"
"336147","2","0.063","-0.488","-0.581"
"336148","1","-0.041","1.738","-1.816"
"336152","2","0.057","-0.517","-0.604"
"336152","1","0.272","1.683","-1.581"
"336156","2","0.024","-0.542","-0.611"
"336161","2","-0.118","-0.519","-0.592"
"336164","1","1.237","0.295","1.684"
"336167","1","1.825","-0.875","2.501"
"336167","2","-0.367","-0.420","-0.533"
"336172","2","-0.675","-0.280","-0.436"
"336173","1","2.389","-2.201","2.532"
"336176","2","-1.010","-0.117","-0.313"
"336177","1","2.906","-3.528","3.283"
"336181","1","3.361","-4.711","4.380"
"336182","2","-1.342","0.048","-0.173"
"336187","1","3.752","-5.658","4.865"
"336192","2","-1.761","0.266","0.073"
"336192","1","4.040","-6.276","4.759"
"336196","1","4.163","-6.484","4.352"
"336197","2","-1.765","0.315","0.163"
"336201","1","4.019","-6.218","3.708"
"336202","2","-1.607","0.347","0.234"
"336206","1","3.521","-5.522","2.941"
"336207","2","-1.305","0.355","0.287"
"336211","2","-0.899","0.321","0.334"
"336216","2","-0.436","0.241","0.380"
"336218","1","1.830","-3.544","1.764"
"336221","2","0.043","0.150","0.435"
"336222","1","0.908","-2.605","1.329"
"336226","2","0.503","0.091","0.495"
"336227","1","0.096","-1.855","0.934"
"336231","1","-0.538","-1.264","0.591"
"336232","2","0.906","0.070","0.549"
"336236","1","-0.957","-0.795","0.268"
"336237","2","1.230","0.086","0.582"
"336241","1","-1.069","-0.381","-0.006"
"336246","2","1.564","0.134","0.528"
"336247","1","-0.941","-0.011","-0.221"
"336251","2","1.579","0.134","0.444"
"336252","1","-0.711","0.342","-0.343"
"336256","1","-0.437","0.730","-0.401"
"336257","2","1.502","0.126","0.328"
"336261","2","1.362","0.121","0.211"
"336262","1","-0.172","1.159","-0.488"
"336267","2","1.185","0.137","0.103"
"336271","1","0.154","1.897","-0.592"
"336273","2","0.985","0.182","0.028"
"336276","2","0.769","0.247","-0.013"
"336277","1","0.085","2.092","-1.003"
"336282","1","-0.060","2.258","-0.967"
"336283","2","0.555","0.318","-0.029"
"336286","1","-0.238","2.427","-0.746"
"336287","2","0.340","0.379","-0.022"
"336291","2","0.141","0.417","0.002"
"336291","1","-0.498","2.409","-0.856"
"336296","2","-0.036","0.417","0.033"
"336301","2","-0.210","0.389","0.065"
"336302","1","-1.097","1.821","-0.992"
"336306","1","-1.356","1.494","-1.077"
"336307","2","-0.385","0.348","0.094"
"336311","2","-0.543","0.296","0.111"
"336311","1","-1.429","1.331","-1.278"
"336316","1","-1.376","1.407","-1.457"
"336316","2","-0.653","0.233","0.116"
"336321","2","-0.694","0.162","0.104"
"336325","2","-0.662","0.087","0.077"
"336327","1","-1.234","1.806","-1.923"
"336331","1","-1.195","2.058","-2.177"
"336331","2","-0.556","0.013","0.042"
"336336","2","-0.400","-0.052","-0.001"
"336337","1","-1.298","2.223","-2.307"
"336341","2","-0.221","-0.104","-0.048"
"336341","1","-1.392","2.284","-2.349"
"336346","1","-1.533","2.265","-2.381"
"336346","2","-0.043","-0.145","-0.102"
"336351","2","0.104","-0.192","-0.163"
"336356","2","0.203","-0.260","-0.229"
"336357","1","-1.804","2.136","-2.379"
"336361","2","0.245","-0.350","-0.304"
"336365","2","0.245","-0.453","-0.380"
"336366","1","-1.780","2.144","-2.370"
"336370","1","-1.680","2.218","-2.379"
"336371","2","0.208","-0.557","-0.456"
"336375","1","-1.427","2.368","-2.488"
"336376","2","0.154","-0.637","-0.519"
"336381","2","0.108","-0.689","-0.560"
"336386","2","0.067","-0.723","-0.580"
"336387","1","-0.348","2.601","-2.336"
"336391","2","-0.029","-0.729","-0.576"
"336393","1","0.096","2.198","-1.318"
"336395","2","-0.226","-0.669","-0.543"
"336396","1","0.643","1.455","0.663"
"336400","2","-0.496","-0.555","-0.475"
"336401","1","1.183","0.340","1.565"
"336405","2","-0.821","-0.412","-0.373"
"336411","2","-1.166","-0.258","-0.251"
"336412","1","2.147","-2.351","3.199"
"336415","2","-1.477","-0.102","-0.119"
"336416","1","2.629","-3.641","4.425"
"336420","1","3.040","-4.828","5.191"
"336421","2","-1.707","0.030","0.008"
"336425","2","-1.811","0.144","0.122"
"336426","1","3.367","-5.785","5.443"
"336430","2","-1.764","0.249","0.217"
"336431","1","3.629","-6.454","5.419"
"336438","1","3.742","-6.727","5.006"
"336441","2","-1.225","0.378","0.326"
"336442","1","3.498","-6.477","4.193"
"336445","2","-0.804","0.348","0.343"
"336446","1","2.927","-5.704","3.291"
"336450","1","2.167","-4.684","2.588"
"336451","2","-0.345","0.262","0.348"
"336455","2","0.117","0.172","0.358"
"336456","1","1.324","-3.633","2.067"
"336460","2","0.550","0.124","0.385"
"336465","2","0.926","0.132","0.415"
"336467","1","-0.199","-1.901","0.863"
"336470","2","1.230","0.180","0.436"
"336471","1","-0.752","-1.191","0.338"
"336475","2","1.453","0.241","0.436"
"336476","1","-1.060","-0.546","-0.054"
"336480","2","1.589","0.291","0.410"
"336481","1","-1.158","0.026","-0.320"
"336485","2","1.637","0.307","0.352"
"336486","1","-1.099","0.530","-0.476"
"336492","1","-0.910","1.021","-0.545"
"336495","2","1.512","0.270","0.185"
"336496","1","-0.707","1.467","-0.574"
"336500","2","1.356","0.252","0.105"
"336502","1","-0.544","1.848","-0.691"
"336505","2","1.156","0.263","0.043"
"336506","1","-0.389","2.148","-0.705"
"336510","2","0.914","0.302","0.004"
"336510","1","-0.219","2.317","-0.521"
"336515","2","0.638","0.357","-0.011"
"336520","2","0.358","0.413","-0.019"
"336521","1","-0.206","2.256","-1.210"
"336525","1","-0.260","2.226","-1.271"
"336525","2","0.090","0.465","-0.023"
"336530","1","-0.344","2.189","-1.084"
"336530","2","-0.124","0.501","-0.022"
"336535","2","-0.277","0.484","-0.021"
"336535","1","-0.480","2.019","-0.969"
"336540","2","-0.387","0.433","-0.030"
"336540","1","-0.631","1.739","-0.885"
"336548","1","-0.766","1.426","-0.917"
"336550","2","-0.518","0.347","-0.034"
"336551","1","-0.850","1.118","-1.146"
"336555","2","-0.539","0.316","-0.031"
"336555","1","-0.907","0.910","-1.502"
"336560","2","-0.517","0.272","-0.034"
"336560","1","-0.902","0.910","-1.791"
"336565","1","-0.884","1.105","-2.011"
"336565","2","-0.444","0.204","-0.050"
"336569","2","-0.322","0.112","-0.082"
"336574","2","-0.166","0.014","-0.114"
"336575","1","-0.889","1.774","-2.441"
"336580","1","-0.991","2.070","-2.612"
"336580","2","0.011","-0.072","-0.148"
"336585","1","-1.165","2.252","-2.681"
"336585","2","0.184","-0.143","-0.182"
"336589","2","0.323","-0.207","-0.214"
"336590","1","-1.365","2.342","-2.680"
"336594","2","0.420","-0.272","-0.257"
"336595","1","-1.527","2.443","-2.621"
"336602","2","0.474","-0.357","-0.314"
"336605","1","-1.590","2.554","-2.379"
"336606","2","0.475","-0.456","-0.388"
"336609","2","0.434","-0.547","-0.461"
"336611","1","-1.310","2.590","-2.135"
"336614","1","-0.940","2.531","-2.129"
"336615","2","0.361","-0.625","-0.525"
"336619","2","0.257","-0.685","-0.573"
"336620","1","-0.513","2.186","-1.539"
"336624","2","0.056","-0.697","-0.589"
"336629","2","-0.240","-0.651","-0.566"
"336631","1","0.637","0.695","0.619"
"336634","1","1.168","-0.406","1.040"
"336635","2","-0.578","-0.568","-0.504"
"336639","1","1.649","-1.613","2.312"
"336640","2","-0.939","-0.464","-0.407"
"336644","2","-1.308","-0.346","-0.284"
"336645","1","2.161","-2.762","3.799"
"336649","1","2.715","-3.817","4.629"
"336650","2","-1.627","-0.229","-0.152"
"336657","1","3.233","-4.787","4.876"
"336660","2","-1.940","-0.034","0.094"
"336660","1","3.705","-5.600","4.916"
"336664","2","-1.880","0.074","0.198"
"336665","1","4.032","-6.170","4.736"
"336669","2","-1.671","0.191","0.284"
"336670","1","4.081","-6.366","4.180"
"336675","1","3.737","-6.046","3.274"
"336675","2","-1.328","0.276","0.339"
"336680","1","3.055","-5.263","2.391"
"336685","2","-0.413","0.198","0.360"
"336689","1","1.328","-3.040","1.256"
"336690","2","0.074","0.087","0.352"
"336694","2","0.536","-0.005","0.342"
"336695","1","0.533","-1.979","0.619"
"336699","2","0.957","-0.041","0.339"
"336700","1","-0.187","-1.059","-0.004"
"336704","2","1.307","-0.019","0.334"
"336705","1","-0.738","-0.319","-0.446"
"336709","1","-1.071","0.334","-0.555"
"336714","2","1.702","0.102","0.275"
"336714","1","-1.163","0.843","-0.467"
"336719","2","1.728","0.139","0.211"
"336721","1","-1.106","1.264","-0.312"
"336724","2","1.645","0.132","0.124"
"336724","1","-0.902","1.613","-0.058"
"336729","1","-0.608","1.867","0.093"
"336729","2","1.460","0.101","0.033"
"336734","2","1.196","0.075","-0.046"
"336734","1","-0.306","2.012","0.071"
"336739","1","0.010","2.066","0.012"
"336744","2","0.551","0.127","-0.141"
"336745","1","0.293","2.000","0.035"
"336749","1","0.555","1.784","0.265"
"336749","2","0.211","0.209","-0.150"
"336754","1","0.697","1.393","-0.077"
"336755","2","-0.116","0.296","-0.137"
"336759","1","0.661","0.999","-0.473"
"336759","2","-0.405","0.367","-0.120"
"336764","2","-0.643","0.405","-0.108"
"336768","2","-0.826","0.420","-0.095"
"336770","1","0.569","0.400","-0.135"
"336774","2","-0.943","0.424","-0.078"
"336774","1","0.546","0.103","-0.286"
"336779","2","-0.995","0.414","-0.057"
"336779","1","0.571","-0.273","-0.584"
"336784","2","-0.993","0.391","-0.034"
"336784","1","0.521","-0.663","-0.698"
"336789","2","-0.958","0.361","-0.006"
"336789","1","0.496","-1.010","-0.621"
"336799","2","-0.812","0.291","0.049"
"336800","1","0.542","-1.331","-0.542"
"336804","2","-0.703","0.254","0.073"
"336804","1","0.616","-1.587","-0.534"
"336808","2","-0.571","0.217","0.090"
"336809","1","0.699","-1.761","-0.541"
"336813","1","0.788","-1.911","-0.587"
"336814","2","-0.418","0.178","0.105"
"336818","2","-0.248","0.135","0.117"
"336819","1","0.854","-1.959","-0.700"
"336826","2","-0.069","0.084","0.124"
"336829","2","0.109","0.028","0.129"
"336831","1","0.920","-1.795","-0.844"
"336836","2","0.275","-0.030","0.134"
"336836","1","0.944","-1.624","-0.832"
"336840","2","0.423","-0.089","0.146"
"336840","1","0.905","-1.421","-0.827"
"336844","2","0.546","-0.151","0.169"
"336845","1","0.818","-1.206","-0.758"
"336848","1","0.742","-0.942","-0.664"
"336856","1","0.679","-0.482","-0.546"
"336863","2","0.747","-0.319","0.290"
"336864","1","0.562","-0.265","-0.485"
"336867","1","0.496","-0.057","-0.370"
"336868","2","0.714","-0.345","0.322"
"336873","2","0.654","-0.367","0.347"
"336873","1","0.434","0.111","-0.191"
"336877","2","0.567","-0.384","0.361"
"336878","1","0.361","0.278","-0.054"
"336882","2","0.454","-0.395","0.365"
"336888","2","0.322","-0.395","0.361"
"336889","1","0.238","0.497","0.155"
"336892","2","0.177","-0.388","0.346"
"336893","1","0.162","0.537","0.227"
"336897","1","0.091","0.581","0.273"
"336898","2","0.029","-0.374","0.325"
"336902","2","-0.124","-0.355","0.290"
"336902","1","0.016","0.592","0.304"
"336907","2","-0.275","-0.337","0.245"
"336908","1","-0.066","0.591","0.331"
"336917","2","-0.542","-0.295","0.149"
"336919","1","-0.109","0.541","0.260"
"336922","1","-0.090","0.526","0.245"
"336923","2","-0.656","-0.278","0.104"
"336927","1","-0.092","0.512","0.253"
"336928","2","-0.749","-0.259","0.063"
"336932","1","-0.088","0.503","0.255"
"336932","2","-0.815","-0.243","0.026"
"336937","1","-0.079","0.442","0.214"
"336938","2","-0.857","-0.229","-0.004"
"336947","2","-0.887","-0.208","-0.044"
"336949","1","-0.159","0.287","0.072"
"336952","2","-0.882","-0.202","-0.059"
"336953","1","-0.168","0.199","0.044"
"336957","2","-0.868","-0.198","-0.074"
"336958","1","-0.204","0.109","0.014"
"336962","2","-0.840","-0.202","-0.085"
"336963","1","-0.249","0.063","-0.007"
"336967","1","-0.276","0.015","0.022"
"336967","2","-0.806","-0.209","-0.095"
"336972","2","-0.765","-0.212","-0.102"
"336977","2","-0.715","-0.219","-0.106"
"336978","1","-0.257","0.025","0.051"
"336982","1","-0.264","0.040","-0.017"
"336983","2","-0.659","-0.228","-0.112"
"336987","1","-0.276","0.037","-0.053"
"336987","2","-0.596","-0.230","-0.113"
"336992","1","-0.309","0.049","-0.064"
"336992","2","-0.527","-0.227","-0.115"
"336997","1","-0.323","0.066","-0.062"
"337002","1","-0.363","0.061","-0.068"
"337003","2","-0.387","-0.223","-0.120"
"337007","2","-0.322","-0.224","-0.121"
"337008","1","-0.402","0.077","-0.015"
"337012","2","-0.262","-0.225","-0.125"
"337012","1","-0.389","0.128","0.118"
"337017","2","-0.215","-0.229","-0.124"
"337017","1","-0.372","0.175","0.209"
"337022","2","-0.178","-0.234","-0.127"
"337022","1","-0.365","0.215","0.181"
"337030","1","-0.312","0.284","0.165"
"337032","2","-0.139","-0.244","-0.126"
"337033","1","-0.249","0.381","0.172"
"337037","2","-0.137","-0.245","-0.124"
"337037","1","-0.197","0.475","0.147"
"337041","2","-0.143","-0.239","-0.121"
"337042","1","-0.174","0.561","0.137"
"337048","1","-0.166","0.625","0.169"
"337048","2","-0.157","-0.225","-0.118"
"337051","2","-0.175","-0.205","-0.116"
"337057","2","-0.205","-0.186","-0.117"
"337058","1","-0.234","0.644","0.211"
"337062","2","-0.240","-0.170","-0.123"
"337062","1","-0.261","0.615","0.151"
"337067","2","-0.279","-0.162","-0.135"
"337067","1","-0.296","0.570","0.061"
"337071","1","-0.341","0.489","-0.007"
"337072","2","-0.318","-0.157","-0.151"
"337077","2","-0.351","-0.151","-0.167"
"337077","1","-0.354","0.409","-0.009"
"337082","1","-0.337","0.322","-0.009"
"337086","2","-0.395","-0.140","-0.206"
"337087","1","-0.298","0.220","-0.026"
"337091","2","-0.406","-0.139","-0.223"
"337092","1","-0.259","0.150","-0.090"
"337096","2","-0.406","-0.138","-0.235"
"337097","1","-0.216","0.116","-0.152"
"337101","2","-0.395","-0.141","-0.248"
"337102","1","-0.175","0.089","-0.159"
"337106","2","-0.374","-0.147","-0.253"
"337111","2","-0.343","-0.151","-0.252"
"337112","1","-0.119","-0.022","-0.050"
"337116","2","-0.306","-0.152","-0.246"
"337117","1","-0.078","-0.040","0.004"
"337121","1","-0.059","-0.066","0.064"
"337122","2","-0.263","-0.157","-0.237"
"337126","1","-0.035","-0.109","0.119"
"337127","2","-0.221","-0.162","-0.223"
"337131","1","-0.017","-0.152","0.158"
"337132","2","-0.186","-0.165","-0.208"
"337137","2","-0.153","-0.169","-0.195"
"337142","2","-0.131","-0.174","-0.183"
"337143","1","-0.027","-0.244","0.186"
"337146","2","-0.113","-0.173","-0.174"
"337147","1","-0.009","-0.223","0.238"
"337151","1","-0.017","-0.179","0.276"
"337151","2","-0.101","-0.177","-0.170"
"337156","2","-0.088","-0.178","-0.166"
"337157","1","-0.028","-0.141","0.267"
"337161","2","-0.085","-0.174","-0.167"
"337166","2","-0.081","-0.169","-0.171"
"337167","1","-0.047","-0.003","0.237"
"337171","2","-0.085","-0.163","-0.181"
"337172","1","-0.047","0.081","0.208"
"337176","1","-0.097","0.129","0.206"
"337176","2","-0.094","-0.154","-0.188"
"337181","2","-0.104","-0.144","-0.194"
"337181","1","-0.161","0.183","0.247"
"337186","1","-0.184","0.207","0.262"
"337186","2","-0.118","-0.134","-0.202"
"337194","1","-0.178","0.178","0.272"
"337196","2","-0.160","-0.112","-0.213"
"337197","1","-0.256","0.121","0.294"
"337201","2","-0.183","-0.102","-0.216"
"337202","1","-0.272","0.087","0.314"
"337206","1","-0.259","0.065","0.377"
"337206","2","-0.202","-0.091","-0.222"
"337211","1","-0.266","0.024","0.400"
"337211","2","-0.223","-0.080","-0.225"
"337216","1","-0.229","-0.005","0.447"
"337220","2","-0.238","-0.067","-0.233"
"337222","1","-0.213","-0.032","0.414"
"337225","2","-0.230","-0.063","-0.232"
"337230","1","-0.216","-0.014","0.345"
"337231","2","-0.215","-0.063","-0.234"
"337236","1","-0.180","0.023","0.317"
"337236","2","-0.194","-0.062","-0.235"
"337241","1","-0.176","0.047","0.313"
"337241","2","-0.164","-0.062","-0.230"
"337246","1","-0.180","0.071","0.298"
"337251","2","-0.104","-0.059","-0.209"
"337252","1","-0.175","0.093","0.314"
"337256","2","-0.076","-0.059","-0.199"
"337256","1","-0.156","0.106","0.333"
"337261","2","-0.055","-0.060","-0.187"
"337261","1","-0.113","0.142","0.302"
"337267","1","-0.095","0.125","0.227"
"337268","2","-0.043","-0.062","-0.174"
"337272","2","-0.036","-0.056","-0.163"
"337272","1","-0.081","0.155","0.226"
"337283","1","-0.076","0.193","0.329"
"337286","2","-0.027","-0.026","-0.135"
"337286","1","-0.108","0.214","0.329"
"337291","2","-0.025","-0.015","-0.129"
"337291","1","-0.110","0.238","0.360"
"337296","1","-0.170","0.230","0.331"
"337296","2","-0.023","-0.007","-0.126"
"337301","1","-0.216","0.233","0.299"
"337301","2","-0.020","-0.004","-0.127"
"337305","2","-0.017","-0.004","-0.129"
"337310","1","-0.302","0.249","0.275"
"337311","2","-0.016","-0.005","-0.127"
"337315","1","-0.346","0.287","0.245"
"337316","2","-0.016","-0.009","-0.128"
"337320","1","-0.357","0.297","0.272"
"337321","2","-0.014","-0.010","-0.128"
"337325","1","-0.363","0.297","0.282"
"337326","2","-0.015","-0.011","-0.127"
"337330","1","-0.332","0.304","0.224"
"337331","2","-0.014","-0.014","-0.125"
"337338","2","-0.018","-0.020","-0.124"
"337341","2","-0.025","-0.025","-0.124"
"337342","1","-0.244","0.341","0.061"
"337345","1","-0.204","0.337","0.029"
"337346","2","-0.032","-0.030","-0.120"
"337350","2","-0.040","-0.024","-0.119"
"337351","1","-0.197","0.313","0.032"
"337355","2","-0.052","-0.012","-0.113"
"337356","1","-0.168","0.284","0.055"
"337360","2","-0.064","-0.003","-0.108"
"337365","2","-0.078","0.003","-0.106"
"337366","1","-0.120","0.251","-0.049"
"337370","2","-0.085","0.008","-0.105"
"337371","1","-0.131","0.233","-0.097"
"337377","2","-0.088","0.003","-0.104"
"337377","1","-0.119","0.213","-0.150"
"337380","2","-0.085","-0.001","-0.108"
"337381","1","-0.094","0.180","-0.180"
"337385","2","-0.080","-0.003","-0.109"
"337385","1","-0.086","0.150","-0.133"
"337390","1","-0.112","0.106","-0.062"
"337395","2","-0.068","-0.003","-0.102"
"337396","1","-0.125","0.037","-0.017"
"337400","2","-0.059","-0.003","-0.099"
"337401","1","-0.114","-0.024","-0.004"
"337405","2","-0.048","-0.007","-0.096"
"337406","1","-0.099","-0.073","0.041"
"337410","2","-0.035","-0.011","-0.092"
"337410","1","-0.059","-0.091","0.077"
"337415","2","-0.017","-0.016","-0.091"
"337420","2","0.002","-0.024","-0.090"
"337421","1","-0.014","-0.102","0.096"
"337425","2","0.025","-0.028","-0.091"
"337426","1","-0.019","-0.109","0.146"
"337430","2","0.043","-0.029","-0.088"
"337430","1","-0.045","-0.120","0.174"
"337435","2","0.063","-0.026","-0.085"
"337435","1","-0.067","-0.157","0.200"
"337440","2","0.078","-0.021","-0.084"
"337440","1","-0.058","-0.190","0.227"
"337445","1","-0.045","-0.197","0.233"
"337450","2","0.092","-0.020","-0.085"
"337451","1","-0.035","-0.205","0.202"
"337455","1","-0.003","-0.196","0.172"
"337455","2","0.091","-0.017","-0.087"
"337460","1","0.021","-0.172","0.149"
"337461","2","0.086","-0.014","-0.089"
"337464","1","0.028","-0.149","0.090"
"337465","2","0.078","-0.011","-0.093"
"337470","2","0.070","-0.006","-0.093"
"337475","2","0.060","0.002","-0.091"
"337476","1","0.028","-0.105","0.033"
"337480","2","0.051","0.009","-0.088"
"337480","1","0.015","-0.085","0.039"
"337485","2","0.040","0.013","-0.083"
"337486","1","0.009","-0.065","0.017"
"337489","1","-0.015","-0.051","0.004"
"337490","2","0.032","0.018","-0.076"
"337495","1","-0.045","-0.037","-0.033"
"337495","2","0.022","0.017","-0.071"
"337500","2","0.013","0.016","-0.065"
"337505","1","-0.056","-0.018","-0.037"
"337505","2","0.008","0.015","-0.059"
"337509","2","0.005","0.016","-0.053"
"337510","1","-0.061","-0.021","-0.054"
"337514","2","0.002","0.014","-0.049"
"337515","1","-0.087","-0.012","-0.006"
"337519","1","-0.106","-0.012","0.064"
"337520","2","0.007","0.014","-0.047"
"337524","2","0.014","0.017","-0.043"
"337530","2","0.022","0.019","-0.039"
"337531","1","-0.128","-0.050","0.104"
"337534","2","0.027","0.018","-0.037"
"337535","1","-0.131","-0.090","0.120"
"337539","2","0.031","0.016","-0.037"
"337540","1","-0.110","-0.106","0.123"
"337544","1","-0.067","-0.114","0.088"
"337545","2","0.033","0.013","-0.037"
"337549","1","-0.035","-0.100","0.075"
"337550","2","0.039","0.012","-0.037"
"337557","1","-0.029","-0.094","0.049"
"337559","1","0.001","-0.089","0.025"
"337560","2","0.040","0.009","-0.027"
"337564","2","0.036","0.009","-0.020"
"337565","1","0.006","-0.087","-0.015"
"337569","2","0.031","0.013","-0.010"
"337570","1","0.006","-0.053","-0.032"
"337574","2","0.023","0.018","0.002"
"337575","1","0.010","-0.019","-0.024"
"337579","2","0.014","0.023","0.011"
"337585","1","-0.015","-0.033","0.031"
"337586","2","0.004","0.027","0.021"
"337589","2","-0.002","0.026","0.027"
"337590","1","-0.048","-0.004","0.071"
"337595","2","-0.006","0.025","0.032"
"337596","1","-0.072","0.020","0.111"
"337599","2","-0.009","0.026","0.037"
"337600","1","-0.084","0.001","0.156"
"337604","1","-0.056","-0.053","0.185"
"337605","2","-0.012","0.029","0.040"
"337610","1","-0.072","-0.054","0.206"
"337615","2","-0.024","0.034","0.045"
"337616","1","-0.054","-0.057","0.273"
"337620","2","-0.028","0.038","0.047"
"337620","1","-0.020","-0.089","0.289"
"337624","1","0.004","-0.098","0.286"
"337625","2","-0.034","0.042","0.048"
"337629","2","-0.036","0.048","0.055"
"337630","1","0.028","-0.119","0.288"
"337634","2","-0.041","0.051","0.061"
"337638","2","-0.045","0.058","0.066"
"337640","1","0.088","-0.118","0.239"
"337644","1","0.088","-0.135","0.227"
"337645","2","-0.048","0.064","0.072"
"337649","1","0.104","-0.113","0.234"
"337649","2","-0.048","0.074","0.083"
"337654","2","-0.045","0.085","0.092"
"337654","1","0.108","-0.096","0.228"
"337659","2","-0.043","0.095","0.103"
"337663","1","0.084","-0.114","0.196"
"337669","2","-0.034","0.107","0.116"
"337671","1","0.051","-0.106","0.232"
"337674","2","-0.035","0.110","0.120"
"337674","1","0.041","-0.123","0.266"
"337679","1","0.054","-0.115","0.239"
"337679","2","-0.036","0.111","0.122"
"337683","2","-0.036","0.112","0.120"
"337684","1","0.017","-0.131","0.210"
"337689","1","0.031","-0.130","0.180"
"337689","2","-0.040","0.113","0.119"
"337696","1","0.066","-0.111","0.146"
"337699","2","-0.048","0.119","0.111"
"337700","1","0.081","-0.082","0.118"
"337704","2","-0.047","0.121","0.111"
"337704","1","0.100","-0.032","0.040"
"337709","2","-0.050","0.122","0.107"
"337709","1","0.112","0.010","-0.007"
"337714","2","-0.050","0.121","0.105"
"337714","1","0.135","0.028","-0.003"
"337719","1","0.110","0.045","0.012"
