"640474","1","0.190","1.378","-0.045"
"640476","2","-0.848","0.821","-0.199"
"640478","1","-0.011","1.137","-0.168"
"640479","2","-0.883","0.743","-0.194"
"640485","2","-0.874","0.647","-0.178"
"640486","1","-0.125","0.864","-0.289"
"640489","2","-0.826","0.567","-0.156"
"640490","1","-0.109","0.629","-0.443"
"640494","2","-0.757","0.517","-0.130"
"640494","1","-0.046","0.441","-0.703"
"640503","2","-0.580","0.477","-0.112"
"640504","1","0.084","0.017","-0.988"
"640508","2","-0.494","0.473","-0.124"
"640509","1","0.150","-0.376","-1.191"
"640512","2","-0.408","0.475","-0.144"
"640513","1","0.240","-0.710","-1.407"
"640518","2","-0.283","0.479","-0.163"
"640519","1","0.351","-1.054","-0.866"
"640523","2","-0.131","0.473","-0.168"
"640523","1","0.426","-1.330","-0.504"
"640531","1","0.420","-1.315","-0.629"
"640535","2","0.202","0.403","-0.135"
"640535","1","0.361","-1.100","-0.388"
"640538","2","0.366","0.338","-0.111"
"640539","1","0.264","-0.872","-0.067"
"640543","2","0.494","0.264","-0.093"
"640543","1","0.146","-0.671","-0.008"
"640548","1","0.048","-0.548","0.099"
"640549","2","0.585","0.199","-0.075"
"640553","2","0.618","0.152","-0.052"
"640558","2","0.597","0.132","-0.023"
"640558","1","0.064","-0.328","0.323"
"640562","2","0.540","0.139","0.008"
"640563","1","0.109","-0.192","0.394"
"640568","1","0.135","-0.128","0.510"
"640568","2","0.451","0.158","0.037"
"640573","2","0.341","0.185","0.053"
"640573","1","0.165","-0.072","0.559"
"640578","1","0.182","0.032","0.487"
"640578","2","0.221","0.208","0.064"
"640583","2","0.111","0.226","0.068"
"640588","2","0.011","0.249","0.066"
"640588","1","0.108","0.199","0.304"
"640593","1","-0.014","0.182","0.161"
"640593","2","-0.072","0.268","0.057"
"640598","1","-0.170","0.150","0.006"
"640598","2","-0.143","0.289","0.047"
"640603","1","-0.349","0.135","-0.181"
"640604","2","-0.196","0.304","0.036"
"640608","1","-0.507","0.132","-0.321"
"640612","2","-0.248","0.307","0.025"
"640614","1","-0.686","0.145","-0.463"
"640618","2","-0.237","0.300","0.030"
"640619","1","-0.852","0.172","-0.552"
"640623","1","-0.982","0.207","-0.587"
"640623","2","-0.193","0.275","0.040"
"640628","2","-0.133","0.234","0.051"
"640628","1","-1.049","0.205","-0.630"
"640632","1","-1.109","0.129","-0.653"
"640633","2","-0.060","0.184","0.063"
"640640","2","0.021","0.124","0.076"
"640644","1","-1.105","0.027","-0.509"
"640645","2","0.106","0.069","0.084"
"640648","2","0.187","0.023","0.092"
"640648","1","-1.023","0.025","-0.449"
"640652","1","-0.908","0.066","-0.439"
"640653","2","0.252","-0.019","0.099"
"640657","2","0.299","-0.050","0.101"
"640662","1","-0.803","0.162","-0.413"
"640663","2","0.324","-0.065","0.099"
"640671","1","-0.724","0.277","-0.422"
"640675","2","0.309","-0.065","0.084"
"640675","1","-0.652","0.381","-0.425"
"640679","2","0.274","-0.048","0.074"
"640679","1","-0.621","0.519","-0.407"
"640682","2","0.228","-0.028","0.060"
"640683","1","-0.591","0.641","-0.412"
"640687","2","0.174","-0.003","0.045"
"640688","1","-0.634","0.712","-0.413"
"640692","2","0.116","0.018","0.029"
"640697","2","0.060","0.036","0.015"
"640698","1","-0.785","0.709","-0.464"
"640702","2","0.018","0.051","0.006"
"640703","1","-0.813","0.685","-0.516"
"640707","2","-0.010","0.052","0.001"
"640708","1","-0.860","0.633","-0.563"
"640712","1","-0.960","0.566","-0.552"
"640713","2","-0.028","0.041","-0.001"
"640717","2","-0.032","0.020","0.001"
"640718","1","-0.966","0.441","-0.528"
"640722","2","-0.030","-0.005","0.005"
"640727","2","-0.018","-0.035","0.012"
"640728","1","-0.991","0.221","-0.433"
"640732","2","-0.005","-0.063","0.020"
"640732","1","-0.951","0.170","-0.434"
"640738","2","0.020","-0.097","0.026"
"640739","1","-0.893","0.190","-0.506"
"640742","2","0.049","-0.124","0.024"
"640743","1","-0.800","0.228","-0.494"
"640747","2","0.074","-0.151","0.022"
"640753","2","0.091","-0.175","0.014"
"640754","1","-0.724","0.352","-0.400"
"640756","2","0.099","-0.193","0.004"
"640757","1","-0.649","0.379","-0.335"
"640762","1","-0.599","0.375","-0.311"
"640763","2","0.098","-0.201","-0.010"
"640766","2","0.086","-0.198","-0.023"
"640767","1","-0.528","0.372","-0.280"
"640771","1","-0.476","0.349","-0.250"
"640772","2","0.069","-0.186","-0.033"
"640777","1","-0.417","0.313","-0.167"
"640782","1","-0.358","0.282","-0.106"
"640782","2","0.044","-0.165","-0.051"
"640786","2","0.038","-0.162","-0.059"
"640787","1","-0.304","0.222","-0.065"
"640792","2","0.033","-0.161","-0.065"
"640792","1","-0.249","0.144","-0.033"
"640797","2","0.026","-0.160","-0.071"
"640797","1","-0.236","0.071","-0.018"
"640802","2","0.020","-0.159","-0.075"
"640807","2","0.014","-0.159","-0.075"
"640807","1","-0.218","0.031","-0.005"
"640813","2","0.006","-0.160","-0.074"
"640814","1","-0.222","0.080","-0.024"
"640817","1","-0.255","0.172","-0.059"
"640818","2","-0.000","-0.160","-0.073"
"640821","2","-0.003","-0.162","-0.074"
"640822","1","-0.331","0.254","-0.088"
"640826","2","-0.010","-0.167","-0.078"
"640827","1","-0.426","0.306","-0.080"
"640834","1","-0.538","0.355","-0.038"
"640836","2","-0.025","-0.197","-0.099"
"640837","1","-0.650","0.428","-0.013"
"640842","1","-0.749","0.484","-0.013"
"640843","2","-0.039","-0.223","-0.111"
"640846","2","-0.053","-0.253","-0.123"
"640847","1","-0.822","0.522","-0.055"
"640851","1","-0.877","0.596","-0.079"
"640852","2","-0.063","-0.284","-0.135"
"640857","2","-0.052","-0.317","-0.148"
"640862","1","-0.980","0.677","0.079"
"640862","2","-0.022","-0.364","-0.162"
"640867","2","0.008","-0.416","-0.176"
"640867","1","-1.023","0.649","0.165"
"640871","2","0.044","-0.462","-0.177"
"640872","1","-1.020","0.650","0.275"
"640877","1","-0.964","0.653","0.420"
"640878","2","0.087","-0.491","-0.169"
"640881","2","0.110","-0.505","-0.162"
"640881","1","-0.845","0.538","0.580"
"640893","2","0.069","-0.493","-0.177"
"640894","1","-0.446","0.409","0.248"
"640896","2","0.031","-0.472","-0.192"
"640897","1","-0.171","0.634","-0.196"
"640901","2","0.023","-0.453","-0.197"
"640902","1","0.162","0.835","-1.454"
"640907","2","0.045","-0.430","-0.212"
"640908","1","0.555","0.868","-3.271"
"640911","2","0.131","-0.432","-0.263"
"640912","1","0.964","0.025","-2.738"
"640916","1","1.608","-1.988","-0.598"
"640921","2","0.214","-0.462","-0.281"
"640922","1","2.616","-4.177","1.481"
"640926","2","0.304","-0.397","-0.117"
"640927","1","3.747","-5.463","3.084"
"640931","2","0.465","-0.300","0.150"
"640932","1","4.546","-5.181","3.618"
"640936","1","4.667","-3.675","3.462"
"640936","2","0.686","-0.261","0.416"
"640941","2","0.875","-0.316","0.572"
"640946","2","0.924","-0.401","0.578"
"640947","1","3.509","-0.859","2.522"
"640951","2","0.813","-0.410","0.469"
"640952","1","2.772","-0.077","1.551"
"640956","2","0.574","-0.296","0.306"
"640956","1","2.135","0.499","0.813"
"640961","2","0.273","-0.077","0.141"
"640961","1","1.582","1.036","0.455"
"640966","2","-0.035","0.180","0.012"
"640966","1","1.076","1.473","0.345"
"640973","2","-0.310","0.396","-0.066"
"640976","2","-0.533","0.513","-0.101"
"640977","1","0.281","1.579","0.437"
"640981","2","-0.695","0.524","-0.108"
"640982","1","0.039","1.260","0.287"
"640986","2","-0.795","0.462","-0.096"
"640986","1","-0.083","0.819","-0.007"
"640991","2","-0.828","0.371","-0.073"
"640991","1","-0.115","0.389","-0.227"
"640996","2","-0.792","0.284","-0.048"
"641001","2","-0.685","0.223","-0.025"
"641001","1","0.083","-0.260","-0.515"
"641006","2","-0.520","0.182","-0.012"
"641007","1","0.195","-0.484","-0.702"
"641011","1","0.300","-0.604","-0.749"
"641011","2","-0.326","0.155","-0.020"
"641016","1","0.392","-0.692","-0.710"
"641016","2","-0.132","0.126","-0.046"
"641021","2","0.039","0.092","-0.081"
"641021","1","0.443","-0.677","-0.704"
"641028","2","0.174","0.058","-0.115"
"641031","2","0.269","0.036","-0.135"
"641031","1","0.538","-0.587","-0.972"
"641036","2","0.335","0.029","-0.141"
"641036","1","0.563","-0.583","-0.482"
"641041","1","0.590","-0.802","0.154"
"641041","2","0.365","0.028","-0.130"
"641045","2","0.344","0.039","-0.098"
"641046","1","0.638","-0.854","-0.141"
"641050","1","0.594","-0.686","-0.264"
"641056","2","0.292","0.083","-0.005"
"641056","1","0.500","-0.452","-0.075"
"641061","2","0.247","0.096","0.028"
"641061","1","0.396","-0.315","-0.050"
"641066","2","0.198","0.104","0.039"
"641066","1","0.244","-0.365","-0.010"
"641071","1","0.134","-0.446","0.194"
"641071","2","0.135","0.107","0.029"
"641076","1","0.066","-0.468","0.304"
"641077","2","0.058","0.114","0.016"
"641082","1","0.005","-0.394","0.363"
"641086","2","-0.076","0.132","0.022"
"641087","1","-0.047","-0.384","0.397"
"641091","2","-0.122","0.133","0.042"
"641095","1","-0.140","-0.377","0.297"
"641096","2","-0.153","0.129","0.062"
"641100","1","-0.212","-0.391","0.136"
"641101","2","-0.167","0.121","0.079"
"641105","2","-0.169","0.109","0.089"
"641106","1","-0.265","-0.409","0.051"
"641111","2","-0.155","0.101","0.091"
"641115","2","-0.126","0.091","0.083"
"641116","1","-0.446","-0.478","-0.081"
"641120","2","-0.089","0.078","0.076"
"641121","1","-0.479","-0.491","-0.181"
"641125","2","-0.049","0.063","0.074"
"641126","1","-0.458","-0.473","-0.287"
"641130","1","-0.485","-0.375","-0.376"
"641131","2","-0.002","0.046","0.081"
"641135","2","0.045","0.021","0.098"
"641141","2","0.082","-0.010","0.116"
"641142","1","-0.561","-0.019","-0.671"
"641145","2","0.102","-0.037","0.137"
"641146","1","-0.627","0.144","-0.703"
"641150","2","0.105","-0.064","0.154"
"641151","1","-0.702","0.275","-0.687"
"641155","2","0.092","-0.080","0.165"
"641155","1","-0.743","0.359","-0.627"
"641160","2","0.064","-0.079","0.169"
"641161","1","-0.752","0.424","-0.504"
"641167","2","0.032","-0.072","0.163"
"641170","1","-0.716","0.466","-0.286"
"641171","2","0.002","-0.055","0.155"
"641176","2","-0.026","-0.037","0.143"
"641177","1","-0.667","0.427","-0.185"
"641180","2","-0.048","-0.021","0.128"
"641181","1","-0.652","0.379","-0.131"
"641185","1","-0.647","0.328","-0.129"
"641186","2","-0.063","-0.013","0.110"
"641190","2","-0.067","-0.006","0.097"
"641195","2","-0.058","-0.005","0.087"
"641197","1","-0.691","0.303","-0.055"
"641201","2","-0.036","-0.013","0.084"
"641202","1","-0.731","0.348","-0.040"
"641205","1","-0.819","0.367","-0.029"
"641205","2","-0.014","-0.024","0.084"
"641210","1","-0.888","0.417","-0.008"
"641210","2","0.002","-0.038","0.084"
"641215","2","0.023","-0.053","0.084"
"641215","1","-0.930","0.467","-0.000"
"641220","1","-0.966","0.516","-0.032"
"641225","1","-0.958","0.549","-0.051"
"641226","2","0.048","-0.084","0.074"
"641230","2","0.051","-0.092","0.065"
"641230","1","-0.906","0.552","-0.044"
"641235","2","0.049","-0.093","0.056"
"641235","1","-0.845","0.579","-0.058"
"641239","1","-0.764","0.586","-0.069"
"641240","2","0.044","-0.088","0.040"
"641244","1","-0.667","0.596","-0.100"
"641250","2","0.039","-0.079","0.020"
"641250","1","-0.599","0.630","-0.081"
"641255","2","0.035","-0.077","0.008"
"641255","1","-0.552","0.657","-0.042"
"641260","1","-0.527","0.649","-0.034"
"641260","2","0.025","-0.076","-0.000"
"641264","1","-0.506","0.636","-0.029"
"641265","2","0.013","-0.074","-0.006"
"641269","1","-0.494","0.617","-0.030"
"641270","2","-0.008","-0.069","-0.015"
"641277","2","-0.024","-0.061","-0.026"
"641279","2","-0.037","-0.054","-0.036"
"641280","1","-0.441","0.551","-0.001"
"641284","1","-0.394","0.519","0.042"
"641285","2","-0.040","-0.050","-0.045"
"641289","1","-0.391","0.453","0.083"
"641290","2","-0.039","-0.050","-0.056"
"641294","2","-0.031","-0.053","-0.068"
"641295","1","-0.370","0.390","0.083"
"641300","2","-0.016","-0.064","-0.083"
"641304","2","0.001","-0.075","-0.094"
"641305","1","-0.311","0.304","0.036"
"641310","2","0.017","-0.083","-0.105"
"641311","1","-0.318","0.294","-0.016"
"641314","1","-0.312","0.327","-0.078"
"641315","2","0.031","-0.089","-0.115"
"641319","2","0.042","-0.092","-0.123"
"641320","1","-0.326","0.359","-0.112"
"641324","1","-0.400","0.372","-0.070"
"641325","2","0.054","-0.091","-0.130"
"641332","1","-0.479","0.415","-0.053"
"641334","2","0.054","-0.098","-0.143"
"641336","1","-0.523","0.445","-0.082"
"641339","2","0.049","-0.104","-0.142"
"641340","1","-0.549","0.462","-0.089"
"641344","2","0.043","-0.112","-0.146"
"641345","1","-0.567","0.480","-0.072"
"641349","1","-0.591","0.461","-0.043"
"641350","2","0.041","-0.125","-0.147"
"641354","2","0.041","-0.138","-0.144"
"641359","2","0.047","-0.153","-0.146"
"641360","1","-0.624","0.385","-0.107"
"641364","1","-0.640","0.406","-0.134"
"641365","2","0.053","-0.172","-0.151"
"641369","1","-0.660","0.479","-0.143"
"641370","2","0.058","-0.195","-0.156"
"641374","1","-0.673","0.591","-0.161"
"641375","2","0.067","-0.224","-0.158"
"641379","2","0.074","-0.257","-0.162"
"641380","1","-0.698","0.711","-0.194"
"641388","1","-0.725","0.843","-0.226"
"641395","2","-0.005","-0.351","-0.167"
"641395","1","-0.760","0.974","-0.197"
"641407","2","-0.087","-0.330","-0.179"
"641408","1","-0.597","0.832","-0.404"
"641409","1","-0.419","0.668","-0.164"
"641410","2","-0.114","-0.302","-0.193"
"641414","2","-0.136","-0.281","-0.209"
"641415","1","-0.175","0.298","-0.752"
"641419","2","-0.146","-0.255","-0.221"
"641424","2","-0.095","-0.247","-0.243"
"641425","1","0.435","-0.964","-1.953"
"641429","2","-0.026","-0.280","-0.270"
"641430","1","0.922","-2.394","-0.257"
"641434","1","1.681","-3.870","0.962"
"641435","2","0.035","-0.329","-0.254"
"641439","1","2.554","-4.836","1.843"
"641439","2","0.124","-0.366","-0.156"
"641444","1","3.379","-4.878","2.378"
"641444","2","0.257","-0.379","0.023"
"641449","2","0.434","-0.393","0.240"
"641454","1","3.927","-2.941","2.016"
"641455","2","0.636","-0.432","0.420"
"641459","1","3.686","-2.122","1.838"
"641460","2","0.768","-0.485","0.507"
"641463","2","0.781","-0.502","0.497"
"641464","1","3.363","-1.452","1.535"
"641469","1","3.020","-0.708","1.108"
"641469","2","0.682","-0.438","0.421"
"641473","1","2.578","0.032","0.836"
"641479","2","0.309","-0.081","0.233"
"641479","1","2.048","0.668","0.655"
"641484","1","1.541","1.140","0.542"
"641484","2","0.095","0.122","0.155"
"641489","2","-0.126","0.274","0.094"
"641489","1","1.005","1.438","0.461"
"641493","1","0.526","1.645","0.365"
"641494","2","-0.329","0.352","0.049"
"641498","2","-0.506","0.360","0.014"
"641499","1","0.186","1.712","0.167"
"641505","2","-0.640","0.327","-0.005"
"641509","2","-0.731","0.281","-0.018"
"641510","1","-0.134","1.378","-0.159"
"641514","2","-0.775","0.246","-0.029"
"641515","1","-0.109","0.987","-0.224"
"641520","2","-0.770","0.227","-0.044"
"641523","2","-0.717","0.228","-0.065"
"641524","1","0.043","0.511","-0.287"
"641528","2","-0.612","0.235","-0.085"
"641529","1","0.227","0.120","-0.358"
"641535","2","-0.470","0.235","-0.107"
"641538","2","-0.305","0.221","-0.128"
"641539","1","0.538","-0.428","-0.380"
"641543","2","-0.145","0.196","-0.150"
"641544","1","0.635","-0.678","-0.226"
"641548","1","0.668","-0.877","-0.360"
"641549","2","-0.016","0.166","-0.163"
"641553","1","0.684","-0.965","-0.585"
"641554","2","0.097","0.141","-0.167"
"641558","2","0.178","0.118","-0.151"
"641563","2","0.208","0.109","-0.110"
"641564","1","0.668","-1.259","0.201"
"641568","1","0.634","-0.979","-0.183"
"641569","2","0.235","0.110","-0.059"
"641573","1","0.520","-0.635","-0.063"
"641574","2","0.254","0.109","-0.013"
"641578","2","0.250","0.103","0.018"
"641579","1","0.396","-0.447","0.161"
"641583","2","0.225","0.093","0.029"
"641584","1","0.269","-0.388","0.252"
"641588","2","0.174","0.090","0.028"
"641593","2","0.118","0.102","0.030"
"641594","1","0.169","-0.360","0.418"
"641599","1","0.149","-0.304","0.386"
"641599","2","0.071","0.120","0.039"
"641603","1","0.114","-0.280","0.273"
"641603","2","0.030","0.140","0.055"
"641608","1","0.108","-0.246","0.148"
"641608","2","-0.003","0.157","0.070"
"641613","1","0.039","-0.223","0.087"
"641617","2","-0.059","0.155","0.097"
"641618","1","-0.098","-0.225","0.055"
"641624","1","-0.191","-0.196","-0.002"
"641624","2","-0.080","0.147","0.105"
"641629","2","-0.090","0.141","0.111"
"641629","1","-0.302","-0.183","-0.071"
"641633","2","-0.089","0.132","0.115"
"641633","1","-0.396","-0.119","-0.104"
"641637","1","-0.460","-0.043","-0.130"
"641638","2","-0.075","0.123","0.120"
"641643","2","-0.044","0.111","0.128"
"641648","2","-0.000","0.096","0.134"
"641649","1","-0.652","0.095","-0.191"
"641653","2","0.043","0.075","0.134"
"641653","1","-0.707","0.123","-0.219"
"641658","2","0.079","0.049","0.128"
"641658","1","-0.722","0.134","-0.301"
"641663","2","0.107","0.025","0.122"
"641663","1","-0.747","0.174","-0.347"
"641668","1","-0.737","0.250","-0.375"
"641673","2","0.132","-0.004","0.119"
"641673","1","-0.722","0.344","-0.378"
"641678","2","0.130","-0.013","0.124"
"641678","1","-0.722","0.432","-0.390"
"641683","1","-0.727","0.498","-0.371"
"641683","2","0.118","-0.017","0.125"
"641688","1","-0.729","0.545","-0.335"
"641688","2","0.102","-0.015","0.122"
"641693","2","0.084","-0.011","0.113"
"641693","1","-0.742","0.558","-0.292"
"641698","1","-0.768","0.542","-0.202"
"641703","2","0.043","-0.002","0.094"
"641704","1","-0.790","0.523","-0.103"
"641708","1","-0.818","0.488","-0.054"
"641709","2","0.027","0.003","0.087"
"641712","2","0.016","0.009","0.083"
"641713","1","-0.856","0.458","-0.067"
"641718","2","0.010","0.011","0.078"
"641718","1","-0.911","0.444","-0.081"
"641722","1","-0.940","0.461","-0.076"
"641727","2","0.015","0.006","0.075"
"641729","1","-0.966","0.499","-0.096"
"641733","1","-1.010","0.532","-0.179"
"641734","2","0.017","0.003","0.072"
"641737","1","-1.026","0.563","-0.251"
"641739","2","0.021","0.001","0.068"
"641743","1","-1.051","0.611","-0.269"
"641744","2","0.027","-0.004","0.070"
"641747","2","0.037","-0.012","0.063"
"641748","1","-1.069","0.672","-0.255"
"641753","2","0.043","-0.018","0.053"
"641758","1","-1.031","0.684","-0.163"
"641758","2","0.045","-0.024","0.044"
"641762","2","0.042","-0.023","0.035"
"641763","1","-1.003","0.648","-0.133"
"641767","1","-0.959","0.584","-0.116"
"641768","2","0.036","-0.022","0.026"
"641772","1","-0.889","0.537","-0.098"
"641773","2","0.029","-0.019","0.017"
"641777","1","-0.841","0.542","-0.103"
"641782","2","0.026","-0.008","0.004"
"641783","1","-0.825","0.578","-0.138"
"641787","2","0.030","-0.007","-0.004"
"641788","1","-0.802","0.587","-0.164"
"641792","2","0.033","-0.011","-0.014"
"641793","1","-0.784","0.605","-0.147"
"641798","2","0.031","-0.014","-0.023"
"641799","1","-0.807","0.620","-0.119"
"641803","2","0.027","-0.014","-0.037"
"641803","1","-0.825","0.627","-0.110"
"641812","1","-0.810","0.616","-0.111"
"641813","2","0.014","-0.015","-0.057"
"641814","1","-0.791","0.586","-0.107"
"641817","2","0.006","-0.015","-0.066"
"641821","1","-0.760","0.583","-0.108"
"641823","2","-0.004","-0.015","-0.073"
"641825","1","-0.731","0.559","-0.108"
"641826","2","-0.017","-0.016","-0.078"
"641827","1","-0.704","0.521","-0.148"
"641831","2","-0.019","-0.015","-0.085"
"641836","2","-0.017","-0.020","-0.090"
"641838","1","-0.657","0.462","-0.205"
"641842","2","-0.013","-0.028","-0.102"
"641843","1","-0.672","0.439","-0.185"
"641846","1","-0.661","0.403","-0.191"
"641847","2","-0.003","-0.039","-0.116"
"641851","1","-0.664","0.428","-0.171"
"641851","2","0.005","-0.051","-0.135"
"641856","2","0.014","-0.059","-0.151"
"641856","1","-0.692","0.469","-0.122"
"641863","2","0.029","-0.069","-0.166"
"641866","2","0.045","-0.081","-0.176"
"641866","1","-0.773","0.584","0.010"
"641871","1","-0.800","0.649","0.180"
"641872","2","0.053","-0.095","-0.188"
"641876","2","0.060","-0.109","-0.197"
"641877","1","-0.803","0.656","0.235"
"641881","2","0.066","-0.114","-0.210"
"641881","1","-0.793","0.629","0.243"
"641886","2","0.069","-0.112","-0.227"
"641890","2","0.070","-0.110","-0.250"
"641893","1","-0.729","0.557","0.125"
"641896","1","-0.635","0.543","-0.463"
"641896","2","0.060","-0.117","-0.277"
"641901","2","0.040","-0.127","-0.305"
"641906","2","0.040","-0.151","-0.333"
"641908","1","-0.319","0.702","-2.425"
"641911","2","0.031","-0.169","-0.365"
"641912","1","0.047","0.717","-5.093"
"641916","2","0.084","-0.217","-0.422"
"641920","2","0.122","-0.317","-0.468"
"641921","1","1.272","-2.500","-0.689"
"641926","1","2.488","-5.150","2.458"
"641926","2","0.096","-0.412","-0.427"
"641931","2","0.083","-0.414","-0.240"
"641931","1","4.046","-6.682","4.260"
"641936","2","0.165","-0.317","0.081"
"641936","1","5.295","-5.950","3.996"
"641940","1","5.657","-3.864","3.235"
"641941","2","0.385","-0.217","0.425"
"641946","1","5.195","-2.105","2.590"
"641951","2","0.793","-0.282","0.671"
"641956","2","0.752","-0.330","0.534"
"641957","1","4.423","-1.164","1.835"
"641960","2","0.551","-0.259","0.331"
"641961","1","3.637","-0.630","0.983"
"641965","1","2.892","-0.104","0.439"
"641966","2","0.269","-0.052","0.140"
"641970","1","2.196","0.540","0.188"
"641971","2","-0.011","0.236","0.007"
"641978","1","1.581","1.174","0.159"
"641980","2","-0.450","0.683","-0.100"
"641981","1","0.945","1.542","0.263"
"641985","1","0.360","1.655","0.281"
"641986","2","-0.607","0.727","-0.111"
"641990","2","-0.720","0.657","-0.110"
"641991","1","-0.088","1.564","0.171"
"641995","2","-0.791","0.527","-0.103"
"641996","1","-0.354","1.339","-0.094"
"642000","1","-0.425","1.057","-0.420"
"642005","2","-0.770","0.290","-0.082"
"642006","1","-0.389","0.796","-0.646"
"642010","2","-0.669","0.232","-0.077"
"642011","1","-0.237","0.520","-0.822"
"642015","1","-0.028","0.224","-0.834"
"642016","2","-0.533","0.204","-0.079"
"642020","1","0.164","-0.073","-0.804"
"642021","2","-0.380","0.189","-0.095"
"642026","2","-0.229","0.172","-0.118"
"642027","1","0.372","-0.350","-0.676"
"642032","2","-0.096","0.145","-0.138"
"642035","1","0.685","-0.730","-0.710"
"642035","2","0.009","0.122","-0.149"
"642040","2","0.102","0.107","-0.148"
"642041","1","0.785","-0.917","-0.888"
"642045","1","0.804","-1.139","-0.276"
"642046","2","0.173","0.092","-0.126"
"642050","1","0.811","-1.257","0.163"
"642050","2","0.203","0.080","-0.082"
"642055","1","0.806","-0.968","-0.102"
"642060","1","0.646","-0.458","-0.151"
"642061","2","0.241","0.059","0.040"
"642065","1","0.474","-0.110","0.000"
"642066","2","0.226","0.050","0.081"
"642070","2","0.181","0.049","0.101"
"642071","1","0.309","-0.062","0.086"
"642075","2","0.106","0.063","0.094"
"642076","1","0.150","-0.231","0.242"
"642081","1","0.088","-0.399","0.378"
"642083","2","0.016","0.091","0.079"
"642094","1","0.093","-0.459","0.517"
"642095","1","0.079","-0.459","0.517"
"642096","2","-0.106","0.180","0.095"
"642101","1","0.022","-0.501","0.478"
"642103","2","-0.108","0.176","0.113"
"642105","1","-0.063","-0.515","0.391"
"642106","2","-0.105","0.160","0.133"
"642110","1","-0.200","-0.462","0.317"
"642110","2","-0.096","0.145","0.146"
"642115","1","-0.358","-0.369","0.246"
"642120","1","-0.509","-0.239","0.183"
"642121","2","-0.056","0.121","0.166"
"642125","1","-0.624","-0.090","0.102"
"642125","2","-0.037","0.112","0.169"
"642130","2","-0.016","0.106","0.170"
"642130","1","-0.676","0.048","0.014"
"642134","1","-0.754","0.176","-0.056"
"642135","2","0.009","0.095","0.162"
"642140","2","0.034","0.080","0.151"
"642140","1","-0.832","0.255","-0.102"
"642147","1","-0.838","0.298","-0.163"
"642149","1","-0.806","0.333","-0.198"
"642150","2","0.076","0.047","0.125"
"642155","1","-0.770","0.394","-0.215"
"642155","2","0.086","0.029","0.115"
"642160","2","0.091","0.016","0.112"
"642160","1","-0.734","0.466","-0.264"
"642164","1","-0.674","0.534","-0.318"
"642165","2","0.087","0.005","0.111"
"642169","2","0.078","-0.003","0.111"
"642176","1","-0.559","0.626","-0.257"
"642177","2","0.062","-0.004","0.113"
"642180","2","0.042","0.002","0.107"
"642180","1","-0.547","0.606","-0.236"
"642184","2","0.021","0.013","0.097"
"642185","1","-0.534","0.578","-0.216"
"642189","1","-0.532","0.541","-0.153"
"642190","2","-0.002","0.023","0.085"
"642194","1","-0.547","0.500","-0.112"
"642195","2","-0.026","0.037","0.072"
"642199","1","-0.562","0.493","-0.125"
"642204","2","-0.060","0.060","0.055"
"642206","1","-0.601","0.493","-0.138"
"642209","2","-0.069","0.065","0.051"
"642210","1","-0.674","0.483","-0.100"
"642214","2","-0.074","0.063","0.046"
"642215","1","-0.735","0.500","-0.121"
"642219","1","-0.786","0.528","-0.121"
"642220","2","-0.074","0.060","0.043"
"642224","1","-0.827","0.529","-0.086"
"642229","2","-0.063","0.047","0.030"
"642230","1","-0.866","0.536","-0.082"
"642234","1","-0.870","0.534","-0.112"
"642235","2","-0.055","0.039","0.021"
"642239","2","-0.040","0.028","0.013"
"642240","1","-0.846","0.531","-0.136"
"642244","1","-0.821","0.547","-0.140"
"642245","2","-0.025","0.017","0.003"
"642250","1","-0.791","0.529","-0.167"
"642251","2","-0.008","0.006","-0.004"
"642256","1","-0.743","0.522","-0.168"
"642259","2","0.017","-0.020","-0.018"
"642260","1","-0.713","0.520","-0.203"
"642264","2","0.019","-0.035","-0.021"
"642265","1","-0.653","0.506","-0.236"
"642269","2","0.013","-0.046","-0.025"
"642269","1","-0.580","0.497","-0.267"
"642274","2","-0.000","-0.051","-0.031"
"642275","1","-0.553","0.516","-0.355"
"642279","1","-0.530","0.534","-0.387"
"642285","2","-0.037","-0.051","-0.038"
"642286","1","-0.504","0.584","-0.357"
"642289","2","-0.056","-0.052","-0.041"
"642290","1","-0.501","0.633","-0.338"
"642294","2","-0.071","-0.054","-0.045"
"642295","1","-0.524","0.621","-0.337"
"642299","1","-0.543","0.582","-0.329"
"642299","2","-0.085","-0.062","-0.050"
"642304","2","-0.099","-0.071","-0.059"
"642304","1","-0.534","0.531","-0.311"
"642311","1","-0.538","0.516","-0.274"
"642314","2","-0.105","-0.085","-0.079"
"642314","1","-0.533","0.432","-0.270"
"642319","1","-0.517","0.338","-0.226"
"642319","2","-0.090","-0.092","-0.092"
"642324","1","-0.542","0.275","-0.161"
"642324","2","-0.066","-0.098","-0.106"
"642329","1","-0.594","0.203","-0.157"
"642329","2","-0.039","-0.105","-0.120"
"642334","2","-0.004","-0.115","-0.132"
"642338","2","0.031","-0.129","-0.142"
"642339","1","-0.673","0.169","-0.140"
"642344","2","0.057","-0.144","-0.149"
"642344","1","-0.744","0.219","-0.141"
"642349","1","-0.822","0.327","-0.165"
"642350","2","0.078","-0.158","-0.150"
"642355","2","0.088","-0.170","-0.156"
"642355","1","-0.868","0.413","-0.139"
"642359","2","0.082","-0.184","-0.162"
"642359","1","-0.927","0.499","-0.073"
"642365","1","-0.933","0.593","-0.002"
"642369","2","0.063","-0.198","-0.175"
"642369","1","-0.902","0.698","0.041"
"642373","2","0.049","-0.200","-0.181"
"642374","1","-0.903","0.742","0.025"
"642378","2","0.035","-0.199","-0.194"
"642383","1","-0.906","0.796","0.082"
"642384","2","0.026","-0.199","-0.212"
"642388","2","0.010","-0.202","-0.235"
"642389","1","-0.873","0.761","0.174"
"642395","1","-0.851","0.699","0.319"
"642399","2","-0.027","-0.203","-0.278"
"642400","1","-0.788","0.633","0.430"
"642403","2","-0.045","-0.191","-0.292"
"642404","1","-0.701","0.578","0.509"
"642409","2","-0.063","-0.172","-0.302"
"642410","1","-0.569","0.556","0.477"
"642414","2","-0.074","-0.155","-0.312"
"642415","1","-0.499","0.496","0.399"
"642419","2","-0.073","-0.140","-0.330"
"642424","1","-0.241","0.427","-0.660"
"642425","2","-0.051","-0.136","-0.361"
"642428","2","-0.039","-0.146","-0.403"
"642429","1","-0.073","0.213","-2.104"
"642433","1","0.256","0.005","-3.901"
"642434","2","0.008","-0.179","-0.462"
"642438","2","0.064","-0.248","-0.512"
"642439","1","0.732","-0.968","-2.839"
"642443","2","0.095","-0.305","-0.487"
"642444","1","1.448","-2.973","-0.356"
"642450","1","2.498","-4.956","1.908"
"642453","2","0.272","-0.244","-0.088"
"642454","1","3.627","-5.794","3.495"
"642458","2","0.475","-0.198","0.210"
"642459","1","4.468","-5.061","3.782"
"642463","2","0.678","-0.223","0.445"
"642464","1","4.706","-3.483","3.405"
"642468","2","0.765","-0.307","0.551"
"642469","1","4.378","-2.065","2.828"
"642473","2","0.691","-0.363","0.527"
"642478","2","0.500","-0.308","0.420"
"642479","1","3.168","-0.629","1.263"
"642483","2","0.258","-0.130","0.284"
"642484","1","2.576","-0.051","0.753"
"642489","2","0.020","0.124","0.155"
"642489","1","2.054","0.526","0.687"
"642493","2","-0.187","0.377","0.051"
"642494","1","1.512","0.975","0.693"
"642498","2","-0.357","0.560","-0.025"
"642498","1","1.037","1.182","0.698"
"642505","2","-0.491","0.629","-0.076"
"642507","2","-0.591","0.596","-0.108"
"642509","1","0.288","1.130","0.330"
"642514","2","-0.649","0.500","-0.113"
"642514","1","0.088","1.023","-0.027"
"642518","1","0.016","0.918","-0.344"
"642518","2","-0.657","0.384","-0.090"
"642523","1","0.027","0.825","-0.593"
"642523","2","-0.626","0.280","-0.046"
"642528","1","0.100","0.708","-0.686"
"642533","2","-0.465","0.169","0.035"
"642533","1","0.235","0.563","-0.626"
"642538","2","-0.363","0.148","0.053"
"642539","1","0.347","0.405","-0.522"
"642543","1","0.476","0.123","-0.478"
"642543","2","-0.263","0.144","0.042"
"642548","1","0.567","-0.360","-0.585"
"642548","2","-0.179","0.150","0.008"
"642552","1","0.587","-0.775","-0.565"
"642553","2","-0.117","0.156","-0.026"
"642561","1","0.608","-0.856","-0.441"
"642562","2","-0.018","0.148","-0.043"
"642563","1","0.657","-0.573","-0.579"
"642568","1","0.687","-0.278","-0.368"
"642569","2","0.076","0.130","-0.019"
"642572","1","0.679","-0.363","0.207"
"642573","2","0.159","0.096","0.016"
"642577","2","0.174","0.067","0.052"
"642578","1","0.633","-0.564","0.303"
"642582","1","0.554","-0.498","0.242"
"642587","2","0.140","0.063","0.104"
"642588","1","0.481","-0.274","0.279"
"642592","2","0.123","0.091","0.113"
"642593","1","0.414","-0.133","0.152"
"642597","2","0.111","0.124","0.108"
"642598","1","0.328","-0.127","0.074"
"642602","2","0.087","0.152","0.087"
"642603","1","0.251","-0.186","0.177"
"642607","1","0.192","-0.246","0.232"
"642608","2","0.057","0.171","0.066"
"642615","2","0.041","0.177","0.051"
"642618","2","0.036","0.176","0.049"
"642618","1","0.099","-0.274","0.126"
"642623","2","0.045","0.170","0.057"
"642623","1","0.063","-0.313","0.138"
"642627","2","0.058","0.163","0.070"
"642628","1","0.009","-0.331","0.178"
"642633","2","0.069","0.151","0.085"
"642634","1","-0.050","-0.298","0.156"
"642637","2","0.076","0.138","0.096"
"642643","1","-0.173","-0.111","0.042"
"642643","2","0.081","0.124","0.105"
"642647","2","0.086","0.115","0.109"
"642648","1","-0.247","-0.014","-0.004"
"642652","2","0.089","0.111","0.104"
"642653","1","-0.309","0.070","-0.044"
"642657","2","0.083","0.112","0.093"
"642658","1","-0.358","0.121","-0.094"
"642662","2","0.071","0.117","0.080"
"642663","1","-0.426","0.160","-0.124"
"642669","1","-0.471","0.181","-0.187"
"642672","2","0.050","0.122","0.056"
"642673","1","-0.505","0.188","-0.281"
"642677","2","0.044","0.122","0.051"
"642678","1","-0.521","0.197","-0.311"
"642682","2","0.035","0.115","0.051"
"642683","1","-0.602","0.201","-0.314"
"642687","2","0.032","0.107","0.054"
"642688","1","-0.663","0.181","-0.332"
"642692","2","0.033","0.094","0.062"
"642697","1","-0.785","0.213","-0.297"
"642697","2","0.038","0.086","0.069"
"642702","2","0.040","0.076","0.076"
"642703","1","-0.830","0.192","-0.267"
"642707","2","0.041","0.069","0.075"
"642708","1","-0.855","0.207","-0.223"
"642712","2","0.041","0.066","0.074"
"642713","1","-0.894","0.224","-0.146"
"642717","2","0.042","0.066","0.073"
"642717","1","-0.945","0.263","-0.102"
"642725","1","-0.969","0.282","-0.096"
"642727","1","-0.972","0.295","-0.090"
"642728","2","0.039","0.068","0.068"
"642732","2","0.035","0.071","0.068"
"642733","1","-1.000","0.358","-0.102"
"642737","2","0.024","0.079","0.068"
"642737","1","-1.036","0.440","-0.124"
"642742","2","0.016","0.084","0.066"
"642743","1","-1.044","0.492","-0.119"
"642747","2","0.006","0.086","0.067"
"642752","1","-1.112","0.554","-0.121"
"642753","2","-0.001","0.092","0.062"
"642757","2","-0.006","0.095","0.057"
"642758","1","-1.148","0.558","-0.114"
"642762","2","-0.011","0.092","0.052"
"642762","1","-1.168","0.534","-0.170"
"642767","2","-0.008","0.087","0.044"
"642767","1","-1.203","0.533","-0.260"
"642772","2","-0.003","0.080","0.036"
"642772","1","-1.211","0.555","-0.308"
"642779","2","0.010","0.072","0.029"
"642781","2","0.025","0.064","0.020"
"642782","1","-1.275","0.601","-0.204"
"642787","2","0.039","0.054","0.010"
"642787","1","-1.309","0.619","-0.195"
"642792","1","-1.277","0.596","-0.182"
"642792","2","0.050","0.041","0.003"
"642796","1","-1.316","0.608","-0.264"
"642797","2","0.055","0.027","-0.004"
"642801","2","0.056","0.014","-0.013"
"642806","2","0.053","0.001","-0.021"
"642808","1","-1.277","0.662","-0.289"
"642812","2","0.042","-0.013","-0.025"
"642816","2","0.034","-0.025","-0.028"
"642817","1","-1.254","0.735","-0.276"
"642821","2","0.031","-0.039","-0.031"
"642822","1","-1.200","0.744","-0.326"
"642826","2","0.022","-0.052","-0.037"
"642827","1","-1.137","0.754","-0.330"
"642833","2","0.013","-0.065","-0.050"
"642837","1","-1.009","0.618","-0.127"
"642837","2","0.000","-0.079","-0.061"
"642842","2","-0.012","-0.086","-0.066"
"642842","1","-0.939","0.578","-0.178"
"642846","2","-0.020","-0.089","-0.070"
"642847","1","-0.844","0.559","-0.203"
"642851","2","-0.023","-0.095","-0.073"
"642852","1","-0.809","0.577","-0.259"
"642857","2","-0.025","-0.101","-0.081"
"642857","1","-0.771","0.619","-0.312"
"642862","1","-0.801","0.674","-0.344"
"642866","2","-0.030","-0.116","-0.097"
"642867","1","-0.838","0.816","-0.445"
"642871","1","-0.907","0.945","-0.565"
"642872","2","-0.024","-0.130","-0.102"
"642876","1","-0.967","1.135","-0.733"
"642877","2","-0.027","-0.152","-0.101"
"642881","2","-0.032","-0.176","-0.104"
"642882","1","-1.053","1.349","-0.907"
"642886","1","-1.100","1.535","-1.050"
"642893","2","-0.056","-0.229","-0.116"
"642894","1","-1.115","1.619","-1.145"
"642896","2","-0.083","-0.258","-0.140"
"642896","1","-1.145","1.610","-1.213"
"642902","2","-0.104","-0.284","-0.168"
"642903","1","-1.102","1.564","-1.207"
"642906","2","-0.106","-0.308","-0.200"
"642907","1","-0.995","1.484","-1.063"
"642911","2","-0.093","-0.333","-0.236"
"642912","1","-0.829","1.309","-0.703"
"642917","1","-0.596","1.029","-0.435"
"642921","2","-0.005","-0.362","-0.294"
"642921","1","-0.252","0.711","-0.424"
"642926","2","0.064","-0.374","-0.317"
"642927","1","0.155","0.244","-0.480"
"642932","2","0.129","-0.378","-0.346"
"642932","1","0.684","-0.339","-1.777"
"642936","2","0.235","-0.396","-0.381"
"642937","1","1.260","-1.093","-2.051"
"642941","1","1.977","-2.672","-0.227"
"642946","2","0.404","-0.410","-0.351"
"642947","1","2.965","-4.583","1.660"
"642951","1","4.071","-5.854","3.382"
"642951","2","0.527","-0.359","-0.204"
"642956","2","0.677","-0.310","0.023"
"642956","1","5.001","-5.815","4.426"
"642961","2","0.837","-0.321","0.258"
"642961","1","5.453","-4.561","4.460"
"642966","2","0.927","-0.385","0.423"
"642966","1","5.339","-3.044","3.983"
"642973","1","4.868","-1.901","3.166"
"642975","2","0.689","-0.381","0.470"
"642976","1","4.257","-1.137","2.083"
"642981","2","0.428","-0.210","0.393"
"642981","1","3.604","-0.574","1.192"
"642986","2","0.147","0.046","0.288"
"642986","1","2.916","-0.062","0.741"
"642991","2","-0.110","0.313","0.186"
"642991","1","2.203","0.398","0.578"
"642996","2","-0.318","0.520","0.097"
"643000","2","-0.471","0.630","0.030"
"643001","1","0.948","0.885","0.374"
"643005","2","-0.569","0.634","-0.014"
"643006","1","0.433","0.806","0.257"
"643011","1","0.076","0.603","0.014"
"643011","2","-0.623","0.556","-0.038"
"643015","1","-0.115","0.413","-0.356"
"643016","2","-0.637","0.443","-0.038"
"643021","2","-0.599","0.328","-0.020"
"643021","1","-0.182","0.316","-0.654"
"643026","2","-0.507","0.233","0.010"
"643030","2","-0.375","0.162","0.037"
"643031","1","-0.018","0.199","-0.858"
"643036","2","-0.228","0.110","0.042"
"643036","1","0.139","0.027","-0.831"
"643041","2","-0.092","0.069","0.020"
"643041","1","0.345","-0.206","-0.761"
"643045","2","0.020","0.035","-0.019"
"643046","1","0.551","-0.394","-0.673"
"643050","1","0.771","-0.513","-0.865"
"643056","2","0.152","0.008","-0.083"
"643057","1","0.965","-0.663","-0.980"
"643061","2","0.176","0.016","-0.091"
"643061","1","1.085","-0.947","-0.460"
"643065","2","0.143","0.034","-0.071"
"643066","1","1.137","-1.111","-0.126"
"643070","2","0.081","0.059","-0.024"
"643072","1","1.085","-0.838","-0.215"
"643076","2","0.041","0.086","0.029"
"643076","1","0.946","-0.336","-0.227"
"643080","1","0.737","-0.006","-0.167"
"643085","1","0.490","-0.021","-0.059"
"643086","2","-0.049","0.108","0.070"
"643091","2","-0.132","0.117","0.055"
"643091","1","0.279","-0.185","-0.006"
"643095","1","0.148","-0.267","-0.069"
"643096","2","-0.220","0.140","0.031"
"643100","2","-0.270","0.174","0.013"
"643101","1","0.075","-0.290","-0.142"
"643105","2","-0.279","0.205","0.006"
"643110","2","-0.266","0.210","0.008"
"643111","1","-0.069","-0.454","-0.101"
"643115","1","-0.157","-0.517","-0.118"
"643116","2","-0.237","0.191","0.008"
"643120","2","-0.198","0.159","0.015"
"643121","1","-0.238","-0.481","-0.168"
"643125","1","-0.287","-0.349","-0.210"
"643125","2","-0.152","0.119","0.028"
"643130","2","-0.105","0.078","0.043"
"643130","1","-0.366","-0.197","-0.221"
"643137","1","-0.448","-0.069","-0.168"
"643140","2","-0.028","0.031","0.056"
"643141","1","-0.518","0.054","-0.185"
"643145","2","-0.015","0.021","0.048"
"643146","1","-0.579","0.158","-0.236"
"643150","2","-0.011","0.025","0.034"
"643151","1","-0.634","0.254","-0.172"
"643155","2","-0.014","0.034","0.016"
"643155","1","-0.670","0.362","-0.059"
"643160","1","-0.707","0.420","0.063"
"643165","2","-0.033","0.055","-0.014"
"643166","1","-0.760","0.412","0.197"
"643170","2","-0.045","0.070","-0.023"
"643171","1","-0.824","0.376","0.321"
"643175","1","-0.873","0.303","0.421"
"643175","2","-0.056","0.083","-0.024"
"643180","2","-0.062","0.093","-0.023"
"643180","1","-0.938","0.242","0.376"
"643185","1","-0.980","0.288","0.239"
"643185","2","-0.067","0.099","-0.016"
"643190","2","-0.065","0.100","-0.009"
"643195","1","-1.237","0.351","0.165"
"643196","2","-0.058","0.099","0.001"
"643200","2","-0.051","0.099","0.003"
"643200","1","-1.389","0.346","0.188"
"643205","2","-0.048","0.104","0.003"
"643205","1","-1.477","0.378","0.236"
"643210","2","-0.042","0.111","0.006"
"643210","1","-1.569","0.428","0.261"
"643215","1","-1.622","0.427","0.249"
"643219","2","-0.019","0.119","0.019"
"643220","1","-1.668","0.431","0.230"
"643225","1","-1.667","0.394","0.201"
"643226","2","-0.007","0.118","0.028"
"643230","2","0.005","0.114","0.035"
"643231","1","-1.706","0.336","0.195"
"643235","2","0.017","0.106","0.042"
"643235","1","-1.701","0.364","0.141"
"643240","2","0.026","0.098","0.053"
"643244","2","0.037","0.093","0.062"
"643249","2","0.054","0.086","0.072"
"643250","1","-1.654","0.443","-0.010"
"643254","2","0.069","0.076","0.078"
"643255","1","-1.650","0.488","-0.054"
"643259","2","0.080","0.071","0.080"
"643260","1","-1.648","0.510","-0.105"
"643264","1","-1.643","0.527","-0.127"
"643265","2","0.089","0.061","0.080"
"643270","2","0.095","0.054","0.079"
"643270","1","-1.593","0.563","-0.189"
"643277","2","0.097","0.048","0.077"
"643280","2","0.102","0.041","0.073"
"643280","1","-1.462","0.585","-0.398"
"643284","2","0.105","0.032","0.068"
"643285","1","-1.431","0.622","-0.507"
"643289","2","0.109","0.014","0.064"
"643290","1","-1.389","0.637","-0.541"
"643294","2","0.107","-0.004","0.060"
"643295","1","-1.359","0.643","-0.550"
"643299","2","0.102","-0.023","0.055"
"643305","2","0.095","-0.043","0.049"
"643306","1","-1.240","0.618","-0.542"
"643310","2","0.087","-0.060","0.040"
"643310","1","-1.166","0.565","-0.573"
"643314","1","-1.019","0.529","-0.541"
"643315","2","0.084","-0.080","0.031"
"643319","2","0.087","-0.099","0.023"
"643320","1","-0.907","0.530","-0.490"
"643324","1","-0.794","0.510","-0.474"
"643325","2","0.089","-0.118","0.013"
"643331","2","0.096","-0.137","0.003"
"643334","2","0.099","-0.152","-0.011"
"643335","1","-0.638","0.521","-0.583"
"643339","2","0.108","-0.166","-0.022"
"643340","1","-0.599","0.616","-0.635"
"643344","2","0.121","-0.182","-0.040"
"643344","1","-0.622","0.723","-0.688"
"643349","1","-0.669","0.793","-0.697"
"643350","2","0.124","-0.201","-0.061"
"643354","1","-0.737","0.853","-0.742"
"643359","2","0.100","-0.247","-0.108"
"643360","1","-0.768","0.941","-0.846"
"643364","2","0.087","-0.271","-0.128"
"643364","1","-0.795","1.066","-0.861"
"643369","2","0.078","-0.298","-0.150"
"643369","1","-0.792","1.138","-0.732"
"643374","1","-0.728","1.155","-0.503"
"643375","2","0.075","-0.336","-0.172"
"643379","2","0.073","-0.377","-0.197"
"643380","1","-0.576","1.084","-0.411"
"643387","2","0.062","-0.406","-0.217"
"643390","1","0.009","0.982","-1.779"
"643391","2","0.064","-0.434","-0.243"
"643394","2","0.068","-0.456","-0.286"
"643395","1","0.426","0.925","-3.782"
"643401","2","0.109","-0.506","-0.359"
"643401","1","0.961","0.487","-4.632"
"643404","2","0.146","-0.581","-0.420"
"643405","1","1.710","-1.154","-2.558"
"643409","2","0.159","-0.620","-0.386"
"643414","2","0.184","-0.547","-0.197"
"643415","1","4.572","-5.920","5.454"
"643419","2","0.291","-0.377","0.124"
"643420","1","6.143","-6.277","6.234"
"643424","2","0.511","-0.242","0.448"
"643424","1","6.842","-4.549","5.076"
"643429","2","0.725","-0.227","0.626"
"643429","1","6.566","-2.407","3.972"
"643434","2","0.792","-0.288","0.595"
"643434","1","5.747","-1.076","2.875"
"643441","2","0.689","-0.292","0.422"
"643444","2","0.431","-0.155","0.197"
"643444","1","3.761","-0.251","1.254"
"643450","2","0.108","0.118","0.006"
"643451","1","2.863","0.246","0.919"
"643454","2","-0.171","0.449","-0.115"
"643454","1","2.039","0.927","0.752"
"643459","2","-0.397","0.729","-0.166"
"643459","1","1.236","1.443","0.741"
"643464","2","-0.594","0.872","-0.174"
"643469","2","-0.776","0.872","-0.163"
"643469","1","-0.195","1.494","0.468"
"643473","2","-0.943","0.772","-0.144"
"643474","1","-0.670","1.162","0.073"
"643478","2","-1.071","0.627","-0.119"
"643479","1","-0.914","0.824","-0.274"
"643483","2","-1.125","0.489","-0.084"
"643484","1","-0.918","0.521","-0.398"
"643489","2","-1.091","0.387","-0.038"
"643489","1","-0.731","0.227","-0.432"
"643495","1","-0.451","-0.078","-0.532"
"643499","2","-0.798","0.294","0.031"
"643500","1","-0.129","-0.398","-0.603"
"643504","2","-0.587","0.273","0.026"
"643504","1","0.184","-0.743","-0.580"
"643509","2","-0.382","0.247","-0.009"
"643509","1","0.436","-1.080","-0.738"
"643514","2","-0.202","0.216","-0.057"
"643514","1","0.637","-1.284","-0.663"
"643519","2","-0.030","0.183","-0.091"
"643524","2","0.094","0.163","-0.094"
"643525","1","0.920","-1.499","-0.218"
"643529","2","0.193","0.153","-0.063"
"643530","1","0.914","-1.203","-0.346"
"643534","2","0.275","0.149","-0.016"
"643534","1","0.805","-0.827","-0.207"
"643538","2","0.318","0.145","0.032"
"643539","1","0.646","-0.586","-0.164"
"643543","2","0.328","0.148","0.067"
"643544","1","0.465","-0.551","-0.055"
"643549","1","0.322","-0.603","0.176"
"643553","1","0.263","-0.555","0.324"
"643554","2","0.219","0.143","0.094"
"643559","2","0.133","0.150","0.110"
"643559","1","0.256","-0.469","0.334"
"643563","2","0.055","0.167","0.127"
"643564","1","0.263","-0.415","0.361"
"643568","2","-0.019","0.182","0.147"
"643569","1","0.253","-0.404","0.337"
"643573","2","-0.081","0.191","0.159"
"643579","1","0.217","-0.444","0.002"
"643580","2","-0.134","0.199","0.161"
"643584","1","0.173","-0.492","-0.206"
"643584","2","-0.175","0.204","0.158"
"643588","2","-0.205","0.202","0.152"
"643589","1","0.115","-0.528","-0.383"
"643593","2","-0.227","0.198","0.149"
"643594","1","0.087","-0.536","-0.587"
"643599","2","-0.229","0.186","0.152"
"643599","1","0.007","-0.513","-0.730"
"643604","1","-0.035","-0.499","-0.783"
"643608","1","-0.072","-0.508","-0.768"
"643609","2","-0.178","0.139","0.181"
"643615","1","-0.099","-0.530","-0.754"
"643617","2","-0.130","0.105","0.202"
"643618","2","-0.080","0.064","0.218"
"643619","1","-0.105","-0.520","-0.807"
"643623","2","-0.028","0.028","0.232"
"643624","1","-0.117","-0.457","-0.847"
"643628","2","0.017","-0.011","0.240"
"643633","1","-0.035","-0.332","-0.778"
"643633","2","0.053","-0.045","0.241"
"643638","2","0.078","-0.071","0.235"
"643639","1","-0.023","-0.208","-0.771"
"643643","1","-0.010","-0.125","-0.724"
"643643","2","0.084","-0.090","0.220"
"643648","2","0.074","-0.103","0.208"
"643649","1","0.012","-0.036","-0.752"
"643653","1","0.011","0.084","-0.731"
"643653","2","0.045","-0.108","0.192"
"643658","2","0.004","-0.107","0.183"
"643663","2","-0.045","-0.103","0.170"
"643663","1","-0.074","0.249","-0.711"
"643668","2","-0.101","-0.098","0.158"
"643673","1","-0.116","0.287","-0.689"
"643673","2","-0.159","-0.090","0.143"
"643678","1","-0.188","0.301","-0.641"
"643678","2","-0.213","-0.086","0.127"
"643683","1","-0.283","0.256","-0.500"
"643683","2","-0.260","-0.080","0.112"
"643688","2","-0.294","-0.076","0.097"
"643693","2","-0.315","-0.075","0.088"
"643693","1","-0.300","0.157","-0.236"
"643698","2","-0.320","-0.081","0.077"
"643698","1","-0.346","0.098","-0.221"
"643703","2","-0.313","-0.097","0.063"
"643703","1","-0.346","0.046","-0.274"
"643708","1","-0.342","-0.010","-0.295"
"643709","2","-0.296","-0.110","0.049"
"643712","1","-0.331","-0.024","-0.378"
"643717","2","-0.237","-0.128","0.024"
"643718","1","-0.302","0.005","-0.426"
"643723","1","-0.339","0.047","-0.398"
"643724","2","-0.208","-0.137","0.012"
"643728","1","-0.386","0.104","-0.359"
"643728","2","-0.182","-0.147","0.005"
"643732","2","-0.172","-0.153","-0.001"
"643733","1","-0.385","0.163","-0.310"
"643738","2","-0.170","-0.159","-0.005"
"643738","1","-0.382","0.251","-0.248"
"643748","1","-0.401","0.361","-0.271"
"643749","2","-0.194","-0.165","-0.014"
"643753","2","-0.216","-0.161","-0.025"
"643754","1","-0.394","0.403","-0.372"
"643757","2","-0.237","-0.158","-0.042"
"643758","1","-0.437","0.451","-0.504"
"643762","2","-0.261","-0.158","-0.062"
"643763","1","-0.475","0.487","-0.557"
"643767","1","-0.492","0.515","-0.550"
"643768","2","-0.283","-0.160","-0.082"
"643775","1","-0.505","0.531","-0.502"
"643777","2","-0.328","-0.161","-0.113"
"643778","1","-0.486","0.551","-0.477"
"643782","2","-0.342","-0.167","-0.119"
"643783","1","-0.481","0.554","-0.410"
"643787","1","-0.466","0.590","-0.325"
"643788","2","-0.349","-0.172","-0.123"
"643792","2","-0.349","-0.179","-0.125"
"643793","1","-0.467","0.622","-0.295"
"643797","1","-0.436","0.603","-0.281"
"643803","2","-0.317","-0.201","-0.140"
"643803","1","-0.452","0.581","-0.249"
"643807","2","-0.292","-0.220","-0.158"
"643808","1","-0.464","0.579","-0.252"
"643812","2","-0.262","-0.244","-0.170"
"643813","1","-0.458","0.584","-0.239"
"643817","1","-0.477","0.577","-0.213"
"643818","2","-0.234","-0.273","-0.181"
"643822","2","-0.206","-0.301","-0.189"
"643823","1","-0.465","0.564","-0.198"
"643827","1","-0.442","0.539","-0.130"
"643832","1","-0.413","0.475","-0.034"
"643833","2","-0.155","-0.353","-0.191"
"643838","2","-0.134","-0.373","-0.187"
"643839","1","-0.363","0.428","0.042"
"643842","1","-0.278","0.380","0.155"
"643843","2","-0.112","-0.388","-0.182"
"643847","2","-0.098","-0.402","-0.177"
"643847","1","-0.175","0.293","0.263"
"643852","1","-0.049","0.206","0.344"
"643857","1","0.069","0.145","0.432"
"643858","2","-0.079","-0.405","-0.165"
"643862","2","-0.070","-0.398","-0.157"
"643863","1","0.166","0.075","0.462"
"643867","2","-0.067","-0.386","-0.154"
"643868","1","0.219","0.046","0.497"
"643873","2","-0.064","-0.373","-0.152"
"643874","1","0.228","0.039","0.547"
"643877","2","-0.063","-0.361","-0.153"
"643878","1","0.230","0.025","0.594"
"643883","1","0.204","0.016","0.642"
"643896","2","-0.078","-0.264","-0.145"
"643902","1","0.091","-0.035","0.832"
"643903","1","0.048","-0.035","0.832"
"643903","2","-0.102","-0.246","-0.136"
"643907","2","-0.102","-0.229","-0.126"
"643908","1","0.012","-0.039","0.880"
"643912","2","-0.097","-0.214","-0.119"
"643912","1","-0.044","-0.049","0.909"
"643917","2","-0.092","-0.203","-0.111"
"643922","2","-0.084","-0.194","-0.107"
"643922","1","-0.120","-0.131","0.900"
"643927","1","-0.143","-0.137","0.859"
"643929","2","-0.077","-0.188","-0.104"
"643931","1","-0.162","-0.082","0.831"
"643932","2","-0.071","-0.178","-0.099"
"643937","2","-0.062","-0.169","-0.095"
"643937","1","-0.196","-0.012","0.773"
"643942","1","-0.217","0.030","0.718"
"643942","2","-0.053","-0.163","-0.089"
"643947","1","-0.227","0.031","0.708"
"643952","2","-0.039","-0.146","-0.087"
"643952","1","-0.241","0.021","0.685"
"643956","2","-0.034","-0.132","-0.085"
"643957","1","-0.215","0.018","0.635"
"643962","2","-0.029","-0.115","-0.085"
"643962","1","-0.197","0.013","0.574"
"643966","2","-0.023","-0.098","-0.083"
"643966","1","-0.215","0.012","0.533"
"643971","1","-0.229","0.019","0.442"
"643976","2","-0.018","-0.081","-0.083"
"643977","1","-0.226","0.024","0.323"
"643981","1","-0.209","0.025","0.263"
"643982","2","-0.017","-0.077","-0.085"
"643986","2","-0.021","-0.078","-0.085"
"643987","1","-0.230","0.064","0.205"
"643991","2","-0.031","-0.075","-0.085"
"643992","1","-0.218","0.079","0.180"
"643996","1","-0.216","0.084","0.224"
"643997","2","-0.038","-0.069","-0.082"
"644004","2","-0.043","-0.058","-0.077"
"644007","1","-0.167","0.181","0.245"
"644008","2","-0.051","-0.049","-0.072"
"644011","2","-0.054","-0.043","-0.069"
"644012","1","-0.152","0.238","0.274"
"644016","2","-0.058","-0.044","-0.069"
"644017","1","-0.114","0.301","0.246"
"644021","2","-0.055","-0.042","-0.071"
"644022","1","-0.070","0.313","0.203"
"644026","2","-0.048","-0.039","-0.078"
"644031","2","-0.037","-0.034","-0.089"
"644032","1","-0.029","0.321","0.212"
"644036","2","-0.027","-0.030","-0.100"
"644037","1","-0.010","0.311","0.207"
"644041","1","0.008","0.322","0.167"
"644042","2","-0.016","-0.026","-0.112"
"644046","2","-0.007","-0.020","-0.127"
"644047","1","0.020","0.310","0.107"
"644051","2","0.002","-0.013","-0.141"
"644052","1","0.055","0.247","0.091"
"644056","2","0.007","-0.008","-0.151"
"644061","1","0.132","0.177","0.051"
"644063","2","0.008","-0.008","-0.158"
"644066","2","0.005","-0.005","-0.162"
"644067","1","0.164","0.162","0.037"
"644072","1","0.211","0.141","0.062"
"644072","2","-0.003","-0.004","-0.161"
"644076","1","0.262","0.105","0.074"
"644076","2","-0.010","0.002","-0.159"
"644081","2","-0.023","0.014","-0.159"
"644086","2","-0.037","0.026","-0.163"
"644087","1","0.276","-0.034","0.105"
"644091","2","-0.052","0.039","-0.169"
"644092","1","0.307","-0.142","0.156"
"644096","2","-0.059","0.059","-0.174"
"644101","2","-0.063","0.071","-0.175"
"644101","1","0.333","-0.237","0.225"
"644106","1","0.350","-0.277","0.280"
"644106","2","-0.065","0.083","-0.174"
"644111","2","-0.066","0.086","-0.167"
"644116","2","-0.060","0.085","-0.158"
"644117","1","0.292","-0.431","0.270"
"644121","2","-0.050","0.082","-0.149"
"644122","1","0.249","-0.442","0.259"
"644126","2","-0.040","0.078","-0.139"
"644127","1","0.212","-0.408","0.275"
"644131","2","-0.034","0.070","-0.128"
"644131","1","0.153","-0.381","0.237"
"644136","1","0.103","-0.333","0.176"
"644136","2","-0.029","0.063","-0.120"
