"372199","2","0.097","0.017","0.009"
"372200","1","0.215","-0.404","-0.454"
"372202","2","0.112","0.032","0.011"
"372203","1","0.234","-0.187","-0.328"
"372208","2","0.115","0.042","0.013"
"372209","1","0.191","0.107","-0.257"
"372211","2","0.102","0.055","0.014"
"372212","1","0.087","0.345","-0.197"
"372217","2","0.078","0.066","0.010"
"372218","1","0.005","0.472","-0.113"
"372227","1","-0.095","0.646","0.132"
"372229","2","-0.029","0.077","0.015"
"372231","2","-0.085","0.082","0.022"
"372232","1","-0.152","0.641","0.228"
"372236","2","-0.131","0.081","0.031"
"372237","1","-0.214","0.565","0.274"
"372243","2","-0.173","0.077","0.028"
"372244","1","-0.255","0.351","0.307"
"372246","2","-0.203","0.068","0.023"
"372246","1","-0.259","0.126","0.270"
"372259","2","-0.186","0.045","0.022"
"372261","1","-0.165","-0.092","0.083"
"372263","2","-0.137","0.028","0.024"
"372264","1","-0.088","-0.161","-0.171"
"372296","2","0.132","-0.016","0.027"
"372297","1","0.190","-0.024","-0.171"
"372301","1","0.174","-0.021","-0.104"
"372302","2","0.107","0.001","0.021"
"372306","2","0.062","0.015","0.015"
"372307","1","0.161","0.008","-0.040"
"372313","2","0.014","0.032","0.011"
"372314","1","0.147","0.295","0.087"
"372316","2","-0.032","0.049","0.010"
"372318","1","0.111","0.295","0.087"
"372320","2","-0.075","0.062","0.014"
"372321","1","0.074","0.365","0.089"
"372329","2","-0.119","0.075","0.023"
"372336","1","-0.029","0.026","0.187"
"372337","2","-0.201","0.078","0.024"
"372339","2","-0.226","0.071","0.023"
"372403","2","0.075","0.018","-0.016"
"372404","1","0.271","0.047","0.120"
"372405","2","0.038","0.029","-0.019"
"372405","1","0.268","0.047","0.120"
"372411","2","-0.009","0.044","-0.021"
"372411","1","0.244","0.007","0.230"
"372414","2","-0.057","0.058","-0.021"
"372415","1","0.180","-0.091","0.260"
"372420","1","0.130","-0.167","0.276"
"372422","2","-0.102","0.069","-0.022"
"372434","1","0.090","-0.228","0.260"
"372435","2","-0.154","0.041","-0.044"
"372446","1","0.081","-0.309","0.192"
"372448","1","0.083","-0.343","0.144"
"372449","2","-0.104","0.029","-0.049"
"372453","2","-0.082","0.020","-0.054"
"372454","1","0.063","-0.418","0.082"
"372458","2","-0.056","0.015","-0.061"
"372459","1","0.093","-0.474","0.029"
"372462","2","-0.031","0.016","-0.070"
"372469","2","-0.006","0.018","-0.078"
"372470","1","0.188","-0.436","-0.067"
"372473","2","0.014","0.022","-0.086"
"372473","1","0.185","-0.403","-0.182"
"372477","2","0.027","0.026","-0.095"
"372486","1","0.228","-0.373","-0.285"
"372499","2","0.025","0.056","-0.139"
"372500","1","0.213","-0.125","-0.176"
"372502","2","0.014","0.069","-0.142"
"372503","1","0.137","-0.081","-0.137"
"372508","2","0.007","0.086","-0.147"
"372508","1","0.030","-0.087","-0.049"
"372513","2","-0.004","0.095","-0.156"
"372516","1","-0.094","-0.170","0.116"
"372523","2","-0.009","0.084","-0.186"
"372523","1","-0.339","-0.354","0.292"
"372527","2","0.007","0.067","-0.205"
"372527","1","-0.422","-0.409","0.294"
"372532","2","0.029","0.045","-0.216"
"372532","1","-0.472","-0.448","0.276"
"372539","1","-0.506","-0.476","0.260"
"372542","2","0.087","-0.010","-0.230"
"372543","1","-0.509","-0.475","0.250"
"372547","2","0.117","-0.034","-0.237"
"372547","1","-0.468","-0.443","0.191"
"372551","2","0.143","-0.057","-0.246"
"372552","1","-0.439","-0.456","0.044"
"372556","2","0.158","-0.073","-0.258"
"372557","1","-0.412","-0.573","-0.109"
"372561","2","0.155","-0.084","-0.278"
"372567","2","0.146","-0.081","-0.296"
"372568","1","-0.339","-0.710","-0.254"
"372571","2","0.140","-0.060","-0.285"
"372572","1","-0.294","-0.416","-0.193"
"372576","2","0.153","-0.028","-0.241"
"372577","1","-0.302","0.081","-0.097"
"372581","2","0.182","0.007","-0.194"
"372582","1","-0.394","0.528","0.001"
"372586","2","0.215","0.031","-0.173"
"372587","1","-0.533","0.778","0.060"
"372593","1","-0.661","0.901","0.164"
"372596","2","0.190","0.019","-0.199"
"372597","1","-0.747","1.024","0.315"
"372601","2","0.126","-0.006","-0.209"
"372601","1","-0.797","1.115","0.435"
"372606","2","0.058","-0.034","-0.204"
"372606","1","-0.772","1.131","0.542"
"372611","2","-0.001","-0.051","-0.186"
"372611","1","-0.747","1.036","0.601"
"372616","2","-0.051","-0.056","-0.167"
"372621","2","-0.087","-0.060","-0.156"
"372622","1","-0.673","0.460","0.502"
"372627","1","-0.581","0.201","0.434"
"372627","2","-0.105","-0.061","-0.151"
"372630","2","-0.101","-0.061","-0.150"
"372631","1","-0.482","0.003","0.396"
"372635","2","-0.075","-0.069","-0.150"
"372636","1","-0.386","-0.098","0.236"
"372640","2","-0.035","-0.081","-0.152"
"372641","1","-0.266","-0.181","0.040"
"372648","1","-0.158","-0.240","-0.141"
"372650","2","0.068","-0.117","-0.150"
"372651","1","-0.085","-0.264","-0.237"
"372655","2","0.104","-0.126","-0.151"
"372656","1","-0.031","-0.269","-0.216"
"372660","2","0.128","-0.122","-0.151"
"372661","1","0.016","-0.214","-0.242"
"372665","2","0.140","-0.106","-0.152"
"372666","1","0.016","-0.114","-0.178"
"372670","2","0.142","-0.081","-0.156"
"372676","2","0.134","-0.056","-0.161"
"372676","1","-0.067","-0.039","-0.156"
"372680","2","0.109","-0.034","-0.166"
"372685","2","0.070","-0.023","-0.168"
"372685","1","-0.134","-0.034","-0.147"
"372690","2","0.029","-0.018","-0.167"
"372690","1","-0.159","-0.065","0.006"
"372694","2","-0.006","-0.017","-0.165"
"372695","1","-0.187","-0.003","0.063"
"372700","2","-0.040","-0.018","-0.160"
"372709","2","-0.062","-0.019","-0.149"
"372710","1","-0.214","-0.140","0.263"
"372710","2","-0.085","-0.019","-0.149"
"372714","2","-0.104","-0.022","-0.152"
"372715","1","-0.255","-0.272","0.316"
"372719","2","-0.113","-0.026","-0.161"
"372720","1","-0.249","-0.363","0.325"
"372724","2","-0.115","-0.035","-0.172"
"372725","1","-0.257","-0.421","0.293"
"372729","2","-0.099","-0.046","-0.180"
"372737","2","-0.074","-0.055","-0.191"
"372741","1","-0.198","-0.403","0.260"
"372742","2","-0.045","-0.067","-0.194"
"372743","1","-0.140","-0.389","0.240"
"372744","2","-0.017","-0.077","-0.195"
"372745","1","-0.138","-0.388","0.208"
"372749","2","0.007","-0.089","-0.196"
"372749","1","-0.128","-0.361","0.190"
"372755","2","0.025","-0.098","-0.202"
"372756","1","-0.137","-0.335","0.173"
"372761","1","-0.170","-0.272","0.152"
"372764","2","0.045","-0.110","-0.223"
"372765","1","-0.182","-0.205","0.131"
"372769","2","0.042","-0.113","-0.233"
"372770","1","-0.188","-0.143","0.138"
"372774","2","0.036","-0.118","-0.242"
"372774","1","-0.188","-0.088","0.104"
"372779","2","0.028","-0.118","-0.245"
"372780","1","-0.161","-0.042","0.044"
"372784","2","0.022","-0.119","-0.246"
"372790","2","0.015","-0.123","-0.247"
"372791","1","-0.085","-0.011","0.063"
"372794","2","0.010","-0.125","-0.246"
"372795","1","-0.070","-0.005","0.152"
"372799","2","0.003","-0.125","-0.246"
"372800","1","-0.085","-0.004","0.205"
"372803","2","-0.005","-0.128","-0.249"
"372804","1","-0.109","-0.051","0.234"
"372808","2","-0.012","-0.131","-0.251"
"372809","1","-0.139","-0.090","0.244"
"372816","1","-0.175","-0.099","0.290"
"372819","2","-0.019","-0.136","-0.251"
"372820","1","-0.204","-0.105","0.355"
"372823","2","-0.026","-0.143","-0.254"
"372824","1","-0.216","-0.068","0.407"
"372828","2","-0.026","-0.152","-0.255"
"372828","1","-0.218","-0.006","0.418"
"372833","2","-0.028","-0.164","-0.255"
"372833","1","-0.193","0.032","0.375"
"372838","2","-0.027","-0.178","-0.254"
"372844","2","-0.025","-0.188","-0.258"
"372845","1","-0.101","0.051","0.310"
"372848","2","-0.028","-0.200","-0.261"
"372848","1","-0.074","-0.046","0.219"
"372853","2","-0.030","-0.208","-0.265"
"372853","1","-0.023","-0.123","0.126"
"372858","2","-0.033","-0.215","-0.271"
"372858","1","0.033","-0.113","0.009"
"372862","2","-0.023","-0.217","-0.275"
"372863","1","0.132","-0.078","-0.123"
"372871","1","0.241","-0.031","-0.186"
"372875","2","0.007","-0.209","-0.275"
"372875","1","0.284","-0.011","-0.268"
"372878","2","0.012","-0.197","-0.271"
"372879","1","0.291","-0.078","-0.244"
"372882","2","0.007","-0.185","-0.269"
"372883","1","0.271","-0.139","-0.247"
"372887","2","-0.003","-0.169","-0.270"
"372888","1","0.206","-0.132","-0.192"
"372892","2","-0.018","-0.156","-0.269"
"372898","2","-0.032","-0.143","-0.268"
"372899","1","0.070","0.057","-0.047"
"372902","2","-0.039","-0.134","-0.263"
"372903","1","0.003","0.108","0.047"
"372907","2","-0.049","-0.130","-0.260"
"372908","1","-0.078","0.114","0.148"
"372912","2","-0.066","-0.134","-0.258"
"372913","1","-0.149","0.078","0.234"
"372917","2","-0.085","-0.142","-0.258"
"372918","1","-0.170","0.097","0.331"
"372927","2","-0.094","-0.170","-0.256"
"372928","1","-0.190","0.148","0.233"
"372932","2","-0.090","-0.187","-0.256"
"372932","1","-0.180","0.114","0.241"
"372937","1","-0.136","0.041","0.239"
"372938","2","-0.083","-0.201","-0.256"
"372941","2","-0.075","-0.219","-0.262"
"372943","1","-0.091","-0.060","0.223"
"372947","2","-0.067","-0.231","-0.268"
"372947","1","0.016","-0.087","0.090"
"372955","2","-0.056","-0.242","-0.278"
"372958","1","0.219","-0.106","-0.147"
"372958","2","-0.040","-0.249","-0.281"
"372962","1","0.290","-0.109","-0.210"
"372962","2","-0.026","-0.248","-0.279"
"372966","1","0.346","-0.095","-0.260"
"372981","2","0.007","-0.209","-0.264"
"372988","2","0.008","-0.196","-0.257"
"372989","1","0.468","0.183","-0.431"
"372991","2","-0.000","-0.184","-0.246"
"372997","2","-0.013","-0.178","-0.237"
"372998","1","0.531","0.205","-0.309"
"373001","2","-0.030","-0.168","-0.227"
"373001","1","0.535","0.184","-0.299"
"373006","2","-0.031","-0.164","-0.220"
"373006","1","0.541","0.187","-0.312"
"373011","2","-0.028","-0.159","-0.212"
"373012","1","0.548","0.219","-0.316"
"373016","2","-0.028","-0.149","-0.203"
"373016","1","0.575","0.214","-0.269"
"373023","1","0.570","0.165","-0.237"
"373026","2","-0.035","-0.147","-0.207"
"373026","1","0.574","0.162","-0.291"
"373030","2","-0.033","-0.146","-0.213"
"373031","1","0.599","0.229","-0.416"
"373035","2","-0.039","-0.150","-0.220"
"373036","1","0.643","0.289","-0.442"
"373040","2","-0.043","-0.149","-0.219"
"373041","1","0.707","0.337","-0.423"
"373045","2","-0.052","-0.142","-0.215"
"373051","2","-0.058","-0.133","-0.213"
"373052","1","0.763","0.319","-0.514"
"373055","2","-0.059","-0.124","-0.208"
"373056","1","0.759","0.314","-0.634"
"373060","2","-0.051","-0.114","-0.205"
"373062","1","0.764","0.348","-0.738"
"373065","2","-0.036","-0.105","-0.200"
"373066","1","0.772","0.451","-0.786"
"373070","2","-0.012","-0.095","-0.185"
"373071","1","0.817","0.583","-0.794"
"373077","1","0.881","0.714","-0.761"
"373080","2","0.057","-0.073","-0.149"
"373081","1","0.926","0.848","-0.740"
"373084","2","0.084","-0.065","-0.127"
"373085","1","0.956","1.033","-0.675"
"373089","2","0.111","-0.053","-0.098"
"373090","1","0.994","1.241","-0.532"
"373094","2","0.132","-0.032","-0.067"
"373095","1","1.018","1.451","-0.437"
"373099","2","0.152","-0.013","-0.031"
"373105","2","0.165","0.006","0.007"
"373106","1","0.939","1.734","-0.200"
"373109","2","0.164","0.023","0.042"
"373110","1","0.908","1.764","-0.166"
"373114","2","0.144","0.036","0.074"
"373115","1","0.858","1.773","-0.215"
"373119","2","0.102","0.043","0.105"
"373120","1","0.802","1.761","-0.312"
"373124","2","0.049","0.052","0.133"
"373125","1","0.785","1.713","-0.454"
"373132","1","0.808","1.576","-0.586"
"373134","2","-0.083","0.068","0.192"
"373135","1","0.826","1.387","-0.582"
"373139","2","-0.141","0.087","0.222"
"373140","1","0.833","1.177","-0.548"
"373144","2","-0.185","0.115","0.249"
"373144","1","0.835","0.929","-0.560"
"373148","2","-0.209","0.143","0.268"
"373149","1","0.795","0.688","-0.538"
"373153","2","-0.215","0.164","0.281"
"373159","1","0.675","0.305","-0.488"
"373160","2","-0.203","0.174","0.283"
"373163","2","-0.175","0.172","0.276"
"373164","1","0.621","0.218","-0.371"
"373169","2","-0.140","0.164","0.270"
"373173","2","-0.106","0.154","0.266"
"373174","1","0.557","0.158","-0.247"
"373178","2","-0.075","0.140","0.263"
"373179","1","0.472","0.141","-0.117"
"373183","1","0.384","0.153","-0.021"
"373189","1","0.274","0.150","0.006"
"373190","2","-0.017","0.111","0.265"
"373193","1","0.186","0.121","0.097"
"373194","2","-0.001","0.097","0.265"
"373198","2","0.006","0.083","0.255"
"373199","1","0.101","0.043","0.116"
"373203","2","0.003","0.065","0.239"
"373204","1","0.086","-0.041","0.132"
"373208","2","-0.002","0.046","0.221"
"373209","1","0.124","-0.099","0.080"
"373215","1","0.215","-0.147","-0.002"
"373218","2","0.001","0.026","0.205"
"373219","1","0.319","-0.138","-0.135"
"373223","2","0.018","0.028","0.208"
"373224","1","0.406","-0.087","-0.349"
"373228","1","0.494","-0.026","-0.514"
"373229","2","0.048","0.037","0.211"
"373233","1","0.500","-0.013","-0.648"
"373233","2","0.083","0.054","0.215"
"373238","1","0.459","-0.046","-0.703"
"373243","1","0.379","-0.085","-0.682"
"373244","2","0.131","0.104","0.217"
"373248","1","0.313","-0.055","-0.605"
"373248","2","0.144","0.123","0.219"
"373256","1","0.230","-0.007","-0.487"
"373257","2","0.146","0.134","0.221"
"373262","2","0.126","0.148","0.233"
"373263","1","0.091","0.162","-0.164"
"373267","2","0.096","0.150","0.241"
"373268","1","-0.011","0.207","-0.080"
"373274","1","-0.086","0.223","-0.011"
"373278","2","0.019","0.152","0.255"
"373278","1","-0.146","0.279","0.056"
"373282","2","-0.024","0.152","0.263"
"373283","1","-0.170","0.344","0.113"
"373287","2","-0.055","0.155","0.272"
"373287","1","-0.126","0.405","0.145"
"373292","2","-0.079","0.159","0.285"
"373292","1","-0.095","0.414","0.154"
"373297","2","-0.096","0.156","0.295"
"373302","1","-0.062","0.201","0.119"
"373303","2","-0.107","0.155","0.300"
"373307","2","-0.104","0.155","0.306"
"373307","1","-0.046","0.067","0.057"
"373312","1","-0.028","-0.050","0.017"
"373312","2","-0.092","0.154","0.308"
"373321","1","0.020","-0.131","0.048"
"373321","2","-0.074","0.157","0.314"
"373322","1","0.047","-0.189","0.047"
"373323","2","-0.047","0.157","0.316"
"373329","2","-0.019","0.151","0.314"
"373331","2","0.007","0.146","0.305"
"373332","1","0.134","-0.317","0.054"
"373336","2","0.025","0.139","0.292"
"373337","1","0.152","-0.371","0.049"
"373341","2","0.031","0.134","0.279"
"373342","1","0.154","-0.379","0.010"
"373346","2","0.034","0.134","0.268"
"373346","1","0.171","-0.319","-0.046"
"373351","2","0.032","0.136","0.261"
"373356","2","0.023","0.146","0.257"
"373357","1","0.213","-0.217","-0.132"
"373361","2","0.007","0.154","0.255"
"373361","1","0.219","-0.157","-0.084"
"373366","2","-0.009","0.166","0.259"
"373366","1","0.199","-0.083","-0.052"
"373371","2","-0.019","0.178","0.264"
"373371","1","0.172","-0.030","-0.061"
"373375","2","-0.025","0.193","0.273"
"373376","1","0.110","0.039","-0.091"
"373383","1","0.021","0.014","-0.041"
"373386","2","-0.028","0.207","0.275"
"373387","1","-0.030","-0.042","0.048"
"373391","2","-0.035","0.207","0.274"
"373391","1","-0.005","-0.026","0.168"
"373396","2","-0.043","0.203","0.274"
"373396","1","-0.009","0.008","0.292"
"373400","2","-0.056","0.201","0.277"
"373401","1","-0.029","0.051","0.362"
"373405","2","-0.067","0.198","0.283"
"373413","2","-0.072","0.196","0.284"
"373415","2","-0.075","0.189","0.285"
"373417","1","-0.110","0.133","0.355"
"373420","2","-0.078","0.177","0.280"
"373421","1","-0.117","0.135","0.327"
"373425","2","-0.083","0.165","0.269"
"373426","1","-0.088","0.155","0.326"
"373430","2","-0.092","0.156","0.258"
"373432","1","-0.006","0.143","0.283"
"373441","2","-0.105","0.144","0.248"
"373446","1","-0.069","0.130","0.238"
"373448","2","-0.106","0.145","0.248"
"373450","2","-0.107","0.150","0.247"
"373451","1","-0.138","0.079","0.267"
"373455","2","-0.098","0.154","0.243"
"373475","1","-0.473","-0.231","0.076"
"373476","2","0.026","0.112","0.255"
"373479","2","0.060","0.088","0.253"
"373480","1","-0.476","-0.262","0.093"
"373484","2","0.084","0.069","0.246"
"373490","1","-0.426","-0.415","0.110"
"373492","2","0.102","0.049","0.235"
"373494","1","-0.391","-0.430","0.071"
"373496","2","0.113","0.040","0.224"
"373499","2","0.112","0.042","0.212"
"373500","1","-0.402","-0.442","0.105"
"373504","2","0.096","0.052","0.192"
"373505","1","-0.450","-0.445","0.096"
"373516","1","-0.487","-0.352","0.016"
"373517","2","0.028","0.077","0.130"
"373524","1","-0.579","-0.139","0.191"
"373525","1","-0.690","-0.139","0.191"
"373526","2","-0.041","0.109","0.084"
"373528","2","-0.068","0.123","0.081"
"373529","1","-0.872","-0.199","0.323"
"373534","2","-0.091","0.129","0.079"
"373535","1","-1.108","-0.396","0.413"
"373578","2","0.239","-0.259","-0.058"
"373586","1","-1.643","-1.098","0.406"
"373586","2","0.260","-0.284","-0.071"
"373606","2","0.225","-0.199","-0.176"
"373608","1","-0.920","-0.685","-0.418"
"373609","2","0.197","-0.199","-0.176"
"373613","2","0.156","-0.171","-0.195"
"373613","1","-0.904","-0.600","-0.451"
"373617","2","0.108","-0.136","-0.208"
"373618","1","-0.908","-0.543","-0.402"
"373622","2","0.053","-0.097","-0.213"
"373623","1","-0.996","-0.553","-0.246"
"373627","2","0.001","-0.058","-0.208"
"373633","2","-0.043","-0.024","-0.207"
"373634","1","-1.194","-0.896","-0.111"
"373638","1","-1.301","-1.138","-0.023"
"373639","2","-0.086","0.006","-0.216"
"373643","1","-1.357","-1.288","0.047"
"373643","2","-0.107","0.017","-0.228"
"373649","2","-0.102","0.011","-0.240"
"373652","1","-1.363","-1.303","0.216"
"373653","2","-0.078","-0.006","-0.247"
"373658","2","-0.030","-0.030","-0.239"
"373663","2","0.029","-0.057","-0.226"
"373666","1","-1.279","-0.818","0.826"
"373668","2","0.080","-0.085","-0.220"
"373669","1","-1.235","-0.818","0.826"
"373672","2","0.118","-0.112","-0.223"
"373673","1","-1.232","-0.794","0.895"
"373677","1","-1.219","-0.801","0.953"
"373677","2","0.134","-0.147","-0.242"
"373682","1","-1.157","-0.733","0.929"
"373683","2","0.130","-0.179","-0.266"
"373690","2","0.107","-0.207","-0.288"
"373694","1","-0.814","-0.591","0.802"
"373695","2","0.072","-0.225","-0.309"
"373697","1","-0.607","-0.584","0.704"
"373698","2","0.027","-0.228","-0.323"
"373702","1","-0.417","-0.671","0.570"
"373702","2","-0.025","-0.218","-0.327"
"373707","1","-0.267","-0.732","0.433"
"373707","2","-0.075","-0.202","-0.332"
"373713","1","-0.147","-0.781","0.255"
"373718","1","-0.058","-0.844","0.188"
"373722","2","-0.155","-0.128","-0.357"
"373723","1","0.004","-0.872","0.270"
"373726","1","0.020","-0.865","0.356"
"373727","2","-0.159","-0.105","-0.360"
"373731","1","-0.038","-0.855","0.425"
"373732","2","-0.148","-0.085","-0.367"
"373736","1","-0.146","-0.830","0.509"
"373737","2","-0.131","-0.077","-0.374"
"373741","1","-0.262","-0.802","0.611"
"373747","1","-0.342","-0.737","0.690"
"373749","2","-0.100","-0.101","-0.395"
"373751","2","-0.086","-0.133","-0.403"
"373752","1","-0.371","-0.591","0.744"
"373756","2","-0.066","-0.167","-0.406"
"373757","1","-0.367","-0.404","0.760"
"373761","1","-0.320","-0.217","0.722"
"373761","2","-0.046","-0.200","-0.406"
"373766","1","-0.233","-0.068","0.605"
"373767","2","-0.033","-0.228","-0.407"
"373771","2","-0.029","-0.251","-0.409"
"373776","1","0.017","0.137","0.180"
"373777","2","-0.035","-0.268","-0.413"
"373780","1","0.176","0.275","0.019"
"373781","2","-0.044","-0.276","-0.411"
"373785","2","-0.058","-0.274","-0.401"
"373786","1","0.368","0.443","-0.071"
"373790","2","-0.071","-0.264","-0.391"
"373791","1","0.551","0.579","-0.168"
"373795","2","-0.080","-0.247","-0.381"
"373800","2","-0.089","-0.226","-0.378"
"373803","1","0.790","0.674","-0.392"
"373805","2","-0.103","-0.201","-0.379"
"373806","1","0.858","0.635","-0.497"
"373810","2","-0.115","-0.177","-0.374"
"373811","1","0.886","0.535","-0.557"
"373815","2","-0.125","-0.149","-0.367"
"373816","1","0.871","0.428","-0.568"
"373821","1","0.851","0.369","-0.579"
"373822","2","-0.128","-0.124","-0.354"
"373832","1","0.722","0.423","-0.531"
"373832","2","-0.114","-0.088","-0.319"
"373835","1","0.640","0.496","-0.451"
"373836","2","-0.100","-0.080","-0.306"
"373839","2","-0.088","-0.079","-0.292"
"373840","1","0.582","0.548","-0.411"
"373844","2","-0.083","-0.084","-0.278"
"373845","1","0.502","0.587","-0.359"
"373849","2","-0.087","-0.095","-0.271"
"373850","1","0.478","0.669","-0.293"
"373855","1","0.460","0.765","-0.270"
"373860","1","0.493","0.851","-0.236"
"373860","2","-0.105","-0.100","-0.250"
"373864","2","-0.115","-0.101","-0.235"
"373865","1","0.508","0.834","-0.236"
"373869","2","-0.125","-0.100","-0.224"
"373870","1","0.517","0.783","-0.300"
"373874","1","0.563","0.702","-0.377"
"373874","2","-0.135","-0.098","-0.215"
"373879","2","-0.143","-0.098","-0.213"
"373884","2","-0.142","-0.099","-0.214"
"373885","1","0.684","0.734","-0.620"
"373889","2","-0.129","-0.093","-0.211"
"373893","2","-0.109","-0.086","-0.204"
"373894","1","0.743","0.717","-0.641"
"373899","2","-0.085","-0.075","-0.198"
"373900","1","0.786","0.704","-0.670"
"373904","2","-0.056","-0.067","-0.192"
"373904","1","0.693","0.589","-0.699"
"373908","2","-0.032","-0.061","-0.185"
"373914","2","-0.014","-0.064","-0.183"
"373915","1","0.545","0.404","-0.704"
"373919","2","0.006","-0.075","-0.181"
"373919","1","0.526","0.409","-0.577"
"373923","2","0.034","-0.089","-0.176"
"373924","1","0.513","0.452","-0.602"
"373929","1","0.565","0.585","-0.607"
"373930","2","0.058","-0.105","-0.167"
"373934","1","0.680","0.735","-0.574"
"373935","2","0.080","-0.119","-0.149"
"373940","2","0.098","-0.129","-0.129"
"373943","2","0.115","-0.130","-0.107"
"373947","1","0.993","1.013","-0.611"
"373949","2","0.126","-0.121","-0.084"
"373950","1","1.134","1.013","-0.611"
"373953","2","0.128","-0.100","-0.060"
"373954","1","1.230","1.048","-0.635"
"373958","2","0.127","-0.070","-0.034"
"373959","1","1.329","1.093","-0.688"
"373963","2","0.129","-0.032","-0.010"
"373968","2","0.126","0.009","0.016"
"373971","1","1.325","1.128","-0.840"
"373973","2","0.111","0.043","0.033"
"373974","1","1.308","1.037","-0.910"
"373978","2","0.091","0.066","0.045"
"373978","1","1.279","0.921","-1.004"
"373983","2","0.070","0.077","0.055"
"373983","1","1.246","0.792","-1.116"
"373988","2","0.049","0.085","0.068"
"373989","1","1.233","0.699","-1.151"
"373993","1","1.236","0.666","-1.114"
"373998","2","0.044","0.109","0.097"
"373998","1","1.218","0.676","-1.093"
"374002","1","1.159","0.655","-1.069"
"374003","2","0.065","0.132","0.112"
"374007","2","0.092","0.156","0.122"
"374008","1","1.038","0.571","-0.987"
"374012","2","0.116","0.177","0.127"
"374013","1","0.870","0.459","-0.802"
"374017","2","0.130","0.189","0.127"
"374031","1","0.436","0.948","0.026"
"374033","2","0.167","0.176","0.137"
"374033","1","0.299","0.948","0.026"
"374038","1","0.222","1.198","0.106"
"374039","2","0.182","0.154","0.152"
"374042","2","0.190","0.126","0.173"
"374042","1","0.214","1.372","0.166"
"374047","2","0.187","0.092","0.199"
"374047","1","0.273","1.516","0.249"
"374051","1","0.385","1.611","0.296"
"374058","2","0.169","0.030","0.253"
"374059","1","0.539","1.614","0.308"
"374061","2","0.153","0.024","0.275"
"374062","1","0.674","1.532","0.242"
"374067","2","0.136","0.031","0.291"
"374067","1","0.749","1.359","0.146"
"374071","2","0.110","0.044","0.294"
"374072","1","0.807","1.098","0.067"
"374077","2","0.078","0.067","0.291"
"374078","1","0.837","0.871","-0.086"
"374085","1","0.883","0.697","-0.307"
"374089","1","0.945","0.564","-0.577"
"374091","2","0.015","0.118","0.318"
"374092","1","0.962","0.490","-0.812"
"374096","2","0.018","0.128","0.345"
"374097","1","1.033","0.397","-0.919"
"374101","2","0.041","0.139","0.373"
"374102","1","1.017","0.339","-0.939"
"374106","2","0.067","0.157","0.396"
"374107","1","0.937","0.291","-0.866"
"374114","1","0.861","0.258","-0.739"
"374117","2","0.113","0.211","0.402"
"374118","1","0.695","0.184","-0.532"
"374121","2","0.117","0.242","0.392"
"374121","1","0.470","0.069","-0.228"
"374125","2","0.103","0.270","0.384"
"374126","1","0.227","-0.112","0.123"
"374130","2","0.081","0.287","0.378"
"374135","2","0.063","0.289","0.370"
"374136","1","-0.056","-0.306","0.357"
"374144","1","-0.287","-0.433","0.453"
"374147","1","-0.454","-0.492","0.505"
"374148","2","0.049","0.240","0.363"
"374155","1","-0.584","-0.550","0.695"
"374156","2","0.075","0.158","0.363"
"374157","1","-0.657","-0.566","0.695"
"374163","1","-0.709","-0.619","0.687"
"374164","2","0.099","0.117","0.329"
"374165","2","0.122","0.078","0.329"
"374166","1","-0.715","-0.712","0.563"
"374173","1","-0.687","-0.798","0.463"
"374176","2","0.150","0.029","0.276"
"374177","1","-0.646","-0.815","0.359"
"374180","2","0.169","0.025","0.257"
"374180","1","-0.573","-0.765","0.236"
"374185","2","0.184","0.030","0.246"
"374185","1","-0.508","-0.645","0.196"
"374190","2","0.200","0.046","0.242"
"374190","1","-0.507","-0.508","0.205"
"374195","2","0.206","0.053","0.234"
"374201","2","0.195","0.056","0.223"
"374204","1","-0.587","-0.420","0.261"
"374205","2","0.178","0.055","0.211"
"374206","1","-0.624","-0.420","0.261"
"374209","2","0.144","0.055","0.203"
"374210","1","-0.618","-0.352","0.314"
"374214","2","0.109","0.059","0.204"
"374215","1","-0.610","-0.272","0.425"
"374219","2","0.078","0.072","0.210"
"374220","1","-0.606","-0.235","0.551"
"374227","1","-0.667","-0.214","0.560"
"374231","2","0.035","0.093","0.221"
"374231","1","-0.739","-0.236","0.516"
"374234","2","0.020","0.094","0.226"
"374235","1","-0.781","-0.296","0.532"
"374239","2","0.009","0.083","0.226"
"374240","1","-0.818","-0.362","0.542"
"374244","2","0.006","0.070","0.229"
"374244","1","-0.797","-0.354","0.542"
"374249","2","0.009","0.054","0.233"
"374256","2","0.023","0.037","0.236"
"374257","1","-0.677","-0.301","0.373"
"374259","2","0.036","0.023","0.241"
"374260","1","-0.550","-0.307","0.278"
"374264","2","0.048","0.013","0.241"
"374265","1","-0.428","-0.306","0.191"
"374269","2","0.053","0.010","0.236"
"374270","1","-0.290","-0.292","0.113"
"374274","2","0.055","0.010","0.236"
"374274","1","-0.151","-0.271","0.070"
"374281","1","-0.009","-0.296","0.047"
"374284","2","0.035","0.033","0.220"
"374285","1","0.092","-0.308","-0.010"
"374288","2","0.019","0.045","0.201"
"374289","1","0.147","-0.254","-0.047"
"374293","2","0.001","0.070","0.188"
"374294","1","0.143","-0.231","0.024"
"374298","2","-0.017","0.094","0.179"
"374299","1","0.082","-0.307","0.135"
"374303","2","-0.039","0.125","0.179"
"374309","2","-0.061","0.146","0.176"
"374310","1","-0.230","-0.468","0.423"
"374313","2","-0.076","0.158","0.169"
"374314","1","-0.396","-0.420","0.483"
"374318","2","-0.070","0.150","0.163"
"374319","1","-0.542","-0.339","0.518"
"374323","2","-0.053","0.131","0.163"
"374324","1","-0.683","-0.308","0.626"
"374328","2","-0.046","0.103","0.162"
"374329","1","-0.785","-0.292","0.678"
"374336","1","-0.803","-0.248","0.654"
"374338","1","-0.737","-0.203","0.595"
"374339","2","-0.045","0.025","0.161"
"374343","2","-0.047","-0.010","0.160"
"374343","1","-0.601","-0.160","0.509"
"374348","2","-0.044","-0.036","0.164"
"374348","1","-0.461","-0.102","0.393"
"374353","2","-0.039","-0.045","0.166"
"374353","1","-0.304","-0.032","0.292"
"374357","2","-0.029","-0.044","0.170"
"374365","1","-0.080","0.026","0.137"
"374366","2","-0.017","-0.032","0.175"
"374367","2","-0.010","-0.012","0.183"
"374368","1","-0.044","0.025","0.072"
"374372","2","0.002","0.009","0.186"
"374377","2","0.013","0.027","0.187"
"374378","1","-0.066","-0.062","0.097"
"374382","2","0.017","0.036","0.184"
"374383","1","-0.149","-0.174","0.082"
"374387","2","0.007","0.035","0.169"
"374394","1","-0.331","-0.436","0.025"
"374396","2","-0.005","0.030","0.147"
"374397","2","-0.020","0.020","0.129"
"374397","1","-0.357","-0.502","-0.066"
"374402","2","-0.036","0.014","0.109"
"374402","1","-0.380","-0.604","-0.070"
"374407","2","-0.063","0.011","0.090"
"374408","1","-0.414","-0.758","-0.001"
"374412","2","-0.089","0.015","0.064"
"374412","1","-0.417","-0.866","0.051"
"374420","1","-0.450","-0.868","0.130"
"374423","2","-0.112","0.044","0.015"
"374425","1","-0.554","-0.799","0.317"
"374427","2","-0.118","0.061","-0.005"
"374427","1","-0.735","-0.768","0.548"
"374431","2","-0.117","0.069","-0.027"
"374432","1","-0.992","-0.743","0.720"
"374437","2","-0.118","0.062","-0.050"
"374437","1","-1.286","-0.732","0.887"
"374442","1","-1.532","-0.698","0.998"
"374447","2","-0.074","-0.009","-0.096"
"374451","1","-1.817","-0.580","1.023"
"374452","2","-0.038","-0.071","-0.110"
"374456","2","0.005","-0.140","-0.120"
"374457","1","-1.821","-0.561","0.944"
"374461","2","0.049","-0.209","-0.131"
"374462","1","-1.749","-0.584","0.740"
"374466","2","0.090","-0.268","-0.144"
"374466","1","-1.605","-0.664","0.469"
"374472","1","-1.368","-0.752","0.138"
"374476","2","0.156","-0.331","-0.173"
"374477","1","-1.093","-0.782","-0.160"
"374481","2","0.180","-0.326","-0.187"
"374481","1","-0.854","-0.741","-0.452"
"374486","2","0.203","-0.303","-0.200"
"374486","1","-0.639","-0.636","-0.796"
"374491","2","0.216","-0.256","-0.211"
"374491","1","-0.464","-0.507","-1.055"
"374496","2","0.220","-0.194","-0.218"
"374496","1","-0.372","-0.433","-1.145"
"374515","1","-0.668","-0.610","0.450"
"374533","2","-0.106","0.110","-0.220"
"374534","1","-1.704","-0.610","0.450"
"374537","2","-0.133","0.078","-0.232"
"374537","1","-1.809","-0.630","0.600"
"374540","2","-0.153","0.035","-0.242"
"374541","1","-1.820","-0.615","0.708"
"374545","2","-0.164","-0.012","-0.249"
"374546","1","-1.747","-0.643","0.764"
"374550","2","-0.163","-0.055","-0.258"
"374556","2","-0.151","-0.094","-0.268"
"374557","1","-1.418","-0.815","0.613"
"374560","2","-0.123","-0.121","-0.279"
"374560","1","-1.181","-0.862","0.425"
"374565","2","-0.081","-0.138","-0.287"
"374566","1","-0.928","-0.887","0.242"
"374570","2","-0.028","-0.151","-0.297"
"374570","1","-0.665","-0.877","0.107"
"374575","2","0.030","-0.158","-0.312"
"374575","1","-0.422","-0.899","-0.032"
"374588","2","0.121","-0.162","-0.351"
"374589","1","-0.049","-0.871","-0.077"
"374590","2","0.137","-0.150","-0.373"
"374594","1","0.031","-0.811","-0.040"
"374595","2","0.133","-0.127","-0.393"
"374599","2","0.107","-0.098","-0.408"
"374600","1","0.027","-0.689","0.042"
"374604","2","0.068","-0.068","-0.415"
"374605","1","0.025","-0.535","0.178"
"374609","2","0.018","-0.039","-0.417"
"374614","2","-0.032","-0.017","-0.413"
"374619","2","-0.071","-0.008","-0.410"
"374620","1","-0.090","-0.160","0.376"
"374624","2","-0.107","-0.012","-0.406"
"374625","1","-0.183","-0.030","0.387"
"374629","2","-0.137","-0.031","-0.409"
"374630","1","-0.256","0.021","0.462"
"374634","2","-0.160","-0.053","-0.411"
"374634","1","-0.233","0.075","0.458"
"374639","2","-0.171","-0.076","-0.406"
"374645","2","-0.164","-0.089","-0.398"
"374646","1","-0.089","0.126","0.393"
"374649","1","0.039","0.133","0.393"
"374649","2","-0.144","-0.102","-0.382"
"374654","2","-0.113","-0.111","-0.371"
"374654","1","0.147","0.196","0.282"
"374658","2","-0.080","-0.119","-0.368"
"374659","1","0.294","0.182","0.114"
"374664","2","-0.048","-0.125","-0.364"
"374664","1","0.435","0.188","0.030"
"374677","2","-0.002","-0.118","-0.364"
"374679","1","0.666","0.343","-0.153"
"374680","2","0.006","-0.114","-0.364"
"374683","2","-0.001","-0.103","-0.367"
"374684","1","0.708","0.347","-0.196"
"374689","2","-0.016","-0.089","-0.361"
"374689","1","0.729","0.372","-0.165"
"374693","2","-0.033","-0.073","-0.353"
"374694","1","0.728","0.425","-0.102"
"374698","2","-0.057","-0.057","-0.342"
"374704","1","0.642","0.535","-0.028"
"374705","2","-0.082","-0.043","-0.330"
"374708","2","-0.103","-0.034","-0.321"
"374708","1","0.561","0.566","0.048"
"374713","2","-0.124","-0.034","-0.316"
"374713","1","0.466","0.568","0.113"
"374717","2","-0.147","-0.051","-0.312"
"374718","1","0.370","0.550","0.110"
"374722","2","-0.165","-0.069","-0.308"
"374723","1","0.341","0.535","0.115"
"374730","1","0.344","0.537","0.115"
"374733","2","-0.167","-0.109","-0.279"
"374734","1","0.346","0.538","0.082"
"374737","2","-0.152","-0.118","-0.266"
"374738","1","0.395","0.526","0.035"
"374742","2","-0.131","-0.129","-0.257"
"374743","1","0.439","0.507","-0.057"
"374747","2","-0.109","-0.135","-0.250"
"374748","1","0.472","0.458","-0.117"
"374752","2","-0.084","-0.140","-0.245"
"374758","1","0.547","0.376","-0.192"
"374759","2","-0.059","-0.143","-0.242"
"374762","2","-0.035","-0.146","-0.238"
"374763","1","0.559","0.348","-0.330"
"374767","2","-0.015","-0.152","-0.233"
"374767","1","0.589","0.334","-0.412"
"374772","2","-0.001","-0.152","-0.220"
"374773","1","0.646","0.325","-0.380"
"374777","2","-0.003","-0.149","-0.209"
"374777","1","0.676","0.346","-0.386"
"374784","1","0.713","0.388","-0.535"
"374788","2","-0.002","-0.145","-0.212"
"374789","1","0.789","0.414","-0.666"
"374791","2","-0.011","-0.144","-0.210"
"374792","1","0.893","0.442","-0.675"
"374798","1","1.009","0.483","-0.616"
"374798","2","-0.025","-0.128","-0.199"
"374802","2","-0.043","-0.106","-0.178"
"374802","1","1.083","0.513","-0.592"
"374806","2","-0.063","-0.081","-0.157"
"374812","2","-0.084","-0.051","-0.137"
"374813","1","1.088","0.530","-0.525"
"374816","2","-0.095","-0.020","-0.128"
"374817","1","1.043","0.533","-0.549"
"374821","2","-0.094","0.001","-0.112"
"374822","1","1.034","0.592","-0.505"
"374826","2","-0.095","0.017","-0.092"
"374827","1","0.993","0.637","-0.429"
"374831","1","0.927","0.655","-0.411"
"374832","2","-0.091","0.026","-0.072"
"374839","1","0.867","0.613","-0.458"
"374842","2","-0.075","0.027","-0.050"
"374842","1","0.885","0.550","-0.458"
"374846","2","-0.074","0.016","-0.043"
"374846","1","0.943","0.572","-0.479"
"374851","2","-0.071","0.003","-0.030"
"374851","1","1.016","0.694","-0.524"
"374855","2","-0.065","-0.002","-0.016"
"374860","2","-0.059","0.000","0.005"
"374861","1","1.093","0.838","-0.530"
"374868","1","1.182","0.907","-0.611"
"374871","2","-0.056","0.021","0.043"
"374872","1","1.222","0.965","-0.702"
"374875","2","-0.056","0.033","0.062"
"374876","1","1.269","1.007","-0.754"
"374880","2","-0.051","0.043","0.080"
"374881","1","1.328","1.099","-0.741"
"374885","2","-0.037","0.057","0.102"
"374886","1","1.346","1.241","-0.742"
"374890","2","-0.014","0.075","0.127"
"374896","2","0.011","0.089","0.145"
"374897","1","1.236","1.348","-0.668"
"374900","2","0.031","0.094","0.162"
"374901","1","1.120","1.275","-0.585"
"374906","2","0.047","0.094","0.182"
"374907","1","1.010","1.217","-0.508"
"374910","2","0.056","0.086","0.198"
"374910","1","0.941","1.126","-0.413"
"374915","2","0.066","0.072","0.217"
"374915","1","0.863","1.079","-0.338"
"374922","1","0.817","1.028","-0.327"
"374926","2","0.082","0.042","0.240"
"374927","1","0.790","0.938","-0.311"
"374930","2","0.076","0.031","0.249"
"374930","1","0.799","0.881","-0.255"
"374935","1","0.839","0.870","-0.166"
"374936","2","0.067","0.028","0.261"
"374941","2","0.057","0.036","0.272"
"374942","1","0.848","0.920","-0.079"
"374945","2","0.044","0.047","0.279"
"374954","2","-0.008","0.057","0.271"
"374955","1","0.777","0.778","-0.467"
"374960","2","-0.054","0.051","0.267"
"374960","1","0.844","0.639","-0.714"
"374964","2","-0.092","0.051","0.277"
"374965","1","0.960","0.571","-0.869"
"374969","2","-0.100","0.071","0.313"
"374970","1","1.064","0.587","-0.935"
"374974","2","-0.076","0.109","0.358"
"374975","1","1.083","0.638","-0.936"
"374982","1","1.014","0.600","-0.858"
"374985","2","0.025","0.196","0.420"
"374986","1","0.844","0.495","-0.703"
"374989","2","0.067","0.225","0.426"
"374989","1","0.612","0.421","-0.505"
"374994","2","0.097","0.230","0.421"
"374994","1","0.378","0.391","-0.313"
"374999","1","0.203","0.393","-0.139"
"374999","2","0.117","0.220","0.418"
"375004","2","0.124","0.196","0.421"
"375016","2","0.112","0.126","0.435"
"375029","1","0.086","0.283","-0.171"
"375030","2","0.044","0.065","0.430"
"375031","1","0.203","0.283","-0.171"
"375033","2","0.018","0.068","0.428"
"375034","1","0.325","0.234","-0.279"
"375038","2","-0.004","0.085","0.432"
"375039","1","0.395","0.169","-0.344"
"375043","2","-0.016","0.114","0.443"
"375044","1","0.401","0.082","-0.286"
"375051","1","0.290","-0.011","-0.168"
"375054","2","-0.012","0.184","0.457"
"375055","1","0.146","-0.117","-0.088"
"375058","2","-0.002","0.203","0.456"
"375058","1","-0.052","-0.196","0.042"
"375063","2","0.012","0.206","0.454"
"375063","1","-0.215","-0.242","0.155"
"375068","2","0.031","0.194","0.445"
"375068","1","-0.349","-0.238","0.277"
"375073","2","0.052","0.170","0.439"
"375078","2","0.074","0.141","0.431"
"375080","1","-0.519","-0.205","0.169"
"375083","2","0.093","0.113","0.425"
"375083","1","-0.480","-0.236","0.111"
"375087","2","0.109","0.085","0.417"
"375088","1","-0.442","-0.326","0.001"
"375092","2","0.107","0.067","0.406"
"375093","1","-0.400","-0.391","-0.098"
"375097","2","0.099","0.061","0.392"
"375102","2","0.092","0.069","0.374"
"375107","2","0.084","0.085","0.361"
"375110","1","-0.302","-0.376","-0.151"
"375112","2","0.075","0.107","0.350"
"375113","1","-0.283","-0.296","-0.154"
"375117","2","0.063","0.131","0.340"
"375118","1","-0.285","-0.232","-0.071"
"375124","1","-0.314","-0.131","0.025"
"375124","2","0.048","0.154","0.332"
"375127","2","0.035","0.167","0.327"
"375128","1","-0.382","-0.041","0.124"
"375135","1","-0.490","-0.053","0.239"
"375138","2","-0.002","0.179","0.321"
"375139","1","-0.624","-0.135","0.328"
"375142","2","-0.014","0.173","0.321"
"375142","1","-0.741","-0.187","0.457"
"375147","1","-0.855","-0.247","0.551"
"375147","2","-0.009","0.164","0.320"
"375152","1","-0.918","-0.282","0.545"
"375152","2","0.007","0.147","0.321"
"375157","1","-0.970","-0.307","0.616"
"375162","2","0.040","0.098","0.317"
"375163","1","-1.009","-0.358","0.636"
"375166","1","-1.039","-0.457","0.600"
"375167","2","0.057","0.067","0.310"
"375171","1","-0.992","-0.496","0.574"
"375172","2","0.066","0.038","0.299"
"375176","1","-0.920","-0.495","0.518"
"375177","2","0.080","0.011","0.289"
"375181","1","-0.853","-0.506","0.432"
"375182","2","0.091","-0.006","0.279"
"375189","2","0.101","-0.014","0.262"
"375192","2","0.114","-0.017","0.262"
"375193","1","-0.727","-0.537","0.216"
"375196","1","-0.623","-0.514","0.158"
"375197","2","0.116","-0.016","0.247"
"375201","1","-0.554","-0.490","0.141"
"375202","2","0.112","-0.012","0.232"
"375206","1","-0.510","-0.437","0.100"
"375207","2","0.102","-0.006","0.222"
"375211","2","0.087","0.002","0.210"
"375217","2","0.075","0.013","0.196"
"375218","1","-0.457","-0.345","0.012"
"375221","1","-0.467","-0.302","0.056"
"375221","2","0.061","0.027","0.192"
"375226","2","0.046","0.036","0.193"
"375226","1","-0.490","-0.279","0.149"
"375232","2","0.034","0.044","0.189"
"375232","1","-0.539","-0.322","0.209"
"375236","2","0.034","0.046","0.186"
"375236","1","-0.581","-0.403","0.258"
"375243","1","-0.620","-0.530","0.334"
"375246","1","-0.656","-0.632","0.415"
"375247","2","0.039","0.028","0.169"
"375250","2","0.042","0.011","0.164"
"375251","1","-0.695","-0.659","0.433"
"375255","2","0.051","-0.006","0.159"
"375256","1","-0.706","-0.658","0.474"
"375260","2","0.066","-0.016","0.153"
"375261","1","-0.702","-0.631","0.447"
"375266","1","-0.719","-0.608","0.387"
"375271","2","0.089","-0.037","0.149"
"375272","1","-0.709","-0.587","0.370"
"375275","2","0.098","-0.044","0.144"
"375276","1","-0.699","-0.530","0.342"
"375280","2","0.107","-0.053","0.142"
"375281","1","-0.678","-0.433","0.294"
"375285","1","-0.635","-0.349","0.243"
"375286","2","0.114","-0.063","0.136"
"375290","2","0.126","-0.078","0.126"
"375291","1","-0.597","-0.275","0.241"
"375298","1","-0.506","-0.204","0.180"
"375301","2","0.139","-0.093","0.103"
"375302","1","-0.462","-0.222","0.068"
"375305","2","0.134","-0.094","0.087"
"375305","1","-0.426","-0.282","-0.017"
"375309","2","0.118","-0.091","0.068"
"375310","1","-0.359","-0.302","-0.101"
"375314","2","0.101","-0.085","0.057"
"375315","1","-0.313","-0.248","-0.049"
"375319","2","0.087","-0.072","0.050"
"375325","2","0.071","-0.054","0.053"
"375326","1","-0.309","-0.226","0.197"
"375329","2","0.057","-0.035","0.056"
"375330","1","-0.411","-0.245","0.263"
"375334","2","0.048","-0.023","0.056"
"375335","1","-0.535","-0.325","0.319"
"375341","1","-0.644","-0.309","0.481"
"375342","2","0.039","-0.022","0.048"
"375343","2","0.040","-0.032","0.046"
"375349","2","0.062","-0.047","0.055"
"375354","2","0.099","-0.065","0.063"
"375357","1","-0.748","-0.092","0.556"
"375359","2","0.141","-0.095","0.068"
"375359","1","-0.853","-0.150","0.516"
"375364","2","0.169","-0.130","0.064"
"375365","1","-0.944","-0.340","0.400"
"375369","2","0.189","-0.165","0.058"
"375369","1","-1.001","-0.544","0.306"
"375374","2","0.215","-0.194","0.054"
"375374","1","-0.988","-0.564","0.257"
"375382","1","-0.925","-0.464","0.198"
"375384","2","0.280","-0.238","0.072"
"375385","1","-0.815","-0.214","0.167"
"375389","2","0.306","-0.253","0.081"
"375389","1","-0.731","0.034","0.175"
"375393","2","0.305","-0.264","0.090"
"375394","1","-0.691","0.211","0.239"
"375398","2","0.274","-0.272","0.093"
"375399","1","-0.668","0.293","0.325"
"375403","2","0.221","-0.274","0.086"
"375410","2","0.149","-0.271","0.079"
"375413","1","-0.658","0.290","0.328"
"375413","2","0.065","-0.261","0.072"
"375414","1","-0.659","0.290","0.328"
"375418","2","-0.022","-0.247","0.059"
"375418","1","-0.622","0.209","0.228"
"375423","2","-0.098","-0.236","0.043"
"375423","1","-0.530","0.179","-0.008"
"375428","2","-0.152","-0.226","0.030"
"375428","1","-0.380","0.241","-0.280"
"375439","1","0.011","0.261","-0.487"
"375440","2","-0.198","-0.192","0.027"
"375444","1","0.162","0.135","-0.490"
"375444","2","-0.207","-0.161","0.022"
"375449","1","0.211","-0.056","-0.486"
"375450","2","-0.204","-0.127","0.012"
"375453","2","-0.186","-0.088","-0.005"
"375454","1","0.184","-0.287","-0.481"
"375457","2","-0.162","-0.056","-0.025"
"375458","1","0.137","-0.495","-0.429"
"375465","1","0.074","-0.659","-0.341"
"375468","2","-0.070","-0.018","-0.051"
"375469","1","-0.010","-0.750","-0.200"
"375472","2","-0.010","-0.014","-0.062"
"375473","1","-0.084","-0.750","-0.034"
"375477","2","0.050","-0.028","-0.071"
"375478","1","-0.153","-0.700","0.114"
"375482","2","0.108","-0.056","-0.080"
"375483","1","-0.222","-0.569","0.211"
"375487","2","0.150","-0.092","-0.086"
"375497","1","-0.117","-0.131","0.294"
"375498","2","0.186","-0.161","-0.098"
"375498","1","-0.117","-0.131","0.294"
"375502","2","0.167","-0.184","-0.110"
"375503","1","-0.018","-0.051","0.210"
"375512","2","0.077","-0.198","-0.132"
"375513","1","0.253","0.087","-0.012"
"375516","2","0.020","-0.189","-0.131"
"375517","1","0.412","0.145","-0.115"
"375521","2","-0.032","-0.170","-0.126"
"375528","2","-0.076","-0.149","-0.120"
"375529","1","0.681","0.067","-0.237"
"375531","2","-0.114","-0.122","-0.112"
"375532","1","0.743","0.017","-0.244"
"375536","2","-0.140","-0.094","-0.111"
"375537","1","0.766","-0.083","-0.260"
"375541","2","-0.146","-0.067","-0.119"
"375542","1","0.765","-0.154","-0.277"
"375546","2","-0.136","-0.043","-0.121"
"375547","1","0.706","-0.216","-0.232"
"375554","1","0.581","-0.282","-0.198"
"375557","1","0.491","-0.364","-0.161"
"375557","2","-0.095","-0.014","-0.138"
"375561","2","-0.070","-0.017","-0.149"
"375562","1","0.377","-0.419","-0.052"
"375566","2","-0.049","-0.025","-0.162"
"375566","1","0.253","-0.431","0.079"
"375571","1","0.195","-0.366","0.124"
"375571","2","-0.034","-0.038","-0.169"
"375576","1","0.129","-0.295","0.257"
"375581","1","0.126","-0.189","0.274"
"375582","2","-0.007","-0.068","-0.176"
"375585","2","0.006","-0.083","-0.176"
"375590","1","0.075","-0.043","0.262"
"375591","2","0.010","-0.096","-0.176"
"375595","1","0.031","0.036","0.173"
"375596","2","0.012","-0.109","-0.175"
"375600","1","0.029","0.101","0.035"
"375601","2","0.010","-0.122","-0.173"
"375605","1","0.058","0.132","-0.060"
"375611","1","0.149","0.184","-0.125"
"375612","2","-0.003","-0.137","-0.171"
"375615","1","0.213","0.204","-0.207"
"375616","2","-0.009","-0.138","-0.170"
"375620","1","0.250","0.256","-0.355"
"375620","2","-0.011","-0.128","-0.169"
"375625","1","0.312","0.298","-0.379"
"375625","2","-0.007","-0.113","-0.161"
"375630","1","0.326","0.306","-0.345"
"375630","2","-0.004","-0.097","-0.156"
"375637","2","0.001","-0.077","-0.150"
"375640","1","0.222","0.301","-0.176"
"375641","2","-0.002","-0.060","-0.148"
"375645","2","-0.003","-0.054","-0.144"
"375645","1","0.142","0.273","-0.087"
"375650","2","-0.010","-0.055","-0.144"
"375650","1","0.088","0.258","-0.031"
"375655","2","-0.023","-0.061","-0.147"
"375655","1","0.018","0.234","0.033"
"375659","2","-0.032","-0.077","-0.145"
"375665","1","-0.013","0.212","-0.010"
"375666","2","-0.033","-0.092","-0.143"
"375670","2","-0.029","-0.110","-0.136"
"375670","1","0.003","0.212","-0.010"
"375674","2","-0.028","-0.121","-0.131"
"375675","1","0.023","0.145","0.041"
"375679","2","-0.029","-0.124","-0.130"
"375680","1","0.068","0.088","0.084"
"375684","2","-0.025","-0.121","-0.126"
"375685","1","0.092","0.097","0.052"
"375692","1","0.106","0.150","-0.018"
"375694","2","0.015","-0.116","-0.115"
"375695","1","0.117","0.180","-0.064"
"375699","2","0.033","-0.114","-0.108"
"375700","1","0.096","0.195","-0.152"
"375704","2","0.042","-0.119","-0.105"
"375705","1","0.090","0.215","-0.238"
"375709","2","0.043","-0.125","-0.102"
"375709","1","0.115","0.240","-0.331"
"375714","1","0.163","0.258","-0.401"
"375720","2","0.028","-0.125","-0.095"
"375720","1","0.228","0.265","-0.460"
"375724","2","0.015","-0.114","-0.094"
"375725","1","0.307","0.268","-0.517"
"375729","2","-0.002","-0.096","-0.091"
"375729","1","0.362","0.262","-0.528"
"375733","2","-0.018","-0.071","-0.081"
"375734","1","0.373","0.277","-0.526"
"375738","2","-0.026","-0.047","-0.071"
"375739","1","0.352","0.268","-0.514"
"375746","1","0.295","0.211","-0.439"
"375749","1","0.232","0.156","-0.328"
"375750","2","-0.026","-0.001","-0.051"
"375753","2","-0.020","0.009","-0.049"
"375754","1","0.154","0.129","-0.230"
"375758","2","-0.011","0.009","-0.048"
"375759","1","0.100","0.128","-0.168"
"375763","2","0.001","0.002","-0.049"
"375764","1","0.073","0.115","-0.158"
"375768","2","0.012","-0.011","-0.048"
"375774","1","0.079","0.135","-0.094"
"375775","2","0.025","-0.023","-0.042"
"375778","1","0.096","0.134","-0.088"
"375779","2","0.039","-0.033","-0.038"
"375783","1","0.100","0.115","-0.028"
"375783","2","0.040","-0.040","-0.035"
"375788","2","0.037","-0.037","-0.040"
"375788","1","0.127","0.104","0.057"
"375793","2","0.035","-0.031","-0.041"
"375793","1","0.155","0.121","0.096"
"375800","2","0.024","-0.020","-0.039"
"375803","1","0.106","0.154","-0.010"
"375804","2","0.008","-0.015","-0.038"
"375808","1","0.104","0.193","-0.059"
"375808","2","-0.003","-0.014","-0.036"
"375816","1","0.107","0.213","-0.116"
"375818","2","-0.023","-0.026","-0.032"
"375819","1","0.142","0.211","-0.262"
"375822","2","-0.031","-0.034","-0.033"
"375823","1","0.188","0.190","-0.350"
"375832","2","-0.033","-0.029","-0.030"
"375833","1","0.254","0.148","-0.322"
"375837","2","-0.033","-0.016","-0.025"
"375838","1","0.303","0.074","-0.238"
"375842","2","-0.030","-0.000","-0.021"
"375843","1","0.290","0.007","-0.172"
"375847","2","-0.010","0.012","-0.017"
"375847","1","0.259","-0.042","-0.112"
"375852","2","0.008","0.016","-0.012"
"375852","1","0.182","-0.057","-0.033"
"375859","1","0.098","-0.009","0.087"
"375862","2","0.060","0.006","-0.006"
"375863","1","0.002","0.045","0.177"
"375867","2","0.078","-0.012","-0.003"
"375867","1","-0.090","0.137","0.264"
"375871","2","0.082","-0.035","-0.003"
"375872","1","-0.135","0.178","0.303"
"375876","2","0.068","-0.057","-0.004"
"375877","1","-0.098","0.206","0.316"
"375882","1","-0.080","0.214","0.257"
"375887","2","0.027","-0.093","-0.006"
"375888","1","-0.021","0.219","0.154"
"375891","1","0.068","0.212","0.081"
"375892","2","0.008","-0.091","-0.004"
"375901","1","0.249","0.137","-0.073"
"375902","2","-0.008","-0.063","0.002"
"375906","2","-0.014","-0.049","0.002"
"375907","1","0.293","0.095","-0.155"
"375911","2","-0.014","-0.033","-0.001"
"375912","1","0.300","0.050","-0.210"
"375918","1","0.285","-0.003","-0.243"
"375921","2","-0.001","-0.010","-0.006"
"375922","1","0.254","-0.097","-0.251"
"375926","2","-0.002","-0.005","-0.011"
"375927","1","0.198","-0.187","-0.163"
"375931","2","-0.008","0.002","-0.009"
"375931","1","0.129","-0.229","-0.082"
"375936","1","0.073","-0.214","-0.034"
"375937","2","-0.004","0.005","-0.011"
"375941","2","0.002","0.005","-0.013"
"375948","2","0.008","0.001","-0.016"
"375949","1","-0.036","-0.150","0.075"
"375951","2","0.011","-0.005","-0.013"
"375951","1","-0.068","-0.110","0.086"
"375956","2","0.016","-0.013","-0.009"
"375957","1","-0.077","-0.050","0.104"
"375960","2","0.019","-0.021","-0.004"
"375961","1","-0.065","-0.024","0.127"
"375966","2","0.020","-0.029","-0.002"
"375966","1","-0.041","-0.031","0.164"
"375973","1","-0.037","-0.038","0.184"
"375978","2","0.021","-0.037","-0.003"
"375978","1","-0.037","-0.040","0.143"
"375980","2","0.027","-0.040","-0.006"
"375981","1","-0.018","-0.053","0.073"
"375986","2","0.031","-0.043","-0.007"
"375987","1","-0.001","-0.065","0.022"
"375991","2","0.035","-0.048","-0.007"
"375992","1","0.028","-0.079","0.000"
"375996","2","0.035","-0.049","-0.005"
"376000","2","0.028","-0.050","-0.005"
"376003","1","0.080","-0.114","-0.075"
"376006","2","0.011","-0.048","-0.005"
"376006","1","0.115","-0.176","-0.075"
"376010","2","-0.005","-0.044","-0.005"
"376010","1","0.144","-0.185","-0.094"
"376015","2","-0.020","-0.037","-0.013"
"376015","1","0.157","-0.195","-0.122"
"376020","2","-0.036","-0.027","-0.017"
"376020","1","0.140","-0.160","-0.146"
"376025","1","0.127","-0.162","-0.132"
"376030","2","-0.049","0.005","-0.024"
"376031","1","0.109","-0.206","-0.111"
"376034","2","-0.054","0.012","-0.030"
"376035","1","0.083","-0.237","-0.117"
"376039","2","-0.055","0.015","-0.042"
"376040","1","0.063","-0.280","-0.116"
"376044","2","-0.060","0.010","-0.059"
"376045","1","0.076","-0.338","-0.110"
"376049","2","-0.065","0.010","-0.076"
"376054","2","-0.063","0.010","-0.086"
"376055","1","0.062","-0.248","-0.054"
"376059","2","-0.054","0.017","-0.091"
"376060","1","0.053","-0.187","-0.059"
"376064","2","-0.035","0.027","-0.100"
"376065","1","0.031","-0.144","-0.032"
"376069","2","-0.014","0.039","-0.106"
"376074","2","0.003","0.051","-0.116"
"376074","1","-0.007","-0.218","0.062"
"376079","2","0.011","0.061","-0.125"
"376084","2","0.019","0.067","-0.135"
"376085","1","-0.184","-0.309","0.098"
"376089","2","0.031","0.067","-0.146"
"376089","1","-0.246","-0.191","0.129"
"376093","2","0.045","0.071","-0.149"
"376094","1","-0.275","0.045","0.247"
"376100","1","-0.313","0.422","0.411"
"376100","2","0.067","0.080","-0.147"
"376104","2","0.088","0.080","-0.141"
"376104","1","-0.411","0.721","0.389"
"376109","1","-0.522","0.835","0.363"
"376113","2","0.067","0.049","-0.133"
"376115","1","-0.628","0.745","0.086"
"376118","2","0.032","0.013","-0.153"
"376119","1","-0.756","0.371","-0.395"
"376124","2","-0.007","-0.016","-0.171"
"376124","1","-0.788","-0.146","-0.780"
"376128","2","-0.038","-0.019","-0.148"
"376129","1","-0.737","-0.428","-0.930"
"376133","2","-0.021","0.009","-0.069"
"376138","2","0.066","0.061","0.027"
"376141","1","-0.602","0.062","-0.705"
"376143","2","0.173","0.109","0.081"
"376144","1","-0.618","0.415","-0.332"
"376148","2","0.229","0.126","0.076"
"376148","1","-0.686","0.624","0.163"
"376153","2","0.212","0.110","0.035"
"376153","1","-0.746","0.814","0.562"
"376158","2","0.138","0.078","0.005"
"376159","1","-0.756","1.031","0.789"
"376163","1","-0.689","1.220","0.846"
"376168","2","-0.065","0.002","0.033"
"376169","1","-0.547","1.244","0.692"
"376173","2","-0.146","-0.021","0.068"
"376173","1","-0.354","1.032","0.421"
"376177","2","-0.212","-0.028","0.094"
"376178","1","-0.156","0.631","0.145"
"376183","2","-0.244","-0.020","0.105"
"376183","1","0.046","0.182","-0.095"
"376188","2","-0.236","0.000","0.111"
"376193","2","-0.190","0.029","0.109"
"376197","1","0.382","-0.481","-0.500"
"376197","2","-0.110","0.056","0.100"
"376198","1","0.461","-0.694","-0.500"
"376202","2","-0.017","0.086","0.100"
"376203","1","0.467","-0.838","-0.387"
"376207","2","0.068","0.111","0.096"
"376208","1","0.344","-0.900","-0.250"
"376212","2","0.149","0.121","0.089"
"376213","1","0.140","-0.847","-0.155"
"376217","1","-0.073","-0.708","-0.004"
"376222","2","0.257","0.102","0.089"
"376224","1","-0.270","-0.532","0.089"
"376227","2","0.272","0.077","0.087"
"376228","1","-0.462","-0.357","0.040"
"376232","2","0.259","0.047","0.089"
"376233","1","-0.602","-0.149","-0.058"
"376237","2","0.224","0.012","0.094"
"376237","1","-0.615","0.111","-0.155"
"376246","2","0.169","-0.020","0.096"
"376253","2","0.061","-0.047","0.135"
"376253","1","0.019","1.320","-0.184"
"376256","2","0.017","-0.033","0.168"
"376257","1","0.170","1.479","-0.182"
"376261","2","-0.032","0.006","0.194"
"376262","1","0.191","1.437","-0.068"
"376266","2","-0.097","0.060","0.209"
"376267","1","0.164","1.219","0.151"
"376271","2","-0.170","0.115","0.207"
"376272","1","0.034","0.847","0.296"
