"063332","2","0.014","-0.013","-0.055"
"063339","1","-0.001","0.026","0.058"
"063339","2","-0.020","-0.021","-0.057"
"063344","2","-0.031","-0.023","-0.060"
"063344","1","-0.015","0.010","0.075"
"063349","1","0.001","-0.011","0.077"
"063351","2","-0.039","-0.026","-0.062"
"063355","2","-0.045","-0.027","-0.065"
"063356","1","0.023","-0.028","0.090"
"063360","1","0.058","0.007","0.036"
"063365","2","-0.040","-0.023","-0.068"
"063372","1","0.059","-0.038","-0.064"
"063373","2","-0.033","-0.014","-0.065"
"063374","1","0.068","-0.028","-0.078"
"063375","2","-0.025","-0.014","-0.065"
"063379","2","-0.016","-0.005","-0.061"
"063380","1","0.058","0.004","-0.083"
"063384","2","-0.007","0.001","-0.058"
"063385","1","0.066","0.049","-0.096"
"063389","2","0.000","0.007","-0.056"
"063395","2","0.002","0.009","-0.053"
"063396","1","0.021","0.081","-0.116"
"063399","1","-0.009","0.113","-0.129"
"063400","2","0.002","0.013","-0.052"
"063404","1","-0.000","0.136","-0.138"
"063405","2","-0.007","0.015","-0.050"
"063410","1","0.006","0.191","-0.085"
"063411","2","-0.017","0.018","-0.045"
"063418","2","-0.027","0.019","-0.046"
"063420","1","-0.010","0.251","-0.010"
"063427","1","-0.022","0.234","-0.012"
"063430","2","-0.030","0.027","-0.048"
"063430","1","-0.037","0.232","-0.057"
"063435","2","-0.022","0.024","-0.041"
"063436","1","-0.053","0.164","-0.075"
"063440","2","-0.006","0.024","-0.032"
"063441","1","-0.044","0.130","-0.081"
"063445","2","0.016","0.022","-0.023"
"063445","1","-0.046","0.127","-0.087"
"063450","2","0.034","0.019","-0.016"
"063455","2","0.047","0.017","-0.012"
"063456","1","-0.103","0.096","-0.087"
"063460","2","0.052","0.012","-0.006"
"063461","1","-0.092","0.077","0.012"
"063465","2","0.051","0.014","-0.005"
"063466","1","-0.079","0.102","0.042"
"063470","1","-0.098","0.137","0.057"
"063471","2","0.042","0.011","-0.001"
"063475","1","-0.093","0.167","0.004"
"063476","2","0.035","0.011","-0.000"
"063480","2","0.026","0.012","0.000"
"063486","2","0.015","0.009","-0.000"
"063486","1","-0.091","0.099","-0.047"
"063490","2","0.006","0.009","-0.005"
"063491","1","-0.067","0.075","-0.079"
"063495","1","-0.077","0.006","-0.054"
"063496","1","-0.063","-0.009","-0.095"
"063497","2","0.006","0.007","-0.009"
"063500","1","-0.091","-0.097","-0.102"
"063501","2","0.008","0.006","-0.012"
"063508","2","0.012","0.003","-0.016"
"063512","1","-0.083","-0.170","-0.088"
"063512","2","0.020","-0.002","-0.023"
"063516","2","0.031","-0.003","-0.024"
"063516","1","-0.063","-0.196","-0.115"
"063521","2","0.040","-0.002","-0.023"
"063522","1","-0.036","-0.229","-0.150"
"063526","2","0.051","-0.000","-0.028"
"063526","1","-0.003","-0.237","-0.142"
"063531","1","-0.005","-0.218","-0.162"
"063536","1","-0.022","-0.214","-0.196"
"063536","2","0.069","0.009","-0.037"
"063541","2","0.075","0.011","-0.039"
"063542","1","-0.018","-0.227","-0.140"
"063546","2","0.077","0.015","-0.041"
"063546","1","0.010","-0.255","-0.113"
"063551","2","0.081","0.018","-0.046"
"063552","1","0.002","-0.208","-0.118"
"063556","1","-0.012","-0.193","-0.169"
"063556","2","0.085","0.021","-0.049"
"063562","1","-0.014","-0.229","-0.179"
"063566","1","-0.009","-0.265","-0.179"
"063567","2","0.093","0.032","-0.057"
"063571","2","0.094","0.036","-0.061"
"063572","1","0.000","-0.274","-0.168"
"063576","1","0.073","-0.279","-0.170"
"063577","2","0.089","0.042","-0.064"
"063581","1","0.097","-0.237","-0.174"
"063581","2","0.086","0.045","-0.064"
"063586","2","0.084","0.049","-0.066"
"063592","1","0.043","-0.185","-0.081"
"063592","2","0.077","0.053","-0.071"
"063598","2","0.070","0.057","-0.077"
"063598","1","0.012","-0.175","-0.071"
"063602","2","0.065","0.059","-0.082"
"063602","1","-0.011","-0.157","-0.020"
"063607","2","0.058","0.060","-0.090"
"063607","1","-0.031","-0.137","0.015"
"063612","2","0.055","0.061","-0.091"
"063612","1","-0.040","-0.083","0.060"
"063617","1","-0.079","-0.056","0.065"
"063622","1","-0.072","-0.044","0.108"
"063622","2","0.051","0.052","-0.094"
"063627","2","0.046","0.048","-0.094"
"063628","1","-0.050","-0.033","0.166"
"063632","1","-0.045","-0.027","0.203"
"063633","2","0.039","0.045","-0.095"
"063638","2","0.035","0.047","-0.098"
"063639","1","-0.006","-0.017","0.247"
"063642","2","0.032","0.047","-0.098"
"063647","2","0.032","0.048","-0.099"
"063648","1","0.037","0.069","0.201"
"063652","2","0.031","0.054","-0.098"
"063653","1","0.050","0.079","0.201"
"063657","2","0.027","0.063","-0.096"
"063658","1","0.056","0.087","0.204"
"063662","1","0.065","0.143","0.195"
"063662","2","0.018","0.069","-0.096"
"063667","1","0.076","0.201","0.213"
"063668","2","0.010","0.075","-0.091"
"063676","2","-0.000","0.077","-0.088"
"063677","2","-0.008","0.081","-0.088"
"063678","1","0.065","0.227","0.211"
"063683","1","0.046","0.246","0.196"
"063684","2","-0.018","0.079","-0.086"
"063688","2","-0.028","0.079","-0.083"
"063688","1","0.037","0.238","0.179"
"063692","2","-0.033","0.080","-0.081"
"063693","1","0.067","0.183","0.174"
"063697","1","0.085","0.154","0.146"
"063703","2","-0.043","0.069","-0.073"
"063704","1","0.113","0.134","0.185"
"063708","1","0.113","0.112","0.174"
"063708","2","-0.048","0.064","-0.070"
"063713","2","-0.049","0.059","-0.070"
"063714","1","0.119","0.114","0.194"
"063718","1","0.142","0.115","0.186"
"063718","2","-0.050","0.054","-0.067"
"063723","1","0.138","0.127","0.189"
"063724","2","-0.048","0.052","-0.064"
"063729","1","0.138","0.139","0.244"
"063733","1","0.155","0.130","0.235"
"063734","2","-0.049","0.051","-0.059"
"063738","2","-0.052","0.048","-0.057"
"063739","1","0.153","0.115","0.230"
"063745","2","-0.053","0.049","-0.055"
"063745","1","0.146","0.111","0.171"
"063748","2","-0.055","0.049","-0.051"
"063749","1","0.136","0.102","0.168"
"063753","1","0.120","0.101","0.182"
"063759","2","-0.053","0.042","-0.046"
"063760","1","0.128","0.115","0.147"
"063763","2","-0.048","0.037","-0.047"
"063764","1","0.130","0.126","0.152"
"063769","2","-0.039","0.034","-0.046"
"063769","1","0.116","0.100","0.142"
"063774","2","-0.032","0.031","-0.045"
"063775","1","0.095","0.074","0.085"
"063779","2","-0.024","0.031","-0.043"
"063779","1","0.086","0.051","0.029"
"063786","2","-0.016","0.028","-0.039"
"063789","2","-0.007","0.028","-0.034"
"063789","1","0.059","0.090","-0.041"
"063794","2","0.001","0.022","-0.026"
"063795","1","0.048","0.056","-0.030"
"063799","1","0.025","0.066","-0.014"
"063799","2","0.006","0.016","-0.021"
"063804","2","0.002","0.011","-0.015"
"063804","1","-0.019","0.094","0.024"
"063808","1","-0.052","0.127","0.058"
"063814","2","-0.017","-0.001","-0.006"
"063815","1","-0.053","0.173","0.071"
"063819","2","-0.031","-0.009","0.000"
"063820","1","-0.055","0.190","0.076"
"063824","2","-0.045","-0.014","0.006"
"063825","1","-0.060","0.176","0.101"
"063829","2","-0.064","-0.013","0.007"
"063829","1","-0.035","0.123","0.106"
"063834","1","-0.011","0.071","0.071"
"063835","2","-0.078","-0.014","0.007"
"063841","2","-0.090","-0.016","0.006"
"063844","2","-0.097","-0.014","0.002"
"063845","1","0.048","-0.052","-0.033"
"063849","2","-0.097","-0.014","0.004"
"063850","1","0.074","-0.113","-0.083"
"063855","2","-0.090","-0.013","0.004"
"063855","1","0.081","-0.179","-0.130"
"063860","1","0.046","-0.204","-0.150"
"063860","2","-0.076","-0.015","0.002"
"063864","2","-0.049","-0.015","-0.000"
"063869","2","-0.020","-0.019","-0.006"
"063870","1","0.021","-0.270","-0.176"
"063875","2","0.006","-0.021","-0.008"
"063875","1","0.003","-0.282","-0.177"
"063880","2","0.040","-0.021","-0.008"
"063880","1","-0.032","-0.276","-0.184"
"063885","2","0.070","-0.024","-0.007"
"063885","1","-0.058","-0.250","-0.158"
"063890","2","0.090","-0.025","-0.008"
"063890","1","-0.058","-0.196","-0.107"
"063897","1","-0.057","-0.103","-0.055"
"063900","2","0.102","-0.025","-0.011"
"063900","1","-0.079","-0.019","-0.005"
"063905","2","0.090","-0.025","-0.010"
"063905","1","-0.093","0.028","0.032"
"063910","2","0.072","-0.023","-0.008"
"063910","1","-0.111","0.088","0.062"
"063915","1","-0.101","0.147","0.040"
"063915","2","0.050","-0.019","-0.008"
"063920","1","-0.073","0.161","0.051"
"063926","2","0.008","-0.022","-0.007"
"063927","1","-0.060","0.163","0.094"
"063930","2","-0.009","-0.024","-0.007"
"063931","1","-0.028","0.129","0.096"
"063935","2","-0.015","-0.027","-0.005"
"063936","1","0.010","0.089","0.065"
"063940","2","-0.012","-0.025","-0.006"
"063941","1","0.044","0.047","0.032"
"063945","2","-0.001","-0.023","-0.008"
"063946","1","0.052","0.003","0.021"
"063956","1","0.048","-0.024","-0.005"
"063958","1","0.027","-0.036","-0.007"
"063959","2","0.032","-0.019","-0.003"
"063960","1","0.012","-0.040","0.015"
"063961","2","0.047","-0.015","0.001"
"063966","1","-0.020","-0.031","0.020"
"063967","2","0.055","-0.014","0.003"
"063971","2","0.053","-0.012","0.005"
"063971","1","-0.039","0.004","0.053"
"063976","2","0.042","-0.012","0.009"
"063980","2","0.026","-0.011","0.012"
"063981","1","-0.040","0.094","0.158"
"063986","2","0.004","-0.009","0.016"
"063986","1","-0.062","0.124","0.167"
"063991","2","-0.018","-0.006","0.015"
"063991","1","-0.059","0.113","0.163"
"063996","2","-0.038","-0.001","0.015"
"063997","1","-0.060","0.092","0.144"
"064001","2","-0.059","0.002","0.013"
"064001","1","-0.076","0.069","0.114"
"064006","2","-0.066","0.007","0.011"
"064011","1","-0.033","-0.009","0.076"
"064012","2","-0.065","0.005","0.014"
"064016","1","-0.034","-0.036","0.100"
"064017","2","-0.061","0.004","0.014"
"064021","2","-0.045","0.002","0.016"
"064022","1","-0.024","-0.088","0.093"
"064026","2","-0.029","-0.002","0.019"
"064027","1","-0.003","-0.086","0.069"
"064031","2","-0.012","-0.005","0.023"
"064037","2","0.001","-0.006","0.024"
"064037","1","-0.017","-0.064","0.042"
"064042","2","0.010","-0.003","0.023"
"064042","1","0.002","-0.056","0.028"
"064047","2","0.012","-0.001","0.026"
"064047","1","0.009","-0.027","0.037"
"064052","2","0.008","-0.003","0.024"
"064053","1","-0.003","-0.020","0.083"
"064057","2","0.001","-0.004","0.021"
"064057","1","0.009","-0.009","0.105"
"064069","1","0.058","-0.005","0.109"
"064070","2","-0.014","-0.004","0.021"
"064072","2","-0.016","-0.003","0.023"
"064073","1","0.060","-0.024","0.083"
"064077","2","-0.017","-0.002","0.017"
"064078","1","0.079","-0.045","0.038"
"064082","2","-0.017","-0.004","0.015"
"064082","1","0.094","-0.060","0.021"
"064087","1","0.098","-0.085","0.019"
"064087","2","-0.009","-0.004","0.013"
"064093","1","0.089","-0.124","0.033"
"064097","2","0.006","-0.005","0.011"
"064098","1","0.076","-0.121","0.053"
"064102","2","0.015","-0.009","0.011"
"064103","1","0.056","-0.090","0.077"
"064107","1","0.051","-0.064","0.111"
"064107","2","0.021","-0.014","0.011"
"064112","2","0.023","-0.018","0.012"
"064113","1","0.041","-0.063","0.122"
"064117","2","0.024","-0.023","0.012"
"064123","2","0.020","-0.028","0.010"
"064124","1","-0.011","-0.062","0.057"
"064128","1","-0.014","-0.058","0.074"
"064128","2","0.017","-0.035","0.008"
"064132","1","-0.006","-0.037","0.069"
"064133","2","0.013","-0.043","0.005"
"064137","1","0.012","0.003","0.049"
"064138","2","0.007","-0.046","-0.001"
"064142","2","0.004","-0.049","-0.004"
"064143","1","0.031","0.049","0.022"
"064148","1","0.039","0.056","-0.029"
"064153","2","0.001","-0.048","-0.006"
"064154","1","0.034","0.006","-0.086"
"064158","1","0.027","-0.046","-0.135"
"064158","2","0.002","-0.046","-0.009"
"064163","2","0.013","-0.044","-0.009"
"064165","1","0.027","-0.075","-0.160"
"064168","1","0.012","-0.102","-0.161"
"064169","2","0.023","-0.043","-0.010"
"064173","2","0.035","-0.040","-0.005"
"064179","1","-0.040","-0.084","-0.149"
"064180","2","0.051","-0.038","0.000"
"064183","2","0.060","-0.035","0.005"
"064184","1","-0.074","-0.034","-0.133"
"064189","2","0.066","-0.029","0.007"
"064190","1","-0.109","0.026","-0.142"
"064193","2","0.062","-0.019","0.012"
"064194","1","-0.122","0.071","-0.151"
"064198","2","0.052","-0.010","0.017"
"064199","1","-0.142","0.081","-0.170"
"064203","1","-0.172","0.059","-0.157"
"064208","2","0.020","0.004","0.015"
"064209","1","-0.194","0.050","-0.131"
"064213","2","0.003","0.011","0.011"
"064214","1","-0.186","0.057","-0.094"
"064218","2","-0.012","0.020","0.008"
"064219","1","-0.176","0.040","-0.053"
"064223","2","-0.023","0.025","0.009"
"064224","1","-0.170","0.013","-0.056"
"064228","2","-0.033","0.030","0.008"
"064233","1","-0.168","-0.062","-0.049"
"064234","2","-0.035","0.032","0.006"
"064239","2","-0.038","0.039","0.002"
"064239","1","-0.168","-0.104","0.013"
"064243","1","-0.168","-0.117","0.059"
"064244","2","-0.042","0.043","-0.003"
"064249","2","-0.046","0.048","-0.005"
"064250","1","-0.175","-0.121","0.054"
"064253","2","-0.050","0.053","-0.005"
"064254","1","-0.182","-0.124","0.054"
"064261","1","-0.179","-0.149","0.047"
"064264","2","-0.055","0.051","-0.001"
"064265","1","-0.203","-0.170","0.063"
"064269","2","-0.053","0.049","-0.001"
"064270","1","-0.236","-0.185","0.099"
"064274","2","-0.054","0.041","-0.005"
"064275","1","-0.235","-0.208","0.129"
"064279","1","-0.230","-0.222","0.153"
"064280","2","-0.051","0.032","-0.010"
"064284","2","-0.045","0.026","-0.016"
"064289","2","-0.036","0.018","-0.018"
"064290","1","-0.178","-0.237","0.110"
"064294","2","-0.025","0.011","-0.022"
"064295","1","-0.110","-0.230","0.074"
"064300","2","-0.013","0.007","-0.025"
"064300","1","-0.069","-0.213","0.035"
"064304","1","-0.021","-0.187","-0.010"
"064305","2","-0.003","0.008","-0.025"
"064309","2","0.002","0.008","-0.031"
"064310","1","0.026","-0.149","-0.060"
"064317","2","0.006","0.013","-0.032"
"064320","1","0.021","-0.087","-0.074"
"064320","2","0.004","0.018","-0.036"
"064324","1","0.033","-0.048","-0.046"
"064325","2","-0.000","0.024","-0.038"
"064330","2","-0.009","0.025","-0.041"
"064330","1","0.025","-0.036","0.003"
"064335","2","-0.020","0.028","-0.041"
"064335","1","0.002","-0.009","0.024"
"064340","1","0.001","0.035","0.035"
"064344","2","-0.043","0.026","-0.039"
"064345","1","0.018","0.056","0.014"
"064350","2","-0.050","0.023","-0.038"
"064351","1","0.032","0.078","0.017"
"064355","2","-0.059","0.018","-0.037"
"064356","1","0.046","0.109","0.027"
"064360","1","0.064","0.119","-0.000"
"064360","2","-0.064","0.016","-0.037"
"064365","2","-0.067","0.015","-0.037"
"064365","1","0.108","0.125","-0.072"
"064370","2","-0.065","0.014","-0.034"
"064375","2","-0.066","0.015","-0.032"
"064376","1","0.152","0.133","-0.110"
"064380","1","0.130","0.133","-0.125"
"064381","2","-0.061","0.015","-0.025"
"064385","1","0.122","0.130","-0.111"
"064386","2","-0.053","0.018","-0.025"
"064392","2","-0.045","0.016","-0.026"
"064392","1","0.106","0.103","-0.080"
"064395","1","0.089","0.088","-0.059"
"064400","1","0.066","0.094","-0.025"
"064402","2","-0.030","0.009","-0.028"
"064406","2","-0.026","0.005","-0.026"
"064406","1","0.039","0.117","-0.013"
"064412","2","-0.022","0.001","-0.027"
"064412","1","0.019","0.130","-0.053"
"064416","2","-0.021","-0.005","-0.024"
"064416","1","0.012","0.115","-0.081"
"064420","1","0.015","0.099","-0.104"
"064421","2","-0.020","-0.008","-0.022"
"064428","2","-0.021","-0.013","-0.024"
"064431","2","-0.015","-0.017","-0.026"
"064431","1","0.027","0.088","-0.059"
"064437","2","-0.009","-0.021","-0.024"
"064438","1","0.058","0.070","-0.072"
"064441","1","0.043","0.034","-0.104"
"064441","2","0.002","-0.022","-0.025"
"064446","2","0.014","-0.026","-0.027"
"064447","1","0.041","-0.002","-0.118"
"064451","1","0.014","-0.015","-0.090"
"064456","2","0.041","-0.034","-0.026"
"064456","1","-0.025","-0.032","-0.024"
"064461","1","-0.016","-0.002","0.002"
"064462","2","0.052","-0.037","-0.024"
"064466","1","-0.016","0.045","-0.009"
"064467","2","0.058","-0.041","-0.018"
"064473","1","-0.011","0.142","-0.015"
"064476","2","0.047","-0.041","-0.014"
"064476","2","0.047","-0.041","-0.014"
"064477","1","-0.026","0.174","-0.013"
"064484","1","-0.004","0.145","-0.021"
"064488","2","0.005","-0.039","-0.021"
"064488","1","0.019","0.167","-0.023"
"064491","1","0.025","0.167","-0.086"
"064492","2","-0.018","-0.034","-0.027"
"064497","2","-0.038","-0.030","-0.032"
"064497","1","0.045","0.158","-0.117"
"064501","1","0.069","0.136","-0.134"
"064502","2","-0.053","-0.023","-0.028"
"064507","2","-0.062","-0.017","-0.028"
"064512","2","-0.065","-0.012","-0.029"
"064512","1","0.048","0.082","-0.141"
"064517","2","-0.055","-0.006","-0.032"
"064517","1","0.038","0.028","-0.156"
"064522","1","0.017","-0.021","-0.159"
"064523","2","-0.041","-0.001","-0.032"
"064527","2","-0.027","0.002","-0.029"
"064528","1","0.020","-0.034","-0.155"
"064532","1","0.029","-0.067","-0.139"
"064532","2","-0.008","0.001","-0.026"
"064539","2","0.011","-0.002","-0.025"
"064542","1","0.007","-0.041","-0.036"
"064542","2","0.031","-0.002","-0.027"
"064547","1","-0.003","-0.035","0.036"
"064548","2","0.045","-0.002","-0.028"
"064552","1","0.005","-0.011","0.044"
"064552","2","0.051","-0.005","-0.025"
"064557","1","0.020","0.017","0.045"
"064558","2","0.057","-0.002","-0.028"
"064562","1","0.025","0.032","-0.001"
"064567","2","0.038","0.002","-0.026"
"064567","1","0.050","0.073","-0.006"
"064572","1","0.031","0.092","-0.018"
"064573","2","0.024","0.003","-0.029"
"064577","1","0.017","0.067","0.033"
"064578","2","0.011","0.004","-0.031"
"064582","1","0.071","0.047","0.057"
"064583","2","0.003","0.000","-0.035"
"064587","1","0.027","0.046","0.099"
"064588","2","-0.001","0.001","-0.034"
"064595","1","0.002","0.021","0.073"
"064598","2","0.009","-0.007","-0.030"
"064598","1","0.014","0.022","0.051"
"064605","2","0.017","-0.013","-0.029"
"064605","1","0.011","0.002","0.065"
"064608","1","0.041","0.008","0.055"
"064608","2","0.025","-0.014","-0.030"
"064612","2","0.024","-0.017","-0.031"
"064613","1","0.024","0.031","0.100"
"064618","2","0.018","-0.018","-0.028"
"064622","2","0.011","-0.019","-0.025"
"064623","1","0.016","0.102","0.145"
"064628","2","0.004","-0.019","-0.020"
"064629","1","0.009","0.121","0.120"
"064633","1","-0.006","0.102","0.145"
"064634","2","-0.007","-0.019","-0.021"
"064638","2","-0.017","-0.020","-0.023"
"064639","1","0.017","0.074","0.147"
"064643","2","-0.027","-0.019","-0.025"
"064644","1","0.026","0.044","0.092"
"064649","1","0.080","0.080","0.109"
"064653","2","-0.037","-0.021","-0.018"
"064654","1","0.086","0.081","0.074"
"064658","1","0.098","0.081","0.063"
"064659","2","-0.039","-0.024","-0.015"
"064663","2","-0.040","-0.024","-0.014"
"064664","1","0.117","0.084","0.068"
"064668","2","-0.034","-0.022","-0.015"
"064669","1","0.128","0.096","0.041"
"064673","2","-0.025","-0.021","-0.014"
"064678","2","-0.017","-0.018","-0.013"
"064679","1","0.111","0.108","0.030"
"064684","2","-0.012","-0.016","-0.007"
"064685","1","0.104","0.104","0.011"
"064689","2","-0.010","-0.017","-0.004"
"064689","1","0.118","0.071","0.016"
"064693","2","-0.014","-0.019","-0.004"
"064694","1","0.093","0.071","-0.016"
"064699","1","0.068","0.082","-0.004"
"064699","2","-0.020","-0.025","-0.005"
"064706","2","-0.024","-0.027","-0.004"
"064709","2","-0.025","-0.032","-0.001"
"064709","1","0.075","0.101","-0.010"
"064714","2","-0.031","-0.033","0.000"
"064715","1","0.102","0.078","-0.012"
"064719","2","-0.033","-0.031","-0.003"
"064719","1","0.085","0.091","-0.031"
"064724","2","-0.031","-0.028","-0.006"
"064725","1","0.105","0.055","-0.060"
"064729","1","0.125","0.037","-0.076"
"064734","1","0.160","0.004","-0.080"
"064735","2","-0.031","-0.022","-0.006"
"064740","2","-0.023","-0.017","-0.009"
"064741","1","0.165","0.034","-0.039"
"064744","2","-0.018","-0.013","-0.007"
"064746","1","0.146","0.042","-0.074"
"064749","2","-0.011","-0.011","-0.003"
"064750","1","0.149","0.029","-0.096"
"064754","1","0.118","-0.006","-0.073"
"064755","2","-0.006","-0.008","-0.006"
"064762","1","0.078","-0.025","-0.051"
"064764","2","-0.005","-0.007","-0.010"
"064765","1","0.111","0.033","-0.091"
"064770","1","0.125","0.057","-0.117"
"064770","2","-0.008","-0.005","-0.010"
"064774","1","0.107","0.044","-0.115"
"064775","2","-0.009","-0.005","-0.008"
"064780","1","0.111","0.027","-0.108"
"064780","2","-0.014","-0.000","-0.007"
"064784","2","-0.020","0.006","-0.008"
"064790","2","-0.026","0.010","-0.015"
"064791","1","0.123","0.019","-0.130"
"064795","2","-0.026","0.017","-0.016"
"064795","1","0.157","0.059","-0.092"
"064800","1","0.143","0.002","-0.053"
"064800","2","-0.025","0.024","-0.014"
"064805","2","-0.023","0.032","-0.015"
"064805","1","0.137","-0.057","-0.082"
"064810","1","0.125","-0.063","-0.112"
"064810","2","-0.025","0.036","-0.020"
"064818","2","-0.024","0.042","-0.018"
"064820","2","-0.027","0.047","-0.014"
"064820","1","0.084","0.045","-0.182"
"064825","2","-0.026","0.050","-0.010"
"064826","1","0.067","0.088","-0.288"
"064830","1","0.028","0.113","-0.311"
"064830","2","-0.031","0.052","-0.006"
"064835","2","-0.046","0.053","-0.002"
"064836","1","-0.083","0.106","-0.220"
"064840","2","-0.059","0.053","-0.004"
"064845","2","-0.068","0.049","-0.008"
"064846","1","-0.304","-0.050","0.167"
"064850","1","-0.367","-0.122","0.276"
"064851","2","-0.070","0.038","-0.016"
"064855","2","-0.059","0.022","-0.022"
"064856","1","-0.395","-0.149","0.293"
"064861","2","-0.040","0.008","-0.018"
"064861","1","-0.372","-0.146","0.215"
"064866","1","-0.348","-0.136","0.136"
"064866","2","-0.017","-0.005","-0.014"
"064873","2","-0.003","-0.015","-0.010"
"064876","2","0.007","-0.025","-0.007"
"064876","1","-0.198","-0.126","0.055"
"064881","2","0.006","-0.027","-0.012"
"064881","1","-0.163","-0.128","-0.001"
"064886","2","-0.000","-0.023","-0.020"
"064886","1","-0.096","-0.121","-0.029"
"064891","2","-0.010","-0.014","-0.029"
"064891","1","-0.041","-0.128","-0.052"
"064896","2","-0.021","-0.005","-0.037"
"064901","2","-0.026","0.007","-0.041"
"064901","1","0.012","-0.114","-0.088"
"064906","2","-0.026","0.018","-0.044"
"064907","1","-0.024","-0.135","-0.067"
"064911","2","-0.028","0.027","-0.051"
"064911","1","-0.027","-0.151","0.001"
"064916","2","-0.032","0.034","-0.057"
"064917","1","-0.059","-0.153","0.015"
"064921","2","-0.039","0.036","-0.061"
"064921","1","-0.131","-0.147","0.019"
"064928","1","-0.150","-0.133","0.026"
"064931","2","-0.051","0.027","-0.072"
"064932","1","-0.092","-0.097","0.058"
"064936","2","-0.054","0.021","-0.075"
"064937","1","-0.040","-0.082","0.057"
"064941","2","-0.062","0.011","-0.074"
"064942","1","-0.023","-0.096","0.077"
"064946","2","-0.069","0.003","-0.074"
"064947","1","0.012","-0.077","0.098"
"064951","2","-0.069","-0.001","-0.078"
"064956","2","-0.060","-0.006","-0.077"
"064957","1","0.130","-0.067","0.063"
"064962","2","-0.047","-0.008","-0.070"
"064962","1","0.173","-0.038","0.085"
"064967","1","0.176","-0.040","0.125"
"064967","2","-0.035","-0.006","-0.066"
"064972","2","-0.023","-0.004","-0.063"
"064972","1","0.161","-0.010","0.173"
"064977","2","-0.015","-0.004","-0.058"
"064977","1","0.153","0.078","0.283"
"064982","1","0.129","0.174","0.481"
"064995","2","0.008","0.005","-0.055"
"065003","2","-0.021","-0.001","-0.047"
"065004","1","0.097","0.090","-0.257"
"065007","2","-0.028","-0.012","-0.034"
"065008","1","-0.059","0.005","-0.041"
"065012","2","-0.028","-0.029","-0.038"
"065012","1","-0.234","-0.215","0.200"
"065017","1","-0.340","-0.362","0.275"
"065018","2","-0.022","-0.050","-0.061"
"065026","1","-0.343","-0.331","0.193"
"065028","2","0.029","-0.095","-0.085"
"065029","1","-0.299","-0.260","0.010"
"065032","1","-0.290","-0.208","-0.185"
"065033","2","0.063","-0.110","-0.065"
"065037","2","0.098","-0.115","-0.049"
"065038","1","-0.276","-0.208","-0.196"
"065042","1","-0.226","-0.228","-0.135"
"065043","2","0.116","-0.116","-0.049"
"065047","2","0.117","-0.111","-0.054"
"065052","2","0.109","-0.099","-0.056"
"065053","1","-0.146","-0.099","-0.149"
"065058","2","0.099","-0.084","-0.049"
"065059","1","-0.154","-0.035","-0.140"
"065063","1","-0.161","-0.013","-0.104"
"065063","2","0.088","-0.067","-0.041"
"065068","2","0.075","-0.049","-0.035"
"065068","1","-0.156","0.006","-0.025"
"065073","1","-0.203","0.054","-0.010"
"065073","2","0.063","-0.037","-0.029"
"065081","2","0.051","-0.032","-0.023"
"065084","2","0.041","-0.026","-0.018"
"065084","1","-0.220","0.143","-0.062"
"065088","2","0.024","-0.024","-0.012"
"065089","1","-0.230","0.142","-0.090"
"065093","2","0.004","-0.029","-0.007"
"065094","1","-0.218","0.099","-0.117"
"065098","1","-0.209","0.114","-0.118"
"065099","2","-0.013","-0.034","-0.003"
"065103","1","-0.196","0.130","-0.134"
"065108","2","-0.038","-0.046","0.016"
"065108","1","-0.186","0.151","-0.142"
"065113","2","-0.043","-0.053","0.023"
"065113","1","-0.181","0.148","-0.106"
"065118","1","-0.142","0.163","-0.042"
"065119","2","-0.050","-0.061","0.031"
"065123","2","-0.053","-0.062","0.040"
"065124","1","-0.107","0.197","-0.003"
"065128","2","-0.054","-0.069","0.043"
"065129","1","-0.079","0.213","-0.009"
"065134","1","-0.048","0.237","-0.033"
"065139","2","-0.055","-0.072","0.044"
"065140","1","-0.002","0.292","-0.065"
"065144","2","-0.056","-0.069","0.045"
"065144","1","0.045","0.312","-0.077"
"065149","1","0.063","0.276","-0.097"
"065149","2","-0.058","-0.063","0.047"
"065154","1","0.064","0.170","-0.044"
"065154","2","-0.065","-0.056","0.040"
"065159","2","-0.071","-0.051","0.029"
"065164","2","-0.082","-0.048","0.012"
"065165","1","0.014","-0.118","0.052"
"065169","1","-0.024","-0.166","-0.020"
"065170","2","-0.099","-0.049","0.000"
"065174","1","-0.061","-0.076","0.024"
"065174","2","-0.102","-0.056","0.003"
"065179","2","-0.083","-0.061","0.010"
"065179","1","-0.124","-0.066","0.344"
"065184","2","-0.065","-0.071","0.003"
"065184","1","-0.157","-0.201","0.644"
"065192","1","-0.099","-0.320","0.584"
"065194","2","-0.033","-0.086","-0.037"
"065195","1","0.007","-0.300","0.283"
"065199","2","-0.018","-0.086","-0.037"
"065200","1","0.132","-0.197","-0.005"
"065204","1","0.235","-0.137","-0.106"
"065205","2","-0.010","-0.082","-0.025"
"065209","1","0.249","-0.167","-0.037"
"065210","2","-0.013","-0.073","-0.023"
"065214","1","0.247","-0.256","0.082"
"065219","2","-0.041","-0.058","-0.051"
"065220","1","0.238","-0.277","0.106"
"065224","2","-0.048","-0.055","-0.059"
"065225","1","0.218","-0.212","0.062"
"065230","1","0.177","-0.176","0.012"
"065230","2","-0.043","-0.055","-0.056"
"065234","2","-0.029","-0.054","-0.049"
"065235","1","0.112","-0.184","-0.034"
"065240","2","-0.016","-0.056","-0.049"
"065240","1","0.075","-0.166","-0.030"
"065245","1","0.071","-0.130","-0.012"
"065250","1","0.065","-0.067","0.018"
"065250","2","-0.005","-0.065","-0.050"
"065254","2","-0.012","-0.070","-0.054"
"065255","1","0.085","-0.013","0.014"
"065260","1","0.132","0.021","-0.016"
"065260","2","-0.022","-0.075","-0.056"
"065265","2","-0.036","-0.076","-0.059"
"065265","1","0.148","0.053","-0.069"
"065270","1","0.161","0.081","-0.110"
"065276","2","-0.057","-0.063","-0.058"
"065277","1","0.185","0.074","-0.124"
"065280","2","-0.064","-0.052","-0.055"
"065281","1","0.175","0.042","-0.122"
"065285","2","-0.063","-0.045","-0.053"
"065286","1","0.168","0.029","-0.105"
"065290","1","0.148","0.031","-0.112"
"065291","2","-0.058","-0.039","-0.050"
"065295","2","-0.051","-0.035","-0.047"
"065296","1","0.099","0.046","-0.142"
"065303","1","0.063","0.027","-0.155"
"065305","2","-0.042","-0.034","-0.042"
"065306","1","0.013","0.022","-0.159"
"065310","2","-0.041","-0.041","-0.039"
"065311","1","-0.035","0.073","-0.150"
"065315","1","-0.054","0.117","-0.122"
"065316","2","-0.042","-0.045","-0.036"
"065320","1","-0.088","0.129","-0.105"
"065321","2","-0.045","-0.047","-0.032"
"065326","1","-0.116","0.103","-0.088"
"065331","2","-0.061","-0.059","-0.035"
"065331","1","-0.134","0.066","-0.092"
"065336","2","-0.065","-0.063","-0.038"
"065336","1","-0.148","0.033","-0.098"
"065341","1","-0.120","0.002","-0.081"
"065341","2","-0.065","-0.065","-0.041"
"065346","1","-0.098","-0.026","-0.082"
"065346","2","-0.062","-0.063","-0.043"
"065351","1","-0.069","-0.032","-0.082"
"065351","2","-0.053","-0.063","-0.041"
"065359","1","-0.021","-0.019","-0.059"
"065361","1","0.001","-0.018","-0.022"
"065362","2","-0.034","-0.055","-0.040"
"065366","2","-0.025","-0.051","-0.042"
"065367","1","0.013","-0.016","0.032"
"065371","2","-0.021","-0.047","-0.046"
"065371","1","0.018","-0.007","0.066"
"065376","1","0.015","-0.007","0.061"
"065377","2","-0.018","-0.042","-0.049"
"065381","1","0.020","0.011","0.034"
"065386","2","-0.012","-0.039","-0.048"
"065387","1","0.024","0.035","0.007"
"065392","2","-0.005","-0.040","-0.048"
"065392","1","0.001","0.050","0.013"
"065396","2","0.001","-0.040","-0.049"
"065397","1","-0.018","0.051","0.069"
"065401","2","0.004","-0.045","-0.054"
"065402","1","-0.005","0.045","0.136"
"065406","2","0.007","-0.047","-0.056"
"065407","1","0.003","0.046","0.156"
"065413","1","0.022","0.047","0.147"
"065417","2","0.015","-0.048","-0.057"
"065418","1","0.056","0.055","0.149"
"065422","2","0.023","-0.046","-0.052"
"065422","1","0.068","0.074","0.136"
"065427","2","0.029","-0.041","-0.049"
"065427","1","0.065","0.123","0.155"
"065432","1","0.080","0.160","0.231"
"065432","2","0.043","-0.036","-0.047"
"065437","2","0.041","-0.032","-0.046"
"065442","2","0.023","-0.021","-0.048"
"065443","1","0.174","0.082","-0.084"
"065447","2","0.010","-0.016","-0.034"
"065448","1","0.193","0.214","-0.356"
"065452","2","0.006","-0.015","-0.010"
"065453","1","0.135","0.291","-0.371"
"065457","2","-0.001","-0.019","-0.000"
"065458","1","-0.026","0.175","-0.132"
"065462","2","-0.012","-0.026","-0.015"
"065463","1","-0.168","0.003","0.147"
"065470","1","-0.215","-0.083","0.217"
"065472","2","-0.014","-0.042","-0.036"
"065473","1","-0.207","-0.065","0.104"
"065477","2","-0.002","-0.050","-0.023"
"065478","1","-0.173","-0.038","-0.022"
"065482","1","-0.124","-0.076","-0.094"
"065483","2","0.015","-0.053","-0.012"
"065487","1","-0.083","-0.133","-0.100"
"065488","2","0.025","-0.050","-0.012"
"065492","1","-0.036","-0.134","-0.077"
"065497","2","0.034","-0.038","-0.015"
"065498","1","0.028","-0.102","-0.037"
"065503","2","0.032","-0.030","-0.011"
"065503","1","0.034","-0.084","-0.030"
"065507","1","-0.005","-0.073","-0.033"
"065508","2","0.027","-0.017","-0.010"
"065512","1","-0.041","-0.074","-0.019"
"065513","2","0.028","-0.008","-0.013"
"065518","1","-0.097","-0.101","-0.000"
"065518","2","0.027","-0.002","-0.016"
"065530","1","-0.151","-0.153","0.047"
"065533","2","0.005","-0.008","-0.037"
"065534","1","-0.146","-0.155","0.070"
"065538","2","0.003","-0.011","-0.040"
"065539","1","-0.130","-0.163","0.099"
"065544","2","-0.000","-0.014","-0.042"
"065544","1","-0.109","-0.151","0.100"
"065548","2","0.001","-0.016","-0.043"
"065549","1","-0.057","-0.132","0.083"
"065553","2","-0.000","-0.015","-0.040"
"065558","1","0.051","-0.072","0.047"
"065559","2","-0.000","-0.015","-0.035"
"065563","2","0.006","-0.010","-0.032"
"065564","1","0.111","-0.021","-0.008"
"065568","2","0.009","-0.007","-0.025"
"065568","1","0.142","0.035","-0.007"
"065573","2","0.010","-0.005","-0.020"
"065573","1","0.131","0.065","0.031"
"065578","2","0.004","0.000","-0.018"
"065579","1","0.102","0.073","0.064"
"065586","2","-0.006","0.002","-0.020"
"065589","2","-0.020","0.002","-0.023"
"065589","1","0.052","0.161","0.076"
"065593","2","-0.034","-0.001","-0.021"
"065594","1","0.057","0.195","0.071"
"065599","1","0.021","0.189","0.038"
"065599","2","-0.044","-0.007","-0.017"
"065604","2","-0.060","-0.013","-0.014"
"065604","1","0.011","0.197","0.015"
"065609","1","-0.002","0.234","0.073"
"065613","2","-0.076","-0.021","-0.007"
"065614","1","-0.014","0.239","0.099"
"065619","2","-0.078","-0.019","-0.007"
"065619","1","0.000","0.232","0.080"
"065624","2","-0.079","-0.014","-0.009"
"065624","1","0.007","0.177","0.083"
"065629","1","0.006","0.117","0.094"
"065629","2","-0.078","-0.016","-0.014"
"065635","1","0.016","0.060","0.062"
"065635","2","-0.066","-0.021","-0.014"
"065642","2","-0.055","-0.022","-0.013"
"065644","2","-0.034","-0.024","-0.006"
"065645","1","0.021","-0.045","0.052"
"065649","2","-0.011","-0.029","-0.002"
"065650","1","0.021","-0.069","0.043"
"065654","2","0.013","-0.028","-0.002"
"065655","1","0.003","-0.077","-0.013"
"065659","1","0.006","-0.085","-0.005"
"065659","2","0.034","-0.027","-0.000"
"065664","1","-0.012","-0.060","0.035"
"065669","1","-0.023","-0.024","0.043"
"065670","2","0.051","-0.027","0.002"
"065674","1","-0.040","0.012","0.059"
"065675","2","0.049","-0.028","0.003"
"065679","1","-0.093","0.028","0.047"
"065680","2","0.043","-0.024","0.004"
"065684","2","0.035","-0.025","0.007"
"065685","1","-0.100","0.062","0.029"
"065690","1","-0.082","0.085","-0.029"
"065690","2","0.020","-0.029","0.007"
"065695","1","-0.091","0.058","-0.032"
"065700","2","-0.004","-0.029","-0.001"
"065700","1","-0.050","0.017","-0.020"
"065705","2","-0.012","-0.031","-0.006"
"065705","1","0.029","0.015","-0.045"
"065711","1","0.034","-0.008","-0.059"
"065711","2","-0.017","-0.027","-0.007"
"065715","2","-0.018","-0.022","-0.006"
"065715","1","0.039","-0.041","-0.062"
"065720","2","-0.014","-0.015","-0.004"
"065725","2","-0.008","-0.009","-0.002"
"065726","1","0.003","-0.093","-0.090"
"065730","2","0.004","-0.009","-0.001"
"065731","1","-0.017","-0.052","-0.058"
"065735","1","-0.008","-0.045","-0.014"
"065735","2","0.009","-0.007","0.006"
"065741","2","0.016","-0.008","0.006"
"065742","1","-0.063","-0.027","-0.028"
"065745","1","-0.127","-0.032","0.001"
"065746","2","0.021","-0.012","0.002"
"065750","2","0.022","-0.016","-0.000"
"065755","2","0.018","-0.023","-0.002"
"065756","1","-0.146","-0.051","0.055"
"065760","2","0.017","-0.025","-0.003"
"065761","1","-0.139","-0.008","0.095"
"065765","2","0.016","-0.027","0.000"
"065766","1","-0.109","-0.011","0.108"
"065770","1","-0.079","-0.015","0.084"
"065771","2","0.015","-0.027","0.001"
"065775","1","-0.071","-0.041","0.081"
"065782","2","0.020","-0.021","0.002"
"065783","1","-0.080","-0.055","0.103"
"065785","2","0.026","-0.014","0.002"
"065786","1","-0.070","-0.076","0.097"
"065791","2","0.029","-0.013","0.003"
"065791","1","-0.093","-0.080","0.070"
"065795","1","-0.140","-0.065","0.072"
"065796","2","0.030","-0.021","0.008"
"065800","1","-0.201","-0.044","0.046"
"065801","2","0.032","-0.039","0.015"
"065806","1","-0.242","-0.022","0.100"
"065811","1","-0.265","-0.009","0.181"
"065812","2","0.018","-0.084","0.032"
"065816","2","0.008","-0.106","0.039"
"065817","1","-0.268","-0.004","0.234"
"065821","1","-0.221","0.037","0.134"
"065821","2","-0.002","-0.119","0.041"
"065826","2","-0.010","-0.129","0.041"
"065826","1","-0.196","0.083","0.089"
"065831","1","-0.160","0.078","0.101"
"065836","2","-0.036","-0.124","0.029"
"065837","1","-0.061","0.081","0.092"
"065841","1","0.014","0.106","0.016"
"065842","2","-0.047","-0.121","0.034"
"065846","1","0.059","0.127","-0.051"
"065847","2","-0.052","-0.113","0.043"
"065851","1","0.129","0.109","-0.061"
"065852","2","-0.053","-0.103","0.048"
"065856","2","-0.059","-0.091","0.043"
"065858","1","0.172","0.113","-0.063"
"065864","2","-0.063","-0.078","0.036"
"065867","2","-0.063","-0.065","0.034"
"065867","1","0.190","0.092","-0.119"
"065872","2","-0.065","-0.051","0.032"
"065872","1","0.197","0.033","-0.162"
"065877","2","-0.075","-0.043","0.027"
"065878","1","0.171","-0.035","-0.217"
"065882","1","0.099","-0.093","-0.324"
"065883","2","-0.085","-0.039","0.021"
"065887","2","-0.073","-0.041","0.021"
"065892","1","-0.083","-0.049","0.060"
"065892","2","-0.045","-0.051","0.016"
"065897","2","-0.025","-0.057","-0.001"
"065898","1","-0.121","-0.234","0.373"
"065902","2","-0.008","-0.055","-0.020"
"065902","1","-0.045","-0.310","0.312"
"065907","2","0.008","-0.041","-0.020"
"065908","1","0.125","-0.205","-0.006"
"065912","1","0.270","-0.028","-0.209"
"065912","2","0.018","-0.022","-0.001"
"065917","1","0.264","0.044","-0.235"
"065922","1","0.166","-0.011","-0.094"
"065923","2","0.016","-0.002","0.019"
"065927","2","0.006","-0.012","0.010"
"065928","1","0.046","-0.073","0.035"
"065932","2","-0.001","-0.027","0.006"
"065933","1","-0.011","-0.064","0.101"
"065937","2","0.001","-0.047","0.006"
"065938","1","-0.127","-0.011","0.128"
"065942","1","-0.164","0.051","0.129"
"065947","2","0.014","-0.085","0.005"
"065948","1","-0.152","0.054","0.149"
"065952","2","0.019","-0.092","0.002"
"065953","1","-0.092","0.080","0.154"
"065958","2","0.018","-0.092","-0.004"
"065958","1","-0.013","0.072","0.221"
"065963","1","0.084","0.038","0.251"
"065963","2","0.019","-0.087","-0.010"
"065968","2","0.017","-0.076","-0.015"
"065968","1","0.132","0.009","0.223"
"065975","1","0.189","0.010","0.138"
"065978","2","0.011","-0.044","-0.021"
"065978","1","0.223","0.016","0.107"
"065983","2","0.009","-0.032","-0.021"
"065983","1","0.210","-0.008","0.082"
"065988","2","0.006","-0.022","-0.018"
"065988","1","0.184","-0.022","0.106"
"065993","2","0.001","-0.018","-0.016"
"065993","1","0.143","-0.006","0.091"
"065998","2","-0.002","-0.019","-0.018"
"066003","2","-0.004","-0.018","-0.019"
"066004","1","0.056","0.010","0.048"
"066009","2","-0.006","-0.021","-0.023"
"066009","1","0.053","0.043","-0.014"
"066013","2","-0.012","-0.022","-0.021"
"066013","1","0.054","0.087","-0.040"
"066018","1","0.043","0.069","-0.066"
"066019","2","-0.020","-0.021","-0.024"
"066023","2","-0.026","-0.019","-0.026"
"066024","1","0.067","0.061","-0.042"
"066028","2","-0.032","-0.012","-0.025"
"066031","1","0.098","0.073","-0.070"
"066033","2","-0.032","-0.002","-0.026"
"066034","1","0.063","0.059","-0.100"
"066039","2","-0.034","0.006","-0.024"
"066039","1","0.062","0.083","-0.038"
"066044","2","-0.029","0.017","-0.021"
"066044","1","0.005","0.068","-0.041"
"066048","2","-0.022","0.026","-0.023"
"066049","1","-0.014","0.054","0.000"
"066062","1","0.103","0.013","0.143"
"066063","2","-0.031","0.063","-0.036"
"066064","1","0.196","-0.055","-0.321"
"066069","2","-0.064","0.087","-0.031"
"066069","1","0.238","0.235","-0.829"
"066074","2","-0.071","0.099","-0.005"
"066074","1","0.059","0.373","-0.727"
"066079","2","-0.077","0.094","0.025"
"066080","1","-0.233","0.114","-0.194"
"066084","2","-0.088","0.071","0.016"
"066089","2","-0.094","0.042","-0.015"
"066089","1","-0.479","-0.187","0.016"
"066094","1","-0.375","-0.050","-0.183"
"066095","2","-0.083","0.020","-0.028"
"066099","2","-0.059","0.010","-0.012"
"066099","1","-0.319","-0.031","-0.288"
"066104","2","-0.028","0.008","0.010"
"066105","1","-0.270","-0.121","-0.217"
"066109","1","-0.254","-0.160","-0.097"
"066110","2","0.001","0.012","0.016"
"066115","2","0.020","0.019","0.013"
"066119","2","0.029","0.014","0.024"
"066120","1","-0.238","-0.052","0.039"
"066124","2","0.029","-0.000","0.034"
"066125","1","-0.271","0.026","0.059"
"066130","2","0.026","-0.017","0.037"
"066130","1","-0.348","0.047","0.100"
"066134","1","-0.367","0.019","0.153"
"066135","2","0.020","-0.035","0.032"
"066140","1","-0.286","-0.020","0.244"
"066145","2","0.002","-0.062","0.018"
"066146","1","-0.194","0.005","0.201"
"066150","2","-0.002","-0.063","0.020"
"066150","1","-0.107","-0.005","0.118"
"066155","2","-0.007","-0.061","0.023"
"066155","1","-0.011","-0.011","0.016"
"066160","2","-0.009","-0.056","0.028"
"066160","1","0.055","0.016","-0.063"
"066164","2","-0.016","-0.048","0.029"
"066165","1","0.122","0.027","-0.039"
"066170","1","0.163","0.040","-0.064"
"066175","2","-0.029","-0.026","0.026"
"066175","1","0.205","0.084","-0.081"
"066180","1","0.213","0.097","-0.108"
"066181","2","-0.040","-0.013","0.027"
"066185","2","-0.055","-0.002","0.024"
"066185","1","0.159","-0.001","-0.210"
"066191","1","0.097","0.064","-0.328"
"066192","2","-0.079","0.006","0.027"
"066195","2","-0.071","0.005","0.035"
"066200","2","-0.038","-0.010","0.034"
"066201","1","-0.135","-0.055","0.286"
"066206","2","-0.023","-0.031","0.009"
"066206","1","-0.141","-0.298","0.407"
"066210","2","-0.000","-0.043","-0.029"
"066211","1","0.017","-0.320","0.175"
"066216","2","0.027","-0.036","-0.047"
"066216","1","0.253","-0.304","-0.127"
"066221","2","0.045","-0.014","-0.037"
"066221","1","0.387","-0.318","-0.252"
"066228","1","0.383","-0.289","-0.129"
"066230","2","0.061","0.034","-0.003"
"066232","1","0.320","-0.220","0.036"
"066235","2","0.056","0.045","0.008"
"066236","1","0.207","-0.101","0.210"
"066241","2","0.037","0.049","0.011"
"066241","1","0.109","0.041","0.325"
"066246","1","0.016","0.171","0.366"
"066246","2","0.013","0.044","0.009"
"066250","1","-0.011","0.217","0.349"
"066256","2","-0.040","0.037","-0.011"
"066256","1","-0.009","0.226","0.278"
"066261","1","0.039","0.150","0.257"
"066261","2","-0.060","0.039","-0.017"
"066266","2","-0.070","0.044","-0.026"
"066266","1","0.102","0.011","0.140"
"066271","1","0.161","-0.076","0.007"
"066271","2","-0.075","0.049","-0.033"
"066276","1","0.211","-0.085","-0.046"
"066276","2","-0.067","0.056","-0.033"
"066283","1","0.239","-0.067","-0.124"
"066286","2","-0.047","0.067","-0.016"
"066286","1","0.242","-0.011","-0.148"
"066291","2","-0.044","0.072","-0.003"
"066292","1","0.230","0.096","-0.128"
"066296","2","-0.045","0.072","0.009"
"066297","1","0.180","0.133","-0.090"
"066303","2","-0.043","0.065","0.015"
"066303","1","0.116","0.055","-0.024"
"066307","2","-0.046","0.053","0.007"
"066311","2","-0.047","0.041","-0.003"
"066312","1","0.039","0.012","-0.017"
"066318","2","-0.045","0.029","-0.001"
"066318","1","0.067","0.073","-0.074"
"066322","1","0.082","0.113","-0.106"
"066322","2","-0.041","0.023","0.007"
"066327","2","-0.033","0.024","0.014"
"066327","1","0.083","0.089","-0.101"
"066332","2","-0.029","0.031","0.015"
"066332","1","0.073","0.084","-0.105"
"066339","1","0.073","0.076","-0.105"
"066342","2","-0.024","0.038","0.016"
"066343","1","0.040","0.072","-0.088"
"066347","2","-0.017","0.040","0.013"
"066347","1","0.011","0.064","-0.065"
"066352","1","0.006","0.098","0.020"
"066352","2","-0.009","0.041","0.007"
"066357","2","0.007","0.041","0.003"
"066358","1","-0.006","0.143","0.188"
"066362","2","0.015","0.049","-0.005"
"066367","2","-0.007","0.061","-0.012"
"066368","1","0.139","0.000","-0.232"
"066372","1","0.093","0.208","-0.524"
"066373","2","-0.013","0.071","-0.003"
"066377","2","-0.003","0.068","0.026"
"066378","1","-0.137","0.177","-0.292"
"066382","2","0.002","0.048","0.032"
"066382","1","-0.437","-0.113","0.140"
"066387","2","-0.000","0.011","0.002"
"066388","1","-0.604","-0.301","0.348"
"066394","1","-0.670","-0.207","0.305"
"066398","2","0.029","-0.065","-0.029"
"066398","1","-0.668","-0.146","0.202"
"066402","2","0.045","-0.088","-0.016"
"066403","1","-0.598","-0.252","0.086"
"066407","2","0.065","-0.097","-0.012"
"066408","1","-0.487","-0.305","0.034"
"066413","2","0.083","-0.089","-0.008"
"066413","1","-0.329","-0.278","0.012"
"066417","1","-0.189","-0.217","-0.030"
"066423","2","0.094","-0.053","0.025"
"066424","1","-0.134","-0.150","-0.049"
"066428","1","-0.153","-0.084","-0.045"
"066428","2","0.088","-0.034","0.035"
"066433","1","-0.209","-0.003","-0.033"
"066433","2","0.075","-0.023","0.039"
"066438","1","-0.275","0.078","-0.010"
"066438","2","0.057","-0.018","0.039"
"066443","1","-0.316","0.112","-0.020"
"066443","2","0.033","-0.023","0.041"
"066450","2","0.012","-0.032","0.035"
"066453","2","-0.005","-0.042","0.029"
"066453","1","-0.244","0.060","-0.052"
"066458","1","-0.138","0.034","0.004"
"066458","2","-0.017","-0.050","0.026"
"066463","1","-0.009","0.017","-0.016"
"066463","2","-0.032","-0.048","0.027"
"066468","1","0.082","0.023","-0.057"
"066468","2","-0.043","-0.040","0.033"
"066473","1","0.146","0.017","-0.060"
"066478","2","-0.055","-0.019","0.047"
"066478","1","0.191","0.035","-0.019"
"066483","1","0.231","0.107","0.037"
"066484","2","-0.064","-0.012","0.051"
"066488","1","0.244","0.196","0.054"
"066489","2","-0.071","-0.005","0.056"
"066493","2","-0.085","0.002","0.059"
"066494","1","0.218","0.255","0.062"
"066498","2","-0.101","0.007","0.059"
"066499","1","0.175","0.218","0.080"
"066506","1","0.144","0.107","0.002"
"066509","2","-0.125","-0.004","0.038"
"066509","1","0.113","0.086","-0.099"
"066514","1","0.023","0.092","0.071"
"066514","2","-0.097","-0.022","0.037"
"066519","1","-0.040","-0.114","0.430"
"066519","2","-0.060","-0.049","0.031"
"066524","2","-0.031","-0.072","0.003"
"066524","1","0.024","-0.281","0.534"
"066529","2","0.014","-0.081","-0.024"
"066534","2","0.048","-0.072","-0.038"
"066534","1","0.422","-0.397","0.064"
"066539","1","0.517","-0.386","-0.005"
"066539","2","0.067","-0.049","-0.036"
"066544","1","0.508","-0.282","0.014"
"066544","2","0.086","-0.024","-0.021"
"066549","1","0.441","-0.131","0.123"
"066549","2","0.091","-0.003","-0.002"
"066554","1","0.336","0.013","0.216"
"066555","2","0.082","0.003","0.010"
"066559","2","0.059","0.002","0.017"
"066564","2","0.037","-0.003","0.013"
"066565","1","0.122","0.251","0.255"
"066572","2","0.012","-0.012","0.005"
"066575","1","0.117","0.336","0.179"
"066576","2","-0.013","-0.013","-0.006"
"066580","2","-0.033","-0.012","-0.013"
"066581","1","0.220","0.273","0.083"
"066584","1","0.323","0.176","-0.011"
"066585","2","-0.044","-0.006","-0.017"
"066594","1","0.391","0.130","-0.161"
"066596","1","0.439","0.104","-0.161"
"066597","2","-0.053","0.021","-0.013"
"066600","1","0.434","0.082","-0.179"
"066600","2","-0.043","0.034","-0.005"
"066604","1","0.380","0.057","-0.135"
"066605","2","-0.034","0.050","-0.003"
"066610","1","0.332","0.042","-0.065"
"066610","2","-0.025","0.063","-0.006"
"066614","1","0.314","0.067","-0.043"
"066620","2","-0.014","0.091","-0.015"
"066621","1","0.296","0.056","-0.125"
"066624","1","0.243","-0.019","-0.271"
"066625","2","-0.016","0.098","-0.013"
"066630","2","-0.027","0.099","-0.006"
"066631","1","0.134","-0.014","-0.310"
"066635","2","-0.035","0.089","0.010"
"066636","1","-0.021","0.143","-0.226"
"066640","2","-0.034","0.074","0.027"
"066642","1","-0.181","0.255","-0.028"
"066648","2","-0.027","0.060","0.021"
"066651","2","-0.026","0.052","-0.011"
"066652","1","-0.301","0.026","0.510"
"066655","2","-0.072","0.056","-0.037"
"066656","1","-0.163","-0.091","0.219"
"066660","2","-0.098","0.067","-0.033"
"066661","1","-0.039","0.117","-0.385"
"066665","1","-0.106","0.276","-0.620"
"066665","2","-0.097","0.068","0.009"
"066670","2","-0.096","0.054","0.039"
"066675","2","-0.093","0.018","0.014"
"066676","1","-0.668","-0.488","-0.017"
"066681","2","-0.063","-0.027","-0.033"
"066681","1","-0.754","-0.634","0.081"
"066685","2","-0.014","-0.067","-0.039"
"066686","1","-0.683","-0.486","0.017"
"066690","1","-0.590","-0.354","-0.067"
"066691","2","0.044","-0.091","-0.012"
"066696","2","0.094","-0.094","0.015"
"066696","1","-0.497","-0.300","-0.106"
"066701","1","-0.379","-0.227","-0.112"
"066706","2","0.138","-0.050","0.026"
"066706","1","-0.248","-0.102","-0.111"
"066711","1","-0.127","0.057","-0.108"
"066711","2","0.122","-0.024","0.037"
"066716","2","0.096","-0.001","0.045"
"066716","1","-0.080","0.179","-0.066"
"066721","1","-0.114","0.209","0.021"
"066721","2","0.060","0.010","0.042"
"066727","2","0.022","0.014","0.032"
"066731","2","-0.012","0.010","0.019"
"066731","1","-0.183","0.197","0.145"
"066736","2","-0.039","0.006","0.010"
"066737","1","-0.149","0.179","0.158"
"066742","2","-0.051","0.006","0.002"
"066742","1","-0.079","0.110","0.078"
"066746","1","-0.003","0.006","-0.068"
"066747","2","-0.053","0.007","-0.006"
"066753","2","-0.042","0.015","-0.012"
"066753","1","0.097","-0.088","-0.174"
"066757","1","0.174","-0.179","-0.179"
"066762","2","-0.004","0.028","-0.021"
"066762","1","0.215","-0.248","-0.147"
"066766","1","0.230","-0.257","-0.120"
"066767","2","0.017","0.033","-0.018"
"066772","2","0.032","0.039","-0.016"
"066772","1","0.228","-0.210","-0.105"
"066776","2","0.043","0.043","-0.010"
"066777","1","0.222","-0.130","-0.068"
"066782","2","0.052","0.047","-0.006"
"066787","2","0.049","0.053","-0.006"
"066788","1","0.107","0.013","0.010"
"066792","2","0.041","0.052","-0.009"
"066792","1","0.088","0.046","0.046"
"066797","2","0.030","0.049","-0.012"
"066797","1","0.079","0.072","0.073"
"066802","2","0.018","0.042","-0.015"
"066802","1","0.063","0.073","0.063"
"066807","2","0.007","0.035","-0.014"
"066807","1","0.058","0.061","0.017"
"066812","1","0.072","0.074","-0.048"
"066817","2","-0.016","0.025","-0.009"
"066817","1","0.097","0.092","-0.057"
"066822","2","-0.028","0.024","-0.006"
"066823","1","0.114","0.098","-0.039"
"066827","2","-0.042","0.026","-0.003"
"066828","1","0.076","0.088","-0.055"
"066832","2","-0.048","0.026","-0.004"
"066833","1","0.077","0.083","-0.080"
"066837","2","-0.050","0.025","-0.004"
"066842","2","-0.049","0.025","0.001"
"066844","1","0.086","0.083","-0.160"
"066847","1","0.101","0.072","-0.186"
"066848","2","-0.043","0.026","0.001"
"066852","2","-0.035","0.025","0.005"
"066853","1","0.093","0.068","-0.140"
"066858","2","-0.026","0.023","0.007"
"066858","1","0.053","0.031","-0.061"
"066863","2","-0.018","0.017","0.007"
"066863","1","0.032","0.005","-0.011"
"066868","1","0.024","0.026","0.051"
"066873","2","-0.012","0.008","0.004"
"066874","1","0.009","0.022","0.085"
"066878","2","-0.013","0.003","0.004"
"066878","1","-0.007","0.027","0.085"
"066882","2","-0.011","0.000","0.003"
"066883","1","0.004","0.020","0.039"
"066888","2","-0.004","0.000","0.001"
"066888","1","0.023","-0.013","-0.055"
"066893","2","0.004","0.000","-0.000"
"066898","2","0.014","-0.002","0.002"
"066899","1","0.052","-0.074","-0.078"
"066903","2","0.026","-0.006","0.005"
"066904","1","0.044","-0.093","-0.069"
"066908","2","0.040","-0.010","0.010"
"066908","1","0.020","-0.067","-0.061"
"066913","2","0.051","-0.016","0.018"
"066913","1","-0.000","-0.036","-0.047"
"066918","2","0.061","-0.023","0.024"
"066918","1","-0.023","-0.019","-0.026"
"066924","1","-0.085","0.006","0.003"
"066928","2","0.067","-0.038","0.027"
"066929","1","-0.120","0.038","0.034"
"066934","2","0.064","-0.047","0.024"
"066935","1","-0.126","0.048","0.062"
"066938","2","0.056","-0.057","0.023"
"066939","1","-0.125","0.040","0.063"
"066943","2","0.049","-0.062","0.025"
"066944","1","-0.083","0.052","0.032"
"066948","2","0.039","-0.062","0.028"
"066954","2","0.025","-0.057","0.031"
"066954","1","0.062","0.142","-0.025"
"066959","2","0.009","-0.048","0.037"
"066959","1","0.105","0.144","-0.051"
"066963","1","0.100","0.138","-0.072"
"066964","2","-0.011","-0.037","0.043"
"066969","2","-0.031","-0.027","0.044"
"066970","1","0.088","0.114","-0.082"
"066974","2","-0.051","-0.023","0.041"
"066974","1","0.053","0.080","-0.036"
"066979","1","-0.002","0.077","-0.010"
"066984","2","-0.083","-0.031","0.045"
"066984","1","-0.031","0.057","-0.040"
"066989","2","-0.087","-0.043","0.048"
"066989","1","-0.061","-0.004","-0.038"
"066994","2","-0.087","-0.056","0.050"
"066995","1","-0.090","-0.075","-0.087"
"066999","1","-0.133","-0.111","-0.208"
"066999","2","-0.088","-0.072","0.050"
"067004","2","-0.061","-0.084","0.055"
"067009","2","-0.014","-0.097","0.055"
"067009","1","-0.261","0.022","0.046"
"067014","2","0.009","-0.111","0.032"
"067015","1","-0.268","-0.211","0.418"
"067019","1","-0.173","-0.388","0.324"
"067020","2","0.029","-0.113","0.000"
"067024","2","0.052","-0.098","-0.017"
"067024","1","0.052","-0.314","0.018"
"067029","2","0.064","-0.072","-0.009"
"067030","1","0.236","-0.196","-0.206"
"067034","1","0.268","-0.179","-0.264"
"067039","2","0.059","-0.022","0.002"
"067040","1","0.215","-0.251","-0.134"
"067044","1","0.076","-0.255","0.022"
"067045","2","0.050","-0.012","-0.006"
"067049","1","-0.026","-0.134","0.102"
"067050","2","0.039","-0.013","-0.005"
"067055","2","0.026","-0.017","0.001"
"067057","1","-0.083","-0.030","0.144"
"067060","2","0.012","-0.029","0.003"
"067065","1","-0.156","0.127","0.157"
"067065","2","-0.001","-0.037","0.003"
"067070","2","-0.016","-0.040","-0.000"
"067070","1","-0.158","0.189","0.139"
"067075","1","-0.099","0.200","0.121"
"067075","2","-0.023","-0.045","0.000"
"067080","2","-0.030","-0.050","0.000"
"067081","1","-0.031","0.149","0.107"
"067085","2","-0.038","-0.049","-0.006"
"067085","1","-0.017","0.084","0.138"
"067090","2","-0.040","-0.049","-0.012"
"067095","2","-0.037","-0.045","-0.010"
"067096","1","0.069","0.047","0.143"
"067100","2","-0.024","-0.038","-0.010"
"067100","1","0.087","0.051","0.104"
"067107","2","-0.013","-0.032","-0.005"
"067107","1","0.102","0.050","0.115"
"067110","2","-0.007","-0.024","-0.004"
"067111","1","0.106","0.012","0.125"
"067116","2","0.005","-0.023","-0.004"
"067120","2","0.012","-0.021","-0.000"
"067121","1","0.036","0.039","0.090"
"067126","2","0.017","-0.022","-0.002"
"067126","1","-0.007","-0.015","0.098"
"067130","2","0.017","-0.025","-0.009"
"067131","1","0.004","-0.056","0.044"
"067135","1","0.029","-0.032","0.017"
"067136","2","0.015","-0.030","-0.008"
"067140","2","0.016","-0.024","-0.006"
"067141","1","0.046","0.010","-0.027"
"067146","2","0.010","-0.014","-0.003"
"067151","2","0.001","-0.005","0.000"
"067152","1","0.089","0.063","-0.078"
"067156","1","0.091","0.068","-0.101"
"067157","2","-0.005","0.004","0.000"
"067161","1","0.098","0.038","-0.103"
"067161","2","-0.014","0.009","-0.002"
"067166","2","-0.024","0.011","-0.002"
"067166","1","0.074","0.038","-0.141"
"067171","1","0.071","0.033","-0.120"
"067176","2","-0.034","0.011","-0.005"
"067176","1","0.056","0.008","-0.097"
"067181","2","-0.036","0.009","-0.010"
"067182","1","0.059","-0.039","-0.099"
"067186","1","0.074","-0.061","-0.127"
"067186","2","-0.034","0.009","-0.012"
"067192","1","0.062","-0.044","-0.135"
"067192","2","-0.028","0.012","-0.010"
"067196","1","0.060","-0.045","-0.130"
"067197","2","-0.025","0.015","-0.005"
"067202","2","-0.021","0.015","-0.000"
"067206","1","0.055","-0.016","-0.053"
"067208","2","-0.011","0.018","-0.001"
"067211","1","0.072","-0.037","-0.053"
"067212","2","-0.004","0.022","-0.007"
"067217","2","0.001","0.020","-0.007"
"067217","1","0.095","-0.050","-0.042"
"067221","2","0.006","0.020","-0.005"
"067222","1","0.085","0.020","-0.062"
"067226","1","0.073","0.059","-0.068"
"067231","2","0.020","0.023","-0.013"
"067232","1","0.085","0.051","-0.022"
"067236","1","0.122","-0.050","-0.039"
"067237","2","0.023","0.025","-0.022"
"067242","2","0.018","0.032","-0.030"
"067242","1","0.156","-0.149","-0.108"
"067247","2","0.019","0.039","-0.031"
"067248","1","0.188","-0.176","-0.179"
"067252","1","0.158","-0.107","-0.229"
"067252","2","0.018","0.040","-0.015"
"067259","1","0.122","0.035","-0.154"
"067262","2","0.011","0.027","0.007"
"067263","1","0.053","0.148","-0.018"
"067267","2","0.003","0.016","-0.007"
"067267","1","-0.055","0.141","0.068"
"067272","1","-0.050","0.043","0.113"
"067272","2","-0.005","0.008","-0.032"
"067277","1","-0.031","0.103","0.049"
"067277","2","-0.003","0.006","-0.044"
"067282","1","0.032","0.243","0.125"
"067287","2","-0.006","0.042","-0.051"
"067289","1","0.302","-0.193","-0.131"
"067292","2","-0.041","0.069","-0.058"
"067293","1","0.335","-0.029","-0.750"
"067297","1","0.226","0.323","-0.771"
"067298","2","-0.039","0.089","-0.045"
"067303","1","-0.054","0.204","-0.245"
"067304","2","-0.026","0.092","-0.012"
"067307","2","-0.016","0.077","-0.006"
"067308","1","-0.327","-0.212","0.259"
"067315","2","-0.014","0.038","-0.034"
"067317","2","-0.006","-0.002","-0.058"
"067318","1","-0.474","-0.088","-0.005"
"067324","2","0.026","-0.034","-0.042"
"067324","1","-0.447","-0.006","-0.035"
"067328","1","-0.384","-0.177","0.144"
"067328","2","0.058","-0.055","-0.013"
"067332","2","0.088","-0.065","-0.005"
"067333","1","-0.330","-0.258","0.236"
"067338","1","-0.248","-0.166","0.225"
"067343","2","0.134","-0.066","0.009"
"067344","1","-0.155","-0.004","0.174"
"067348","1","-0.130","0.137","0.158"
"067349","2","0.138","-0.065","0.031"
"067353","1","-0.174","0.186","0.195"
"067353","2","0.129","-0.067","0.050"
"067358","2","0.104","-0.071","0.049"
"067359","1","-0.216","0.173","0.245"
"067363","2","0.075","-0.079","0.037"
"067363","1","-0.233","0.178","0.212"
"067371","1","-0.205","0.132","0.159"
"067373","2","0.039","-0.101","0.030"
"067374","1","-0.137","0.075","0.118"
"067378","2","0.032","-0.105","0.032"
"067379","1","-0.081","-0.013","0.072"
"067383","1","-0.005","-0.072","0.089"
"067384","2","0.028","-0.110","0.027"
"067389","2","0.027","-0.107","0.027"
"067390","1","0.080","-0.067","0.085"
"067393","2","0.029","-0.096","0.031"
"067398","2","0.025","-0.084","0.029"
"067399","1","0.180","0.033","0.048"
"067403","1","0.202","0.090","0.015"
"067404","2","0.022","-0.073","0.031"
"067410","1","0.238","0.059","-0.081"
"067411","2","0.010","-0.058","0.032"
"067414","2","-0.021","-0.047","0.035"
"067414","1","0.201","0.149","-0.241"
"067419","2","-0.027","-0.040","0.039"
"067419","1","0.072","0.340","-0.082"
"067427","1","-0.055","0.163","0.283"
"067428","2","-0.014","-0.057","0.032"
"067429","1","-0.157","-0.082","0.345"
"067434","1","-0.110","-0.253","0.215"
"067434","2","0.009","-0.076","-0.004"
"067439","2","0.032","-0.084","-0.039"
"067439","1","0.015","-0.337","0.067"
"067444","1","0.194","-0.318","-0.055"
"067444","2","0.046","-0.073","-0.049"
"067449","2","0.055","-0.053","-0.040"
"067454","2","0.052","-0.029","-0.019"
"067455","1","0.272","-0.197","-0.038"
"067459","2","0.040","-0.008","-0.006"
"067460","1","0.228","-0.134","0.074"
"067464","2","0.020","0.008","-0.004"
"067465","1","0.148","-0.014","0.180"
"067469","1","0.080","0.108","0.212"
"067469","2","-0.004","0.012","-0.004"
"067474","2","-0.028","0.017","-0.009"
"067475","1","0.004","0.172","0.178"
"067482","2","-0.047","0.020","-0.019"
"067484","2","-0.063","0.022","-0.031"
"067485","1","-0.014","0.085","0.066"
"067489","2","-0.071","0.024","-0.040"
"067490","1","0.073","0.007","-0.007"
"067494","2","-0.077","0.027","-0.040"
"067495","1","0.125","0.007","-0.022"
"067499","1","0.154","0.055","-0.012"
"067500","2","-0.074","0.031","-0.032"
"067505","2","-0.067","0.034","-0.027"
"067509","1","0.141","0.043","0.028"
"067510","2","-0.057","0.034","-0.030"
"067515","2","-0.051","0.034","-0.033"
"067515","1","0.138","0.021","0.043"
"067520","1","0.161","0.007","-0.015"
"067520","2","-0.038","0.035","-0.038"
"067525","2","-0.030","0.034","-0.040"
"067525","1","0.152","-0.086","-0.173"
"067530","1","0.129","-0.082","-0.306"
"067530","2","-0.031","0.032","-0.039"
"067535","1","0.028","0.021","-0.290"
"067540","1","-0.113","0.079","-0.130"
"067541","2","-0.021","0.018","-0.010"
"067545","1","-0.196","0.060","0.087"
"067546","2","-0.012","0.007","-0.005"
"067550","2","-0.001","-0.001","-0.017"
"067551","1","-0.201","0.101","0.332"
"067555","2","0.016","-0.001","-0.037"
"067555","1","-0.103","0.098","0.496"
"067560","2","0.011","0.016","-0.051"
"067565","2","-0.023","0.043","-0.053"
"067566","1","0.200","0.145","-0.412"
"067570","2","-0.029","0.067","-0.023"
"067571","1","0.077","0.298","-0.571"
"067575","2","-0.031","0.066","0.010"
"067576","1","-0.223","0.030","-0.265"
"067580","2","-0.034","0.034","0.001"
"067581","1","-0.540","-0.313","0.065"
"067585","2","-0.021","-0.021","-0.039"
"067586","1","-0.689","-0.428","0.244"
"067590","1","-0.675","-0.323","0.200"
"067595","2","0.027","-0.112","-0.048"
"067596","1","-0.591","-0.250","0.022"
"067602","1","-0.454","-0.249","-0.111"
"067602","2","0.064","-0.126","-0.026"
"067606","2","0.096","-0.113","-0.018"
"067607","1","-0.266","-0.251","-0.164"
"067611","2","0.115","-0.084","-0.016"
"067612","1","-0.083","-0.204","-0.180"
"067616","2","0.121","-0.050","-0.003"
"067622","2","0.117","0.000","0.017"
"067627","1","-0.047","-0.006","-0.092"
"067628","2","0.106","0.000","0.017"
"067631","2","0.090","0.011","0.010"
"067632","1","-0.141","0.042","-0.057"
"067637","2","0.069","0.012","0.006"
"067637","1","-0.229","0.098","-0.024"
"067641","2","0.052","0.003","0.005"
"067642","1","-0.262","0.119","0.008"
"067646","1","-0.246","0.113","0.041"
"067651","2","0.008","-0.025","0.007"
"067651","1","-0.189","0.080","0.057"
"067656","1","-0.115","0.079","0.029"
"067657","2","-0.006","-0.035","0.007"
"067661","1","0.002","0.102","-0.037"
"067662","2","-0.021","-0.037","0.011"
"067666","1","0.094","0.133","-0.077"
"067667","2","-0.033","-0.033","0.019"
"067671","1","0.146","0.135","-0.046"
"067673","2","-0.045","-0.030","0.030"
"067676","2","-0.053","-0.021","0.037"
"067682","1","0.172","0.180","0.052"
"067683","2","-0.058","-0.012","0.047"
"067686","1","0.175","0.192","0.065"
"067687","2","-0.057","-0.008","0.051"
"067691","1","0.183","0.235","0.072"
"067692","2","-0.053","-0.007","0.048"
"067696","1","0.210","0.272","0.060"
"067697","2","-0.045","-0.009","0.045"
"067701","1","0.221","0.231","0.027"
"067707","1","0.174","0.140","-0.128"
"067708","2","-0.033","-0.030","0.045"
"067712","1","0.072","0.206","-0.147"
"067712","2","-0.021","-0.046","0.044"
"067717","1","-0.053","0.044","0.250"
"067717","2","0.024","-0.069","0.035"
"067723","2","0.042","-0.098","0.010"
"067723","1","-0.102","-0.264","0.607"
"067727","1","-0.008","-0.318","0.530"
"067727","2","0.056","-0.112","-0.023"
"067732","2","0.078","-0.109","-0.033"
"067737","1","0.379","-0.063","-0.018"
"067738","2","0.083","-0.083","-0.018"
"067743","2","0.077","-0.049","0.005"
"067744","1","0.407","0.010","-0.080"
"067747","2","0.056","-0.018","0.019"
"067748","1","0.349","0.042","-0.021"
"067752","2","0.023","-0.004","0.023"
"067753","1","0.276","0.089","0.044"
"067757","2","-0.013","0.000","0.018"
"067765","1","0.105","0.166","0.060"
"067765","2","-0.046","-0.005","0.008"
"067767","2","-0.072","-0.016","-0.002"
"067768","1","0.051","0.122","0.005"
"067772","1","0.059","0.088","-0.074"
"067773","2","-0.084","-0.019","-0.017"
"067777","2","-0.078","-0.017","-0.025"
"067778","1","0.110","0.001","-0.129"
"067782","2","-0.065","-0.015","-0.024"
"067783","1","0.178","-0.108","-0.137"
"067788","1","0.217","-0.162","-0.167"
"067792","1","0.233","-0.145","-0.186"
"067793","2","-0.027","-0.000","-0.016"
"067798","2","-0.012","0.007","-0.010"
"067798","1","0.240","-0.113","-0.134"
"067803","1","0.216","-0.079","-0.087"
"067803","2","-0.002","0.016","-0.011"
"067808","2","0.003","0.028","-0.009"
"067808","1","0.207","-0.028","-0.059"
"067813","1","0.213","0.003","-0.057"
"067818","2","0.011","0.042","-0.013"
"067818","1","0.211","0.022","-0.085"
"067823","1","0.222","0.031","-0.100"
"067823","2","0.015","0.049","-0.022"
"067828","1","0.239","0.009","-0.130"
"067829","2","0.020","0.056","-0.030"
"067833","1","0.231","-0.064","-0.210"
"067833","2","0.019","0.065","-0.032"
"067838","2","0.003","0.071","-0.036"
"067839","1","0.207","-0.098","-0.284"
"067846","2","-0.017","0.073","-0.025"
"067848","2","-0.018","0.069","-0.002"
"067849","1","-0.008","0.253","-0.165"
"067853","2","-0.017","0.060","0.012"
"067854","1","-0.221","0.250","0.152"
"067859","1","-0.337","0.138","0.557"
"067860","2","-0.009","0.043","-0.005"
"067864","2","-0.010","0.031","-0.041"
"067865","1","-0.260","-0.061","0.699"
"067869","2","-0.048","0.033","-0.063"
"067874","2","-0.062","0.036","-0.047"
"067874","1","-0.062","0.183","-0.414"
"067879","2","-0.050","0.033","-0.005"
"067880","1","-0.159","0.245","-0.536"
"067884","2","-0.032","0.013","0.007"
"067884","1","-0.420","-0.129","-0.125"
"067889","1","-0.629","-0.509","0.243"
"067889","2","-0.014","-0.031","-0.032"
"067894","1","-0.617","-0.489","0.253"
"067894","2","0.019","-0.079","-0.067"
"067899","1","-0.475","-0.298","0.066"
"067904","2","0.105","-0.111","-0.026"
"067904","1","-0.335","-0.217","-0.109"
"067909","2","0.138","-0.098","-0.008"
"067910","1","-0.226","-0.220","-0.173"
"067914","1","-0.113","-0.166","-0.154"
"067914","2","0.149","-0.068","-0.006"
"067919","2","0.145","-0.032","0.001"
"067920","1","-0.004","-0.053","-0.154"
"067924","2","0.126","-0.003","0.018"
"067929","2","0.101","0.017","0.027"
"067930","1","-0.035","0.073","-0.102"
"067934","2","0.073","0.028","0.017"
"067935","1","-0.120","0.041","-0.003"
"067939","1","-0.176","0.016","0.055"
"067940","2","0.051","0.030","0.000"
"067944","1","-0.209","0.011","0.071"
"067945","2","0.035","0.028","-0.007"
"067949","1","-0.194","-0.002","0.062"
"067950","2","0.024","0.023","-0.008"
"067954","1","-0.132","-0.035","0.013"
"067960","1","-0.066","-0.080","-0.043"
"067960","2","0.020","0.023","-0.011"
"067965","2","0.029","0.028","-0.014"
"067966","1","-0.020","-0.120","-0.063"
"067970","2","0.042","0.033","-0.017"
"067970","1","0.030","-0.132","-0.015"
"067975","2","0.048","0.034","-0.013"
"067976","1","0.059","-0.136","0.042"
"067980","2","0.052","0.032","-0.007"
"067985","1","0.033","-0.031","0.101"
"067986","2","0.049","0.033","-0.006"
"067990","2","0.037","0.033","-0.001"
"067991","1","0.011","0.074","0.101"
"067995","2","0.021","0.033","0.002"
"067995","1","-0.011","0.141","0.106"
"068000","1","-0.019","0.193","0.123"
"068000","2","-0.001","0.032","0.001"
"068005","1","-0.024","0.205","0.137"
"068005","2","-0.021","0.029","0.004"
"068012","1","-0.015","0.187","0.134"
"068015","2","-0.045","0.022","0.003"
"068016","1","-0.000","0.156","0.120"
"068020","1","0.034","0.124","0.078"
"068021","2","-0.049","0.019","0.003"
"068025","1","0.077","0.122","0.009"
"068025","2","-0.050","0.018","0.004"
"068030","2","-0.049","0.019","0.005"
"068031","1","0.100","0.111","-0.033"
"068035","2","-0.046","0.019","0.008"
"068040","2","-0.039","0.018","0.011"
"068041","1","0.092","0.065","-0.047"
"068045","1","0.063","0.040","-0.039"
"068046","2","-0.031","0.013","0.013"
"068051","1","0.040","0.028","0.013"
"068051","2","-0.024","0.003","0.019"
"068056","2","-0.013","-0.010","0.024"
"068057","1","0.036","0.022","0.021"
"068061","2","-0.004","-0.023","0.032"
"068061","1","0.028","0.017","-0.028"
"068068","1","0.018","0.002","-0.055"
"068070","2","-0.003","-0.049","0.042"
"068071","1","0.011","0.003","-0.051"
"068076","2","-0.001","-0.064","0.043"
"068076","1","-0.005","0.012","-0.058"
"068082","2","0.001","-0.077","0.047"
"068083","1","0.000","0.035","-0.017"
"068086","2","0.001","-0.084","0.052"
"068086","1","0.024","0.062","-0.018"
"068091","1","0.058","0.134","-0.111"
"068096","2","-0.016","-0.084","0.063"
"068097","1","0.089","0.221","-0.132"
"068101","2","-0.039","-0.078","0.062"
"068102","1","0.099","0.279","-0.104"
"068106","2","-0.068","-0.069","0.063"
"068107","1","0.107","0.278","-0.132"
"068111","1","0.064","0.254","-0.191"
"068112","2","-0.100","-0.067","0.061"
"068116","2","-0.099","-0.072","0.052"
"068117","1","-0.027","0.271","-0.089"
"068124","1","-0.113","0.101","0.288"
"068126","2","-0.090","-0.084","0.006"
"068132","1","-0.054","-0.304","0.135"
"068132","2","-0.059","-0.084","0.006"
"068137","2","-0.023","-0.071","-0.003"
"068138","1","0.066","-0.352","-0.092"
"068142","2","0.011","-0.049","0.005"
"068142","1","0.148","-0.398","-0.133"
"068147","2","0.053","-0.032","0.011"
"068147","1","0.137","-0.449","-0.089"
"068152","1","0.053","-0.542","-0.006"
"068157","2","0.108","-0.022","-0.006"
"068158","1","-0.058","-0.617","0.116"
"068162","2","0.111","-0.029","-0.015"
"068162","1","-0.093","-0.556","0.181"
"068167","2","0.104","-0.032","-0.014"
"068167","1","-0.051","-0.376","0.206"
"068172","2","0.085","-0.029","-0.003"
"068172","1","-0.045","-0.156","0.217"
"068177","2","0.056","-0.018","0.006"
"068182","2","0.019","0.000","0.008"
"068183","1","-0.080","0.145","0.229"
"068187","2","-0.013","0.015","0.006"
"068187","1","-0.087","0.191","0.219"
"068193","2","-0.038","0.025","0.007"
"068194","1","-0.060","0.215","0.215"
"068197","2","-0.053","0.030","0.009"
"068198","1","-0.068","0.173","0.184"
"068202","2","-0.061","0.025","0.010"
"068202","1","-0.082","0.094","0.160"
"068207","1","-0.083","0.047","0.190"
"068212","2","-0.064","0.008","0.024"
"068213","1","-0.094","0.021","0.229"
"068217","2","-0.057","-0.002","0.029"
"068218","1","-0.097","-0.030","0.265"
"068222","2","-0.049","-0.008","0.036"
"068223","1","-0.070","-0.096","0.281"
"068228","2","-0.045","-0.010","0.039"
"068229","1","-0.036","-0.109","0.252"
"068232","2","-0.034","-0.013","0.046"
"068238","2","-0.029","-0.010","0.054"
"068238","1","-0.015","-0.081","0.153"
"068243","2","-0.030","-0.008","0.058"
"068243","1","-0.024","-0.073","0.099"
"068248","1","-0.030","-0.074","0.091"
"068248","2","-0.025","-0.008","0.058"
"068253","1","-0.040","-0.111","0.054"
"068253","2","-0.019","-0.010","0.054"
"068258","1","-0.041","-0.140","-0.005"
"068258","2","-0.008","-0.012","0.050"
"068265","2","0.004","-0.015","0.048"
"068268","2","0.013","-0.017","0.045"
"068269","1","-0.056","-0.144","-0.083"
"068273","1","-0.070","-0.131","-0.137"
"068273","2","0.023","-0.015","0.047"
"068279","2","0.034","-0.012","0.048"
"068280","1","-0.071","-0.093","-0.188"
"068283","1","-0.055","-0.087","-0.239"
"068283","2","0.042","-0.008","0.049"
"068288","2","0.050","-0.004","0.048"
"068293","2","0.056","0.003","0.044"
"068294","1","0.002","-0.099","-0.351"
"068298","2","0.058","0.011","0.049"
"068299","1","0.050","-0.042","-0.403"
"068303","2","0.055","0.020","0.058"
"068305","1","0.112","0.028","-0.484"
"068308","2","0.043","0.031","0.067"
"068309","1","0.138","0.114","-0.541"
"068313","1","0.133","0.169","-0.511"
"068314","2","0.026","0.039","0.075"
"068321","2","0.010","0.042","0.076"
"068323","2","-0.006","0.040","0.073"
"068324","1","0.089","0.201","-0.450"
"068328","1","0.095","0.169","-0.410"
"068329","2","-0.016","0.038","0.071"
"068333","2","-0.022","0.032","0.068"
"068334","1","0.111","0.136","-0.430"
"068339","1","0.147","0.096","-0.444"
"068339","2","-0.023","0.028","0.061"
"068344","2","-0.017","0.028","0.060"
"068349","1","0.130","0.062","-0.348"
"068350","2","-0.011","0.026","0.061"
"068353","2","-0.004","0.026","0.062"
"068354","1","0.120","0.056","-0.317"
"068359","1","0.122","0.069","-0.283"
"068359","2","0.002","0.022","0.070"
"068364","2","0.006","0.016","0.075"
"068364","1","0.085","0.061","-0.244"
"068370","1","0.061","0.044","-0.197"
"068370","2","0.011","0.002","0.076"
"068377","2","0.020","-0.013","0.072"
"068379","2","0.029","-0.027","0.069"
"068379","1","0.065","0.043","-0.146"
"068384","1","0.104","0.032","-0.163"
"068385","2","0.044","-0.035","0.068"
"068390","2","0.060","-0.041","0.069"
"068391","1","0.121","0.044","-0.178"
"068394","1","0.151","0.058","-0.184"
"068395","2","0.075","-0.047","0.073"
"068399","1","0.163","0.018","-0.191"
"068404","2","0.102","-0.055","0.065"
"068405","1","0.185","-0.006","-0.195"
"068409","2","0.119","-0.062","0.061"
"068410","1","0.170","0.005","-0.237"
"068415","2","0.137","-0.068","0.058"
"068416","1","0.162","0.008","-0.270"
"068420","2","0.155","-0.074","0.059"
"068420","1","0.158","0.001","-0.297"
"068424","2","0.173","-0.076","0.057"
"068425","1","0.172","0.009","-0.277"
"068432","2","0.188","-0.079","0.057"
"068435","2","0.204","-0.081","0.060"
"068435","1","0.178","0.001","-0.272"
"068440","2","0.215","-0.086","0.061"
"068440","1","0.163","0.067","-0.283"
"068445","2","0.223","-0.093","0.068"
"068445","1","0.164","0.125","-0.230"
"068450","1","0.160","0.152","-0.171"
"068450","2","0.228","-0.092","0.071"
"068455","2","0.228","-0.093","0.069"
"068460","2","0.229","-0.094","0.078"
"068460","1","0.072","0.157","-0.192"
"068465","1","0.043","0.186","-0.210"
"068466","2","0.229","-0.092","0.084"
"068470","2","0.225","-0.095","0.093"
"068470","1","0.019","0.139","-0.206"
"068475","2","0.224","-0.095","0.096"
"068475","1","0.003","0.131","-0.180"
"068480","1","-0.027","0.117","-0.160"
"068480","2","0.222","-0.093","0.098"
"068485","2","0.220","-0.091","0.102"
"068490","1","0.024","0.011","-0.140"
"068491","2","0.212","-0.088","0.106"
"068495","1","0.052","-0.004","-0.142"
"068496","2","0.203","-0.079","0.105"
"068501","2","0.197","-0.066","0.106"
"068501","1","0.083","-0.048","-0.148"
"068505","1","0.057","-0.082","-0.164"
"068506","2","0.192","-0.051","0.106"
"068510","1","0.056","-0.143","-0.115"
"068515","2","0.183","-0.028","0.097"
"068516","1","0.046","-0.152","-0.097"
"068521","1","-0.000","-0.169","-0.036"
"068521","2","0.176","-0.015","0.094"
"068526","2","0.173","-0.005","0.091"
"068527","1","-0.022","-0.173","-0.001"
"068531","2","0.165","0.006","0.086"
"068532","1","-0.035","-0.165","0.058"
"068536","1","-0.048","-0.150","0.128"
"068537","2","0.160","0.019","0.081"
"068541","2","0.153","0.031","0.078"
"068546","2","0.141","0.039","0.075"
"068547","1","-0.083","-0.074","0.275"
"068551","1","-0.083","0.015","0.372"
"068551","2","0.128","0.047","0.070"
"068556","1","-0.064","0.067","0.419"
"068557","2","0.117","0.052","0.069"
"068561","1","-0.070","0.111","0.431"
"068562","2","0.103","0.056","0.066"
"068566","1","-0.040","0.121","0.456"
"068571","2","0.088","0.063","0.061"
"068572","1","-0.030","0.149","0.487"
"068576","2","0.086","0.064","0.060"
"068577","1","-0.036","0.168","0.511"
"068581","1","-0.051","0.189","0.522"
"068582","2","0.090","0.063","0.057"
"068586","2","0.096","0.060","0.059"
"068587","1","-0.042","0.210","0.510"
"068591","2","0.107","0.061","0.058"
"068592","1","-0.062","0.209","0.531"
"068597","1","-0.079","0.211","0.515"
"068602","2","0.127","0.058","0.060"
"068602","1","-0.060","0.245","0.493"
"068607","2","0.137","0.057","0.061"
"068607","1","-0.084","0.263","0.480"
"068611","2","0.143","0.059","0.061"
"068612","1","-0.096","0.251","0.443"
"068616","1","-0.108","0.258","0.438"
"068617","2","0.145","0.063","0.064"
"068622","2","0.141","0.061","0.068"
"068627","2","0.134","0.061","0.070"
"068628","1","-0.071","0.212","0.492"
"068632","1","-0.064","0.196","0.461"
"068632","2","0.122","0.061","0.072"
"068637","2","0.107","0.063","0.074"
"068638","1","-0.036","0.211","0.453"
"068642","2","0.088","0.063","0.077"
"068643","1","-0.009","0.192","0.489"
"068647","2","0.067","0.063","0.077"
"068648","1","-0.042","0.158","0.531"
"068652","1","-0.084","0.114","0.564"
"068658","2","0.019","0.065","0.077"
"068658","1","-0.122","0.061","0.563"
"068663","2","0.000","0.064","0.072"
"068665","1","-0.132","0.049","0.491"
"068667","2","-0.020","0.065","0.069"
"068668","1","-0.118","-0.036","0.456"
"068673","2","-0.034","0.063","0.065"
"068674","1","-0.137","-0.107","0.434"
"068678","2","-0.045","0.059","0.059"
"068683","2","-0.049","0.059","0.051"
"068683","1","-0.196","-0.243","0.435"
"068688","2","-0.049","0.056","0.043"
"068688","1","-0.213","-0.297","0.349"
"068693","2","-0.045","0.051","0.036"
"068693","1","-0.211","-0.334","0.279"
"068697","1","-0.213","-0.351","0.254"
"068698","2","-0.039","0.045","0.029"
"068703","2","-0.032","0.042","0.024"
"068703","1","-0.205","-0.376","0.182"
"068710","2","-0.023","0.038","0.016"
"068713","2","-0.014","0.033","0.010"
"068714","1","-0.193","-0.383","0.058"
"068718","2","-0.006","0.031","0.007"
"068718","1","-0.176","-0.367","-0.009"
"068724","2","-0.002","0.031","0.003"
"068724","1","-0.212","-0.354","-0.029"
"068728","2","-0.004","0.030","0.003"
"068728","1","-0.213","-0.309","-0.046"
"068733","2","-0.008","0.030","-0.001"
"068738","2","-0.014","0.029","-0.005"
"068739","1","-0.190","-0.237","-0.079"
"068744","2","-0.024","0.028","-0.006"
"068745","1","-0.197","-0.194","-0.132"
"068748","2","-0.033","0.033","-0.008"
"068750","1","-0.176","-0.130","-0.161"
"068753","1","-0.154","-0.081","-0.205"
"068754","2","-0.045","0.036","-0.012"
"068758","2","-0.054","0.041","-0.014"
"068758","1","-0.128","-0.055","-0.255"
"068765","1","-0.139","-0.008","-0.318"
"068768","2","-0.067","0.047","-0.018"
"068769","1","-0.104","0.018","-0.320"
"068773","1","-0.111","0.042","-0.339"
"068774","2","-0.067","0.049","-0.020"
"068778","2","-0.066","0.051","-0.021"
"068779","1","-0.092","0.061","-0.365"
"068783","1","-0.092","0.080","-0.352"
"068784","2","-0.061","0.052","-0.022"
"068789","2","-0.061","0.050","-0.024"
"068794","2","-0.061","0.049","-0.021"
"068794","1","-0.040","0.123","-0.341"
"068799","2","-0.058","0.052","-0.020"
"068799","1","-0.006","0.143","-0.347"
"068804","2","-0.056","0.053","-0.018"
"068805","1","0.038","0.159","-0.325"
"068809","2","-0.054","0.053","-0.016"
"068810","1","0.038","0.192","-0.283"
"068814","2","-0.051","0.055","-0.013"
"068815","1","0.066","0.183","-0.235"
"068822","1","0.065","0.197","-0.212"
"068824","2","-0.051","0.056","-0.009"
"068824","1","0.082","0.194","-0.210"
"068829","1","0.089","0.184","-0.197"
"068830","2","-0.048","0.055","-0.005"
"068834","1","0.114","0.183","-0.196"
"068836","2","-0.048","0.054","-0.002"
"068839","2","-0.048","0.054","-0.001"
"068840","1","0.142","0.162","-0.197"
"068844","2","-0.047","0.055","-0.003"
"068849","1","0.166","0.142","-0.169"
"068850","2","-0.046","0.058","0.001"
"068854","1","0.192","0.116","-0.134"
"068855","2","-0.044","0.061","0.004"
"068860","2","-0.038","0.064","0.006"
"068860","1","0.174","0.114","-0.113"
"068864","2","-0.033","0.066","0.005"
"068865","1","0.187","0.093","-0.117"
"068869","1","0.177","0.078","-0.104"
"068870","2","-0.027","0.070","0.005"
"068875","1","0.153","0.024","-0.062"
"068880","2","-0.019","0.075","0.009"
"068880","1","0.148","-0.017","-0.032"
"068884","2","-0.017","0.075","0.013"
"068885","1","0.139","-0.030","-0.021"
"068890","1","0.120","-0.063","0.031"
"068890","2","-0.016","0.077","0.012"
"068894","2","-0.017","0.078","0.012"
"068895","1","0.104","-0.099","0.062"
"068900","2","-0.021","0.075","0.012"
"068904","2","-0.026","0.079","0.012"
"068905","1","0.133","-0.115","0.122"
"068910","2","-0.034","0.079","0.010"
"068911","1","0.137","-0.108","0.161"
"068915","1","0.119","-0.091","0.182"
"068915","2","-0.046","0.081","0.011"
"068920","1","0.091","-0.093","0.189"
"068920","2","-0.051","0.081","0.007"
"068925","2","-0.053","0.076","0.003"
"068925","1","0.087","-0.105","0.195"
"068930","2","-0.052","0.076","0.000"
"068935","2","-0.046","0.075","-0.004"
"068936","1","0.105","-0.126","0.232"
"068940","1","0.076","-0.120","0.247"
"068941","2","-0.043","0.070","-0.006"
"068945","1","0.073","-0.087","0.274"
"068946","2","-0.042","0.070","-0.005"
"068950","2","-0.042","0.069","-0.004"
"068951","1","0.056","-0.067","0.270"
"068955","1","0.016","-0.049","0.289"
"068960","2","-0.039","0.057","0.003"
"068961","1","-0.018","-0.033","0.289"
"068966","2","-0.040","0.050","0.006"
"068966","1","-0.010","-0.015","0.276"
"068971","1","-0.005","0.001","0.283"
"068972","2","-0.039","0.045","0.006"
"068976","2","-0.042","0.042","0.013"
"068976","1","-0.003","0.020","0.268"
"068981","1","-0.020","0.019","0.222"
"068981","2","-0.047","0.039","0.013"
"068988","2","-0.050","0.041","0.011"
"068991","1","0.027","0.045","0.150"
"068992","2","-0.053","0.045","0.013"
"068996","1","0.028","0.025","0.117"
"068996","2","-0.051","0.046","0.015"
"069001","2","-0.049","0.044","0.017"
"069001","1","0.023","0.008","0.087"
"069006","1","0.021","0.008","0.072"
"069007","2","-0.042","0.047","0.014"
"069011","1","0.007","-0.007","0.063"
"069016","2","-0.035","0.047","0.015"
"069017","1","0.021","-0.017","0.048"
"069021","2","-0.030","0.047","0.015"
"069022","1","0.043","-0.039","0.043"
"069026","2","-0.026","0.052","0.013"
"069027","1","0.036","-0.050","-0.001"
"069031","2","-0.026","0.055","0.012"
"069032","1","0.029","-0.044","-0.038"
"069036","2","-0.028","0.055","0.012"
"069037","1","0.020","-0.034","-0.032"
"069043","2","-0.032","0.060","0.016"
"069046","1","0.000","-0.032","-0.013"
"069047","2","-0.042","0.063","0.014"
"069051","2","-0.051","0.067","0.013"
"069052","1","-0.042","-0.019","-0.010"
"069059","2","-0.063","0.068","0.011"
"069059","1","-0.085","-0.032","0.001"
"069062","1","-0.083","-0.042","-0.019"
"069062","2","-0.075","0.069","0.011"
"069067","2","-0.084","0.071","0.010"
"069071","2","-0.092","0.068","0.012"
"069072","1","-0.078","-0.084","-0.056"
"069077","2","-0.099","0.067","0.011"
"069077","1","-0.065","-0.094","-0.073"
"069082","2","-0.104","0.063","0.011"
"069083","1","-0.044","-0.071","-0.087"
"069087","2","-0.103","0.065","0.011"
"069087","1","-0.005","-0.051","-0.093"
"069092","2","-0.099","0.068","0.012"
"069093","1","0.008","-0.055","-0.101"
"069098","1","0.013","-0.049","-0.104"
"069102","2","-0.093","0.074","0.009"
"069103","1","0.013","-0.031","-0.125"
"069107","2","-0.094","0.080","0.005"
"069107","1","0.016","-0.037","-0.120"
"069112","2","-0.099","0.084","-0.001"
"069113","1","0.008","-0.064","-0.110"
"069117","2","-0.101","0.090","-0.008"
"069118","1","-0.007","-0.096","-0.129"
"069122","2","-0.102","0.091","-0.014"
"069127","1","0.032","-0.151","-0.151"
"069128","2","-0.100","0.089","-0.021"
"069133","1","0.040","-0.160","-0.140"
"069133","2","-0.096","0.084","-0.022"
"069137","1","0.034","-0.152","-0.128"
"069138","2","-0.089","0.081","-0.021"
"069142","2","-0.078","0.079","-0.017"
"069143","1","0.025","-0.132","-0.132"
"069147","1","0.045","-0.083","-0.140"
"069148","2","-0.071","0.077","-0.014"
"069155","1","0.078","-0.035","-0.148"
"069161","2","-0.058","0.078","-0.009"
"069162","1","0.073","0.008","-0.084"
"069163","2","-0.053","0.077","-0.002"
"069168","2","-0.047","0.074","-0.001"
"069168","1","0.060","0.021","-0.052"
"069173","1","0.060","0.032","-0.008"
"069174","2","-0.042","0.071","-0.000"
"069179","2","-0.038","0.068","-0.000"
"069181","1","0.064","0.073","0.055"
"069201","1","0.015","0.160","0.039"
"069202","2","-0.049","0.061","0.011"
"069203","1","0.000","0.154","0.036"
"069204","2","-0.057","0.058","0.013"
"069208","2","-0.064","0.053","0.014"
"069209","1","0.009","0.156","0.038"
"069213","1","0.022","0.129","0.020"
"069214","2","-0.069","0.050","0.017"
"069218","1","0.019","0.085","-0.003"
"069219","2","-0.073","0.044","0.020"
"069227","2","-0.077","0.041","0.020"
"069228","2","-0.073","0.039","0.018"
"069229","1","0.025","-0.012","-0.079"
"069233","1","0.047","-0.022","-0.140"
"069234","2","-0.067","0.038","0.015"
"069238","1","0.066","-0.027","-0.175"
"069239","2","-0.061","0.036","0.019"
"069243","1","0.083","-0.033","-0.172"
"069244","2","-0.054","0.035","0.013"
"069249","2","-0.043","0.036","0.009"
"069253","2","-0.035","0.038","0.005"
"069254","1","0.092","-0.050","-0.203"
"069259","2","-0.027","0.036","-0.000"
"069260","1","0.065","-0.036","-0.212"
"069264","1","0.042","-0.030","-0.225"
"069264","2","-0.022","0.036","-0.003"
"069269","1","0.024","-0.018","-0.232"
"069269","2","-0.018","0.036","-0.007"
"069274","1","0.020","-0.024","-0.198"
"069274","2","-0.018","0.034","-0.010"
"069282","2","-0.015","0.030","-0.012"
"069284","2","-0.014","0.028","-0.014"
"069284","1","-0.011","0.048","-0.171"
"069289","2","-0.014","0.026","-0.014"
"069290","1","-0.018","0.046","-0.152"
"069294","1","-0.023","0.060","-0.150"
"069295","2","-0.015","0.023","-0.014"
"069299","2","-0.015","0.022","-0.014"
"069300","1","-0.030","0.086","-0.168"
"069305","2","-0.013","0.020","-0.016"
"069309","2","-0.012","0.019","-0.015"
"069310","1","-0.024","0.084","-0.153"
"069315","2","-0.012","0.016","-0.016"
"069315","1","-0.048","0.052","-0.139"
"069320","1","-0.038","0.026","-0.160"
"069320","2","-0.008","0.014","-0.021"
"069325","2","-0.001","0.013","-0.023"
"069325","1","-0.021","0.022","-0.180"
"069330","2","0.006","0.012","-0.020"
"069330","1","-0.013","0.021","-0.193"
"069337","1","-0.019","0.041","-0.169"
"069340","1","-0.008","0.045","-0.122"
"069340","2","0.018","0.012","-0.023"
"069345","2","0.019","0.015","-0.026"
"069345","1","-0.019","0.053","-0.076"
"069350","2","0.018","0.019","-0.028"
"069350","1","-0.040","0.071","-0.079"
"069357","2","0.013","0.023","-0.029"
"069358","1","-0.055","0.116","-0.101"
"069360","1","-0.059","0.138","-0.123"
"069366","1","-0.076","0.151","-0.128"
"069366","2","0.002","0.024","-0.028"
"069370","2","0.002","0.022","-0.025"
"069371","1","-0.101","0.156","-0.104"
"069375","1","-0.114","0.145","-0.093"
"069376","2","-0.000","0.017","-0.024"
"069380","2","0.002","0.014","-0.022"
"069381","1","-0.111","0.151","-0.085"
"069385","2","0.006","0.012","-0.021"
"069386","1","-0.120","0.150","-0.080"
