"107285","2","-0.443","-0.024","0.078"
"107299","1","-0.002","0.107","-0.764"
"107300","2","-0.395","-0.007","0.104"
"107312","1","-0.449","0.144","-0.231"
"107315","2","-0.157","0.037","0.146"
"107316","1","-0.517","0.144","-0.231"
"107319","1","-0.513","0.222","-0.121"
"107320","2","-0.137","0.025","0.138"
"107324","2","-0.118","0.008","0.134"
"107325","1","-0.482","0.246","-0.079"
"107339","1","-0.129","0.206","0.038"
"107341","2","-0.077","-0.012","0.133"
"107347","1","-0.006","0.227","0.128"
"107351","2","-0.071","-0.011","0.156"
"107351","1","0.091","0.298","0.128"
"107372","2","-0.141","-0.038","0.290"
"107372","1","0.169","0.386","0.271"
"107375","2","-0.170","-0.044","0.344"
"107385","1","0.087","0.273","0.207"
"107386","2","-0.226","-0.060","0.365"
"107386","1","0.048","0.273","0.207"
"107390","2","-0.244","-0.065","0.379"
"107391","1","0.005","0.191","0.149"
"107396","1","-0.018","0.129","0.093"
"107399","2","-0.249","-0.068","0.391"
"107403","1","-0.019","0.108","0.001"
"107406","2","-0.243","-0.069","0.395"
"107406","1","-0.028","0.116","0.001"
"107412","2","-0.233","-0.069","0.399"
"107415","1","-0.052","0.120","-0.051"
"107418","1","-0.069","0.154","-0.076"
"107421","1","-0.104","0.202","-0.064"
"107421","2","-0.206","-0.064","0.407"
"107425","2","-0.205","-0.064","0.407"
"107427","1","-0.145","0.243","-0.029"
"107431","2","-0.205","-0.066","0.412"
"107432","1","-0.188","0.282","-0.006"
"107437","2","-0.210","-0.071","0.412"
"107438","1","-0.233","0.324","0.015"
"107440","1","-0.265","0.343","0.057"
"107448","1","-0.306","0.331","0.116"
"107453","2","-0.236","-0.099","0.432"
"107456","1","-0.370","0.270","0.123"
"107457","2","-0.236","-0.110","0.442"
"107461","2","-0.235","-0.124","0.449"
"107463","1","-0.410","0.239","0.136"
"107467","1","-0.481","0.204","0.117"
"107467","2","-0.228","-0.138","0.459"
"107471","2","-0.216","-0.153","0.469"
"107471","1","-0.506","0.164","0.073"
"107483","1","-0.374","0.081","-0.028"
"107484","2","-0.158","-0.177","0.483"
"107485","2","-0.123","-0.176","0.495"
"107487","1","-0.263","0.080","-0.055"
"107494","1","-0.170","0.093","-0.062"
"107498","2","-0.056","-0.154","0.521"
"107501","2","-0.038","-0.143","0.541"
"107501","1","-0.127","0.168","0.076"
"107502","1","-0.156","0.168","0.076"
"107506","2","-0.036","-0.138","0.560"
"107511","2","-0.053","-0.139","0.584"
"107518","1","-0.536","0.403","0.253"
"107518","2","-0.076","-0.150","0.611"
"107521","2","-0.106","-0.169","0.641"
"107522","1","-0.704","0.530","0.330"
"107528","1","-0.854","0.695","0.338"
"107529","2","-0.138","-0.194","0.739"
"107536","2","-0.218","-0.257","0.799"
"107537","1","-1.154","0.998","0.214"
"107551","2","-0.321","-0.334","0.910"
"107553","2","-0.375","-0.385","0.961"
"107554","1","-1.572","1.014","-0.065"
"107567","2","-0.446","-0.492","1.075"
"107570","1","-1.837","1.054","-0.401"
"107571","2","-0.474","-0.535","1.142"
"107573","2","-0.508","-0.574","1.220"
"107579","1","-1.900","1.190","-0.831"
"107579","2","-0.555","-0.608","1.299"
"107583","1","-1.971","1.123","-0.973"
"107586","2","-0.704","-0.667","1.435"
"107593","1","-2.067","1.018","-1.093"
"107597","2","-0.790","-0.683","1.480"
"107603","1","-2.250","1.052","-1.120"
"107604","1","-2.264","1.190","-1.169"
"107605","2","-0.947","-0.734","1.596"
"107607","2","-1.028","-0.767","1.679"
"107609","1","-2.254","1.360","-1.353"
"107613","2","-1.121","-0.790","1.775"
"107614","1","-2.203","1.582","-1.722"
"107619","1","-2.104","1.750","-2.225"
"107622","2","-1.362","-0.780","1.978"
"107625","1","-1.954","1.820","-2.819"
"107629","2","-1.499","-0.745","2.077"
"107630","1","-1.795","1.780","-3.381"
"107634","2","-1.645","-0.706","2.156"
"107636","1","-1.626","1.627","-3.606"
"107637","2","-1.806","-0.687","2.208"
"107638","1","-1.441","1.358","-3.466"
"107643","2","-1.978","-0.694","2.236"
"107644","1","-1.179","1.043","-3.163"
"107654","1","-0.475","0.487","-2.216"
"107655","2","-2.276","-0.726","2.272"
"107659","2","-2.376","-0.734","2.303"
"107659","1","-0.023","0.301","-1.804"
"107663","2","-2.445","-0.724","2.347"
"107664","1","0.498","0.128","-1.554"
"107668","2","-2.504","-0.699","2.393"
"107669","1","1.029","-0.116","-1.390"
"107673","2","-2.563","-0.664","2.434"
"107674","1","1.578","-0.412","-1.144"
"107683","2","-2.669","-0.599","2.494"
"107685","1","2.581","-1.270","-0.128"
"107688","2","-2.668","-0.602","2.525"
"107696","1","2.947","-2.115","0.814"
"107698","2","-2.472","-0.620","2.579"
"107699","1","2.803","-2.484","1.009"
"107703","2","-2.277","-0.609","2.560"
"107704","1","2.396","-2.656","1.118"
"107710","2","-2.020","-0.610","2.504"
"107711","1","1.900","-2.653","1.168"
"107718","1","1.486","-2.471","1.057"
"107719","2","-1.471","-0.645","2.330"
"107720","1","1.444","-2.142","0.991"
"107728","2","-1.159","-0.621","2.102"
"107730","1","2.343","-1.643","1.129"
"107733","2","-1.118","-0.594","1.971"
"107735","1","2.781","-1.595","1.196"
"107738","1","3.035","-1.620","1.137"
"107739","2","-1.131","-0.553","1.829"
"107743","2","-1.170","-0.493","1.684"
"107750","2","-1.212","-0.430","1.544"
"107751","1","3.013","-1.734","0.773"
"107753","2","-1.256","-0.375","1.411"
"107754","1","2.907","-1.839","0.530"
"107759","2","-1.296","-0.318","1.285"
"107761","1","2.854","-1.989","0.210"
"107765","2","-1.322","-0.262","1.168"
"107766","1","2.875","-2.207","-0.199"
"107769","2","-1.318","-0.207","1.049"
"107769","1","2.896","-2.583","-0.592"
"107781","1","2.875","-3.475","-1.227"
"107783","2","-1.197","-0.029","0.715"
"107784","1","2.677","-3.849","-1.448"
"107785","2","-1.062","-0.029","0.715"
"107792","2","-0.873","0.025","0.632"
"107795","1","2.125","-4.170","-1.594"
"107796","2","-0.638","0.073","0.564"
"107799","2","-0.366","0.122","0.514"
"107801","1","1.817","-4.031","-1.389"
"107804","2","-0.091","0.167","0.470"
"107811","2","0.148","0.196","0.426"
"107811","1","1.412","-3.331","-0.480"
"107815","2","0.334","0.205","0.387"
"107817","1","1.164","-2.900","0.105"
"107819","2","0.466","0.200","0.343"
"107820","1","0.944","-2.394","0.605"
"107825","2","0.552","0.189","0.307"
"107826","1","0.760","-1.896","1.064"
"107831","2","0.592","0.171","0.277"
"107832","1","0.588","-1.363","1.379"
"107837","1","0.462","-0.818","1.527"
"107845","2","0.536","0.058","0.211"
"107850","1","0.159","-0.339","1.425"
"107852","2","0.479","0.016","0.182"
"107852","1","-0.029","-0.339","1.425"
"107857","2","0.422","-0.020","0.155"
"107858","1","-0.071","-0.461","0.591"
"107863","2","0.386","-0.046","0.128"
"107865","1","0.004","-0.739","0.591"
"107866","2","0.384","-0.049","0.101"
"107870","2","0.428","-0.030","0.089"
"107871","1","0.329","-1.323","-0.864"
"107877","2","0.517","0.012","0.089"
"107878","1","0.520","-1.372","-0.864"
"107882","2","0.621","0.069","0.104"
"107882","1","0.646","-1.214","-1.108"
"107886","2","0.705","0.124","0.123"
"107886","1","0.724","-0.909","-1.107"
"107893","2","0.762","0.148","0.143"
"107897","1","0.289","-0.592","-0.523"
"107903","1","-0.030","-0.498","-0.178"
"107904","2","0.820","0.130","0.163"
"107911","2","0.828","0.151","0.195"
"107913","1","-0.270","0.156","0.239"
"107916","2","0.802","0.131","0.236"
"107917","1","-0.377","0.578","0.561"
"107921","2","0.763","0.094","0.281"
"107924","1","-0.493","1.143","0.973"
"107927","2","0.700","0.064","0.311"
"107928","1","-0.617","1.143","0.973"
"107933","1","-0.711","1.051","1.008"
"107936","2","0.510","0.016","0.289"
"107938","1","-0.713","0.679","0.538"
"107943","2","0.414","0.008","0.270"
"107944","1","-0.583","0.679","0.538"
"107948","2","0.329","0.012","0.268"
"107948","1","-0.262","0.610","0.223"
"107951","2","0.245","0.029","0.273"
"107952","1","0.015","0.512","-0.145"
"107959","2","0.157","0.049","0.280"
"107962","2","0.072","0.060","0.278"
"107963","1","0.417","0.258","-0.513"
"107967","1","0.453","0.045","-0.553"
"107968","2","-0.008","0.074","0.271"
"107971","2","-0.075","0.086","0.269"
"107973","1","0.493","-0.161","-0.435"
"107977","2","-0.110","0.097","0.269"
"107978","1","0.426","-0.345","-0.204"
"107982","2","-0.108","0.114","0.278"
"107982","1","0.280","-0.366","-0.155"
"107987","2","-0.086","0.134","0.288"
"107988","1","0.222","-0.303","-0.042"
"107992","1","0.208","-0.178","0.065"
"107993","2","-0.081","0.160","0.284"
"107998","1","0.115","-0.092","0.210"
"107998","2","-0.106","0.182","0.271"
"108001","2","-0.179","0.212","0.255"
"108002","1","0.031","0.022","0.364"
"108008","2","-0.315","0.236","0.233"
"108009","1","-0.073","0.216","0.525"
"108015","1","-0.174","0.290","0.802"
"108019","2","-0.695","0.193","0.161"
"108020","1","-0.260","0.149","1.073"
"108023","2","-0.914","0.150","0.126"
"108024","1","-0.387","-0.065","1.303"
"108028","2","-1.134","0.104","0.097"
"108030","1","-0.528","-0.315","1.530"
"108033","2","-1.351","0.061","0.062"
"108033","1","-0.617","-0.572","1.612"
"108037","1","-0.674","-0.926","1.565"
"108044","2","-1.808","0.000","-0.021"
"108045","1","-0.725","-1.284","1.563"
"108049","2","-2.068","-0.025","-0.058"
"108050","1","-0.692","-1.519","1.456"
"108052","2","-2.353","-0.040","-0.094"
"108053","1","-0.504","-1.577","1.328"
"108058","2","-2.707","-0.029","-0.142"
"108058","1","-0.285","-1.482","1.340"
"108063","2","-3.176","0.007","-0.205"
"108063","1","-0.050","-1.191","1.483"
"108068","1","0.092","-0.751","1.672"
"108073","2","-4.492","0.056","-0.336"
"108075","1","0.140","-0.222","1.832"
"108078","2","-5.279","0.067","-0.371"
"108079","1","0.132","0.371","1.949"
"108083","2","-6.121","0.075","-0.384"
"108083","1","0.065","0.901","2.034"
"108088","1","0.001","1.460","1.981"
"108090","2","-6.982","0.034","-0.339"
"108094","2","-7.802","0.034","-0.339"
"108098","2","-8.513","-0.037","-0.265"
"108099","1","-0.151","2.305","1.662"
"108104","1","-0.212","2.107","1.552"
"108105","2","-9.113","-0.105","-0.202"
"108108","2","-9.638","-0.139","-0.175"
"108110","1","-0.090","1.859","1.584"
"108114","2","-10.118","-0.149","-0.164"
"108115","1","0.109","1.666","1.528"
"108118","2","-10.568","-0.136","-0.161"
"108119","1","0.296","1.454","1.538"
"108124","1","0.536","1.254","1.571"
"108129","1","0.647","0.924","1.533"
"108129","2","-11.506","-0.090","-0.148"
"108133","2","-12.013","-0.099","-0.145"
"108134","1","0.662","0.535","1.449"
"108138","2","-12.526","-0.142","-0.151"
"108139","1","0.726","0.207","1.284"
"108143","2","-13.015","-0.213","-0.167"
"108144","1","0.842","0.147","1.102"
"108148","2","-13.432","-0.290","-0.183"
"108154","2","-13.776","-0.358","-0.180"
"108155","1","1.371","0.574","0.433"
"108158","1","1.664","1.121","-0.175"
"108159","2","-14.024","-0.389","-0.164"
"108163","2","-14.145","-0.365","-0.143"
"108164","1","1.945","1.602","-0.769"
"108168","2","-14.138","-0.313","-0.123"
"108169","1","2.255","1.928","-0.963"
"108173","2","-14.024","-0.262","-0.082"
"108174","1","2.475","2.277","-0.866"
"108179","1","2.531","2.708","-0.777"
"108183","2","-13.403","-0.147","0.073"
"108185","1","2.363","2.870","-0.800"
"108189","2","-12.912","-0.086","0.150"
"108189","1","1.923","2.576","-0.885"
"108194","2","-12.340","-0.024","0.194"
"108194","1","1.428","2.307","-1.097"
"108199","2","-11.659","0.052","0.238"
"108199","1","0.884","2.141","-1.648"
"108204","2","-10.848","0.138","0.279"
"108208","2","-9.931","0.204","0.298"
"108209","1","-0.240","0.923","-2.905"
"108214","2","-8.862","0.246","0.316"
"108215","1","-0.579","0.136","-3.516"
"108219","2","-7.594","0.280","0.354"
"108220","1","-0.777","-0.805","-4.339"
"108224","2","-6.096","0.310","0.389"
"108225","1","-1.065","-2.186","-5.006"
"108229","2","-4.392","0.338","0.380"
"108230","1","-1.175","-3.558","-5.590"
"108238","2","-2.499","0.364","0.358"
"108240","2","-0.453","0.376","0.325"
"108243","1","-1.485","-6.078","-6.644"
"108245","2","1.663","0.352","0.272"
"108245","1","-1.698","-6.078","-6.644"
"108249","2","3.745","0.302","0.219"
"108250","1","-1.848","-5.974","-6.472"
"108255","2","5.725","0.223","0.197"
"108255","1","-1.923","-5.459","-5.817"
"108259","2","7.528","0.120","0.174"
"108265","2","9.089","0.019","0.121"
"108265","1","-1.898","-3.705","-4.512"
"108270","2","10.358","-0.073","0.047"
"108271","1","-1.724","-2.684","-3.898"
"108275","2","11.318","-0.142","-0.029"
"108275","1","-1.370","-1.506","-3.071"
"108280","2","11.979","-0.168","-0.082"
"108280","1","-0.914","-0.117","-2.248"
"108286","2","12.380","-0.137","-0.108"
"108287","1","-0.451","1.291","-1.760"
"108290","1","-0.084","2.659","-1.596"
"108295","2","12.593","0.066","-0.083"
"108296","1","0.309","3.887","-1.498"
"108300","2","12.554","0.181","-0.007"
"108301","1","0.588","4.652","-1.481"
"108306","2","12.489","0.279","0.073"
"108307","1","0.691","5.100","-1.646"
"108310","2","12.477","0.337","0.144"
"108310","1","0.730","5.386","-1.964"
"108317","1","0.703","5.378","-2.334"
"108322","1","0.630","5.152","-2.599"
"108323","2","12.791","0.321","0.261"
"108324","2","13.114","0.228","0.297"
"108325","1","0.453","4.669","-2.587"
"108330","2","13.569","0.046","0.289"
"108331","1","0.149","3.915","-2.622"
"108336","2","14.144","-0.235","0.203"
"108341","1","-0.181","2.888","-2.761"
"108341","1","-0.228","2.137","-3.451"
"108342","2","14.782","-0.510","0.055"
"108347","2","15.463","-0.628","-0.121"
"108351","2","16.061","-0.477","-0.265"
"108357","1","2.335","2.852","-5.371"
"108358","2","16.456","-0.072","-0.346"
"108363","2","16.559","0.405","-0.370"
"108364","1","3.024","3.302","-4.765"
"108366","2","16.348","0.758","-0.359"
"108367","1","3.179","3.859","-3.838"
"108370","2","15.857","0.930","-0.312"
"108371","1","2.890","4.715","-2.722"
"108376","1","2.436","5.818","-1.574"
"108381","1","1.985","6.880","-0.340"
"108382","2","14.032","1.059","-0.198"
"108386","2","12.721","1.113","-0.129"
"108387","1","1.716","7.520","0.796"
"108391","1","1.578","7.642","1.897"
"108391","2","11.189","1.167","-0.008"
"108396","2","9.519","1.199","0.152"
"108397","1","1.317","7.264","3.453"
"108401","2","7.752","1.192","0.295"
"108406","2","5.927","1.155","0.359"
"108407","1","0.224","5.823","4.124"
"108412","2","4.122","1.077","0.347"
"108412","1","-0.484","5.095","4.572"
"108416","2","2.441","0.943","0.312"
"108417","1","-1.116","4.263","4.882"
"108422","2","0.969","0.761","0.299"
"108424","1","-1.583","3.395","4.934"
"108426","2","-0.228","0.566","0.325"
"108427","1","-1.710","2.423","4.690"
"108432","1","-1.382","1.267","4.317"
"108436","2","-1.768","0.297","0.356"
"108437","1","-0.736","0.108","3.897"
"108441","2","-2.172","0.234","0.310"
"108443","1","-0.102","-0.840","3.561"
"108446","2","-2.406","0.196","0.244"
"108447","1","0.251","-1.591","3.416"
"108452","2","-2.530","0.158","0.177"
"108453","1","0.177","-2.254","3.410"
"108457","1","-0.203","-2.928","3.414"
"108462","1","-0.622","-3.564","3.412"
"108463","2","-2.662","0.044","0.023"
"108467","2","-2.798","-0.012","-0.098"
"108468","1","-0.852","-4.025","3.507"
"108472","2","-3.044","-0.058","-0.240"
"108474","1","-0.915","-4.197","3.607"
"108477","2","-3.391","-0.115","-0.353"
"108477","1","-0.830","-3.965","3.423"
"108482","2","-3.794","-0.179","-0.420"
"108482","1","-0.739","-3.551","3.048"
"108489","1","-0.648","-3.256","2.858"
"108493","2","-4.900","-0.222","-0.591"
"108494","1","-0.404","-2.876","2.869"
"108497","2","-5.660","-0.193","-0.688"
"108498","1","-0.021","-2.192","2.915"
"108502","2","-6.550","-0.147","-0.773"
"108502","1","0.378","-1.347","2.977"
"108507","2","-7.558","-0.106","-0.831"
"108508","1","0.729","-0.466","2.992"
"108512","2","-8.642","-0.084","-0.850"
"108517","2","-9.739","-0.085","-0.813"
"108518","1","1.272","1.766","2.665"
"108522","2","-10.771","-0.102","-0.708"
"108523","1","1.431","3.094","2.573"
"108527","1","1.431","4.131","2.499"
"108528","2","-11.700","-0.117","-0.565"
"108532","2","-12.545","-0.139","-0.431"
"108532","1","1.349","4.675","2.235"
"108538","2","-13.331","-0.164","-0.322"
"108538","1","1.242","4.830","1.854"
"108543","2","-14.063","-0.168","-0.260"
"108548","2","-14.756","-0.160","-0.251"
"108548","1","1.090","4.779","0.993"
"108553","2","-15.392","-0.161","-0.286"
"108553","1","1.034","4.855","0.626"
"108558","1","1.049","5.143","0.359"
"108558","2","-15.905","-0.177","-0.330"
"108562","1","1.171","5.430","0.340"
"108563","2","-16.264","-0.212","-0.335"
"108568","1","1.311","5.369","0.523"
"108574","2","-16.570","-0.293","-0.270"
"108577","1","1.357","4.853","0.499"
"108578","2","-16.523","-0.317","-0.264"
"108578","1","1.242","4.155","0.032"
"108583","1","1.058","3.466","-0.493"
"108584","2","-16.277","-0.294","-0.282"
"108588","2","-15.799","-0.235","-0.310"
"108589","1","0.871","2.893","-0.840"
"108593","2","-15.082","-0.164","-0.324"
"108593","1","0.607","2.418","-1.093"
"108601","1","0.239","1.984","-1.271"
"108603","2","-13.149","-0.144","-0.317"
"108604","1","-0.187","1.646","-1.372"
"108608","2","-12.053","-0.202","-0.284"
"108609","1","-0.564","1.483","-1.400"
"108613","2","-10.909","-0.285","-0.222"
"108614","1","-0.844","1.390","-1.492"
"108618","2","-9.753","-0.350","-0.147"
"108620","1","-0.995","1.231","-1.602"
"108623","2","-8.584","-0.401","-0.058"
"108629","2","-7.395","-0.406","0.034"
"108630","1","-0.997","0.848","-2.129"
"108634","2","-6.205","-0.388","0.111"
"108635","1","-0.949","0.504","-2.465"
"108638","2","-5.007","-0.373","0.170"
"108639","1","-0.927","0.224","-3.065"
"108643","2","-3.793","-0.332","0.214"
"108644","1","-0.955","-0.007","-3.825"
"108648","2","-2.572","-0.283","0.251"
"108649","1","-0.969","-0.365","-4.455"
"108654","2","-1.337","-0.236","0.286"
"108659","1","-0.789","-1.360","-6.054"
"108660","2","-0.041","-0.171","0.325"
"108665","2","1.333","-0.071","0.371"
"108666","1","-0.661","-1.963","-6.702"
"108670","2","2.775","0.053","0.403"
"108671","1","-0.566","-2.759","-6.993"
"108675","2","4.263","0.166","0.398"
"108675","1","-0.422","-3.561","-7.061"
"108678","2","5.781","0.249","0.380"
"108684","1","0.000","-4.234","-6.970"
"108685","2","7.298","0.296","0.369"
"108688","2","8.814","0.321","0.372"
"108689","1","0.169","-3.978","-6.909"
"108694","1","0.314","-3.421","-6.811"
"108695","2","10.315","0.333","0.375"
"108699","1","0.405","-2.667","-6.544"
"108700","2","11.780","0.323","0.381"
"108703","2","13.195","0.289","0.383"
"108704","1","0.434","-1.802","-6.000"
"108711","2","14.530","0.249","0.365"
"108713","2","15.745","0.199","0.313"
"108714","1","0.312","0.199","-4.785"
"108718","1","0.223","1.245","-4.432"
"108719","2","16.797","0.128","0.233"
"108723","2","17.443","0.054","0.108"
"108724","1","0.116","2.171","-4.371"
"108728","1","0.098","2.842","-4.464"
"108729","2","17.443","-0.029","-0.036"
"108734","2","17.432","-0.126","-0.168"
"108739","1","0.512","4.455","-5.190"
"108739","2","17.443","-0.215","-0.247"
"108744","2","17.443","-0.234","-0.273"
"108744","1","0.894","5.510","-5.775"
"108749","1","1.255","6.284","-6.044"
"108749","2","17.443","-0.167","-0.277"
"108754","2","17.443","-0.037","-0.305"
"108754","1","1.508","6.666","-5.935"
"108759","1","1.665","6.794","-5.774"
"108759","2","17.443","0.118","-0.369"
"108766","1","1.730","6.873","-5.554"
"108769","1","1.676","6.930","-5.433"
"108770","2","17.443","0.405","-0.556"
"108774","2","17.398","0.554","-0.617"
"108775","1","1.672","7.295","-5.589"
"108779","1","1.716","8.160","-5.260"
"108779","2","16.871","0.735","-0.613"
"108784","2","15.937","0.939","-0.551"
"108785","1","1.648","9.188","-3.955"
"108789","1","1.499","10.316","-2.193"
"108794","2","13.117","1.176","-0.323"
"108795","1","1.372","11.264","-0.058"
"108799","1","1.322","11.591","2.231"
"108800","2","11.048","1.180","-0.130"
"108804","2","8.669","1.145","0.095"
"108805","1","1.146","11.187","4.133"
"108809","2","6.222","1.077","0.260"
"108810","1","0.571","9.972","5.270"
"108814","2","3.929","0.962","0.291"
"108815","1","-0.423","8.053","5.743"
"108821","2","1.947","0.808","0.214"
"108825","2","0.361","0.641","0.129"
"108825","1","-2.233","4.220","5.475"
"108830","1","-2.369","3.003","5.285"
"108831","2","-0.841","0.490","0.103"
"108835","1","-1.935","2.204","5.177"
"108835","2","-1.740","0.375","0.146"
"108840","1","-1.112","1.700","5.007"
"108841","2","-2.428","0.296","0.229"
"108845","1","-0.277","1.437","4.796"
"108850","1","0.317","1.278","4.605"
"108851","2","-3.455","0.157","0.368"
"108855","2","-3.934","0.097","0.377"
"108856","1","0.533","0.986","4.493"
"108860","2","-4.442","0.019","0.339"
"108861","1","0.404","0.465","4.465"
"108865","1","0.153","-0.092","4.338"
"108865","2","-4.992","-0.079","0.254"
"108870","2","-5.568","-0.174","0.144"
"108871","1","-0.051","-0.548","4.128"
"108875","1","-0.226","-0.932","3.778"
"108880","1","-0.371","-1.239","3.288"
"108881","2","-6.725","-0.351","-0.118"
"108885","2","-7.338","-0.379","-0.281"
"108886","1","-0.308","-1.478","2.945"
"108890","1","-0.008","-1.545","2.751"
"108891","2","-8.066","-0.342","-0.455"
"108895","2","-8.913","-0.281","-0.598"
"108896","1","0.380","-1.256","2.662"
"108900","2","-9.865","-0.250","-0.678"
"108906","2","-10.881","-0.239","-0.703"
"108907","1","0.927","-0.056","2.524"
"108911","2","-11.926","-0.233","-0.685"
"108911","1","1.061","0.699","2.476"
"108916","1","1.156","1.545","2.448"
"108917","2","-12.971","-0.246","-0.621"
"108921","2","-13.970","-0.283","-0.527"
"108921","1","1.177","2.426","2.255"
"108926","2","-14.883","-0.333","-0.423"
"108926","1","1.155","3.312","1.814"
"108931","1","1.105","4.114","1.353"
"108936","2","-16.372","-0.442","-0.258"
"108936","1","1.067","4.799","1.016"
"108941","2","-16.895","-0.473","-0.213"
"108941","1","1.077","5.389","0.704"
"108946","2","-17.265","-0.507","-0.177"
"108946","1","1.221","5.898","0.624"
"108951","2","-17.463","-0.527","-0.153"
"108951","1","1.423","6.270","0.734"
"108956","1","1.625","6.408","0.843"
"108961","2","-17.459","-0.493","-0.167"
"108962","1","1.731","6.252","0.856"
"108966","2","-17.381","-0.457","-0.209"
"108967","1","1.738","5.882","0.676"
"108971","2","-17.109","-0.424","-0.247"
"108972","1","1.717","5.531","0.342"
"108976","2","-16.692","-0.384","-0.249"
"108977","1","1.633","5.262","-0.097"
"108982","2","-16.148","-0.340","-0.224"
"108982","1","1.420","4.947","-0.533"
"108992","1","0.660","4.110","-1.583"
"108994","2","-14.664","-0.215","-0.165"
"108997","2","-13.703","-0.160","-0.130"
"108997","1","0.263","3.570","-2.119"
"109002","2","-12.593","-0.120","-0.082"
"109002","1","-0.116","2.938","-2.501"
"109007","2","-11.329","-0.088","-0.027"
"109007","1","-0.472","2.145","-2.966"
"109012","2","-9.908","-0.063","0.021"
"109012","1","-0.901","1.166","-3.636"
"109019","2","-8.347","-0.053","0.056"
"109022","2","-6.696","-0.064","0.096"
"109022","1","-1.717","-1.068","-4.584"
"109028","1","-2.033","-1.914","-4.886"
"109028","2","-4.982","-0.111","0.155"
"109032","2","-3.277","-0.173","0.218"
"109032","1","-2.274","-2.562","-5.202"
"109037","1","-2.348","-2.973","-5.221"
"109037","2","-1.651","-0.229","0.281"
"109042","2","-0.158","-0.281","0.331"
"109047","2","1.174","-0.293","0.354"
"109048","1","-1.890","-3.223","-5.245"
"109052","2","2.345","-0.248","0.366"
"109052","1","-1.449","-3.189","-5.022"
"109057","2","3.389","-0.174","0.361"
"109058","1","-1.015","-3.010","-4.375"
"109062","2","4.327","-0.103","0.327"
"109063","1","-0.697","-2.979","-3.902"
"109067","1","-0.452","-2.989","-3.512"
"109068","2","5.189","-0.054","0.274"
"109075","1","-0.211","-2.835","-3.200"
"109078","2","6.818","-0.015","0.205"
"109078","1","0.039","-2.540","-3.121"
"109082","1","0.322","-2.203","-3.190"
"109083","2","7.621","-0.002","0.200"
"109087","2","8.455","0.010","0.211"
"109088","1","0.593","-1.821","-3.214"
"109092","1","0.833","-1.379","-3.221"
"109093","2","9.318","0.035","0.229"
"109098","2","10.195","0.083","0.246"
"109103","2","11.103","0.143","0.259"
"109103","1","1.172","-0.342","-3.180"
"109108","1","1.204","0.018","-2.988"
"109108","2","12.030","0.209","0.260"
"109113","2","12.978","0.254","0.237"
"109113","1","1.150","0.226","-2.714"
"109118","1","1.014","0.203","-2.652"
"109118","2","13.936","0.268","0.182"
"109123","2","14.879","0.246","0.085"
"109123","1","0.731","0.118","-2.747"
"109128","1","0.397","0.281","-2.838"
"109133","2","16.679","0.030","-0.141"
"109134","1","0.012","0.536","-2.779"
"109138","1","-0.502","0.756","-2.685"
"109139","2","17.409","-0.203","-0.279"
"109143","2","17.443","-0.537","-0.444"
"109144","1","-1.126","0.781","-2.958"
"109148","1","-1.466","0.960","-4.048"
"109149","2","17.433","-0.852","-0.604"
"109153","2","17.441","-0.998","-0.692"
"109158","1","-0.150","3.480","-6.981"
"109159","2","17.443","-0.890","-0.681"
"109163","2","17.443","-0.530","-0.602"
"109164","1","1.037","4.717","-7.687"
"109168","1","2.152","5.794","-7.557"
"109169","2","17.443","-0.086","-0.497"
"109173","2","17.443","0.247","-0.411"
"109174","1","2.646","6.280","-7.109"
"109178","1","2.772","6.770","-7.095"
"109179","2","17.443","0.443","-0.375"
"109186","1","2.742","7.739","-6.933"
"109189","1","2.582","9.020","-5.540"
"109189","2","17.408","0.758","-0.402"
"109194","2","16.485","0.934","-0.424"
"109194","1","2.376","10.747","-3.555"
"109199","1","2.168","12.413","-1.705"
"109199","2","14.494","1.049","-0.390"
"109204","2","12.108","1.083","-0.200"
"109204","1","2.082","13.483","0.551"
"109209","1","1.942","13.556","2.812"
"109214","2","6.614","1.014","0.376"
"109215","1","1.522","12.579","4.141"
"109219","2","4.017","0.931","0.445"
"109219","1","0.567","10.768","4.592"
"109224","2","1.790","0.808","0.326"
"109225","1","-0.696","8.514","4.350"
"109229","1","-1.768","6.271","4.051"
"109229","2","0.001","0.664","0.154"
"109234","2","-1.377","0.525","0.054"
"109235","1","-2.320","4.518","3.722"
"109245","1","-1.382","3.231","3.904"
"109246","2","-3.027","0.298","0.184"
"109250","2","-3.427","0.214","0.314"
"109251","1","-0.519","2.899","4.095"
"109256","2","-3.663","0.155","0.433"
"109256","1","0.095","2.568","3.922"
"109260","2","-3.841","0.119","0.488"
"109261","1","0.285","2.196","3.695"
"109265","2","-4.061","0.070","0.463"
"109266","1","0.096","1.696","3.795"
"109270","1","-0.313","1.201","3.790"
"109275","2","-4.612","-0.130","0.320"
"109276","1","-0.705","0.761","3.640"
"109280","2","-4.958","-0.209","0.209"
"109280","1","-0.931","0.227","3.516"
"109285","2","-5.382","-0.267","0.071"
"109285","1","-1.012","-0.362","3.203"
"109290","2","-5.873","-0.315","-0.078"
"109290","1","-1.059","-0.713","2.815"
"109295","2","-6.441","-0.331","-0.230"
"109300","2","-7.131","-0.305","-0.382"
"109301","1","-0.783","-0.786","2.222"
"109305","1","-0.083","-0.490","2.301"
"109306","2","-7.968","-0.259","-0.527"
"109310","2","-8.915","-0.230","-0.637"
"109310","1","0.146","-0.040","2.451"
"109315","2","-9.915","-0.229","-0.699"
"109316","1","0.241","0.486","2.618"
"109320","2","-10.939","-0.240","-0.717"
"109320","1","0.295","1.013","2.867"
"109325","1","0.369","1.715","3.106"
"109330","2","-12.984","-0.273","-0.629"
"109331","1","0.400","2.445","2.982"
"109335","2","-13.968","-0.303","-0.544"
"109336","1","0.375","3.260","2.653"
"109340","1","0.425","4.187","2.422"
"109340","2","-14.892","-0.327","-0.460"
"109345","2","-15.750","-0.358","-0.384"
"109346","1","0.557","5.080","2.433"
"109350","2","-16.553","-0.402","-0.338"
"109355","1","0.891","6.295","2.585"
"109356","2","-17.293","-0.478","-0.333"
"109361","2","-17.463","-0.586","-0.355"
"109361","1","1.133","7.061","2.485"
"109366","2","-17.461","-0.683","-0.378"
"109366","1","1.544","7.663","2.484"
"109370","2","-17.458","-0.744","-0.367"
"109371","1","1.959","8.066","2.268"
"109376","1","2.261","8.220","1.656"
"109376","2","-17.463","-0.758","-0.312"
"109383","1","2.386","8.181","0.738"
"109386","2","-17.463","-0.594","-0.120"
"109386","1","2.453","7.892","-0.162"
"109391","1","2.410","7.236","-0.840"
"109391","2","-17.463","-0.422","-0.015"
"109396","2","-17.463","-0.210","0.073"
"109396","1","2.172","6.342","-1.437"
"109401","2","-17.452","0.003","0.113"
"109401","1","1.711","5.156","-2.115"
"109406","2","-16.852","0.163","0.087"
"109411","2","-15.412","0.242","0.025"
"109412","1","0.486","2.380","-3.211"
"109416","2","-13.787","0.264","-0.009"
"109417","1","-0.146","0.986","-3.668"
"109421","2","-11.966","0.243","0.001"
"109422","1","-0.824","-0.484","-4.047"
"109426","2","-9.930","0.182","0.039"
"109427","1","-1.448","-1.987","-4.360"
"109431","2","-7.742","0.072","0.097"
"109432","1","-2.090","-3.327","-4.673"
"109438","1","-2.652","-4.238","-4.938"
"109441","2","-3.259","-0.246","0.191"
"109442","1","-2.907","-4.665","-5.369"
"109447","2","-1.197","-0.392","0.224"
"109447","1","-2.807","-4.622","-5.391"
"109451","2","0.591","-0.497","0.251"
"109452","1","-2.473","-4.100","-5.159"
"109456","2","2.028","-0.534","0.258"
"109457","1","-2.049","-3.517","-4.827"
"109461","1","-1.571","-3.089","-4.223"
"109467","2","3.720","-0.418","0.188"
"109467","1","-1.038","-2.750","-3.279"
"109472","2","4.092","-0.317","0.136"
"109473","1","-0.598","-2.285","-2.314"
"109477","2","4.270","-0.223","0.107"
"109477","1","-0.208","-1.783","-1.546"
"109482","1","0.087","-1.450","-0.883"
"109482","2","4.334","-0.161","0.105"
"109487","1","0.350","-1.269","-0.423"
"109487","2","4.344","-0.127","0.101"
"109494","2","4.350","-0.112","0.089"
"109497","1","0.820","-0.945","-0.313"
"109498","2","4.396","-0.114","0.080"
"109502","2","4.504","-0.127","0.075"
"109502","1","0.981","-0.770","-0.462"
"109507","2","4.694","-0.130","0.069"
"109508","1","1.149","-0.438","-0.896"
"109512","1","1.236","-0.204","-1.337"
"109512","2","4.966","-0.115","0.077"
"109517","2","5.315","-0.081","0.096"
"109522","1","1.212","-0.308","-2.171"
"109523","2","5.770","-0.015","0.110"
"109527","2","6.345","0.074","0.119"
"109527","1","1.247","-0.479","-2.640"
"109532","2","7.042","0.174","0.141"
"109533","1","1.368","-0.701","-2.943"
"109537","2","7.882","0.265","0.189"
"109538","1","1.476","-0.713","-3.002"
"109542","2","8.885","0.360","0.254"
"109543","1","1.447","-0.730","-2.888"
"109550","1","1.300","-0.834","-2.760"
"109552","2","11.278","0.495","0.327"
"109553","1","0.918","-0.987","-2.751"
"109557","2","12.621","0.484","0.298"
"109558","1","0.346","-1.066","-2.814"
"109562","2","13.982","0.396","0.209"
"109563","1","-0.289","-1.064","-2.831"
"109568","2","15.265","0.221","0.065"
"109569","1","-1.042","-0.866","-2.700"
"109573","2","16.398","-0.025","-0.131"
"109578","2","17.305","-0.325","-0.346"
"109579","1","-2.149","0.374","-2.915"
"109584","1","-2.198","0.996","-3.261"
"109585","2","17.443","-0.628","-0.555"
"109588","1","-1.826","1.757","-3.729"
"109589","2","17.437","-0.873","-0.717"
"109593","2","17.439","-0.984","-0.784"
"109594","1","-0.893","2.927","-4.681"
"109598","2","17.443","-0.861","-0.741"
"109598","1","0.512","4.565","-5.840"
"109604","1","1.846","5.861","-5.986"
"109608","1","2.681","6.305","-5.668"
"109609","2","17.443","-0.057","-0.462"
"109613","2","17.443","0.317","-0.394"
"109614","1","2.842","6.313","-5.376"
"109618","2","17.443","0.498","-0.418"
"109619","1","2.545","6.347","-5.464"
"109623","2","17.389","0.539","-0.488"
"109624","1","2.317","6.943","-5.720"
"109628","2","16.879","0.580","-0.548"
"109633","2","16.069","0.698","-0.543"
"109634","1","1.966","9.298","-4.765"
"109638","2","15.099","0.870","-0.475"
"109639","1","1.685","10.696","-3.329"
"109643","2","13.851","1.013","-0.357"
"109644","1","1.463","11.890","-1.646"
"109648","2","12.219","1.085","-0.184"
"109649","1","1.444","12.514","0.345"
"109653","2","10.189","1.101","0.049"
"109654","1","1.476","12.424","2.372"
"109659","1","1.277","11.409","3.842"
"109664","2","5.635","0.984","0.454"
"109665","1","0.579","9.605","4.394"
"109669","2","3.582","0.850","0.469"
"109669","1","-0.492","7.368","4.102"
"109674","2","1.931","0.704","0.374"
"109674","1","-1.389","5.150","3.474"
"109679","2","0.679","0.613","0.250"
"109679","1","-1.717","3.343","2.701"
"109684","2","-0.269","0.589","0.144"
"109689","1","-0.676","1.694","2.404"
"109690","2","-0.975","0.574","0.098"
"109698","2","-1.501","0.536","0.131"
"109700","1","0.171","1.324","2.757"
"109703","2","-1.899","0.524","0.221"
"109705","1","0.608","1.252","3.227"
"109710","2","-2.225","0.514","0.343"
"109711","2","-2.557","0.514","0.343"
"109712","1","0.108","1.282","3.653"
"109715","1","-0.507","1.067","4.204"
"109720","2","-3.429","0.286","0.240"
"109720","1","-0.964","0.683","4.605"
"109725","2","-3.949","0.146","0.153"
"109725","1","-1.145","0.267","4.617"
"109730","2","-4.504","0.030","0.052"
"109730","1","-1.172","-0.235","4.310"
"109736","2","-5.102","-0.071","-0.072"
"109736","1","-1.121","-0.894","3.863"
"109740","2","-5.775","-0.149","-0.232"
"109740","1","-1.050","-1.461","3.375"
"109748","1","-0.817","-1.773","2.982"
"109750","2","-7.455","-0.150","-0.614"
"109751","1","-0.424","-1.818","2.705"
"109756","2","-8.478","-0.106","-0.782"
"109756","1","-0.016","-1.508","2.547"
"109760","2","-9.578","-0.082","-0.887"
"109761","1","0.323","-0.962","2.416"
"109765","2","-10.715","-0.070","-0.930"
"109766","1","0.547","-0.362","2.354"
"109770","2","-11.885","-0.058","-0.924"
"109775","2","-13.057","-0.058","-0.866"
"109776","1","0.798","1.179","2.813"
"109780","2","-14.233","-0.069","-0.778"
"109781","1","0.794","1.904","2.796"
"109785","2","-15.421","-0.098","-0.698"
"109786","1","0.688","2.553","2.556"
"109790","2","-16.578","-0.141","-0.648"
"109791","1","0.573","3.353","2.295"
"109795","2","-17.459","-0.178","-0.614"
"109796","1","0.543","4.422","2.081"
"109806","1","0.679","5.486","2.029"
"109807","2","-17.450","-0.268","-0.522"
"109808","1","0.957","6.235","2.197"
"109811","2","-17.462","-0.324","-0.469"
"109811","1","1.264","6.504","2.403"
"109817","1","1.531","6.500","2.309"
"109818","2","-17.463","-0.384","-0.426"
"109821","1","1.800","6.502","1.835"
"109821","2","-17.463","-0.441","-0.386"
"109826","2","-17.463","-0.455","-0.326"
"109831","2","-17.463","-0.390","-0.266"
"109832","1","2.067","6.299","0.309"
"109836","2","-17.463","-0.270","-0.248"
"109837","1","1.907","5.800","-0.567"
"109841","2","-17.463","-0.112","-0.279"
"109841","1","1.616","5.138","-1.330"
"109846","2","-17.463","0.052","-0.321"
"109847","1","1.271","4.578","-2.001"
"109851","2","-17.385","0.192","-0.338"
"109852","1","0.895","4.084","-2.703"
"109856","1","0.482","3.526","-3.415"
"109861","2","-14.977","0.353","-0.256"
"109862","1","0.063","2.900","-4.135"
"109866","2","-13.329","0.425","-0.161"
"109867","1","-0.453","1.942","-4.880"
"109871","2","-11.448","0.493","-0.061"
"109872","1","-1.065","0.634","-5.593"
"109876","2","-9.335","0.522","0.023"
"109877","1","-1.748","-0.851","-6.104"
"109881","2","-7.025","0.474","0.095"
"109886","2","-4.581","0.340","0.154"
"109887","1","-2.937","-3.176","-6.357"
"109891","2","-2.165","0.148","0.188"
"109892","1","-3.133","-3.689","-6.161"
"109897","2","0.055","-0.036","0.218"
"109897","1","-2.932","-3.684","-5.744"
"109902","2","1.902","-0.158","0.257"
"109903","1","-2.450","-3.209","-5.016"
"109906","2","3.298","-0.226","0.305"
"109908","1","-1.871","-2.390","-3.904"
"109915","1","-1.308","-1.516","-2.614"
"109917","2","4.776","-0.199","0.325"
"109917","1","-0.818","-0.820","-1.444"
"109922","2","5.053","-0.130","0.310"
"109922","1","-0.427","-0.376","-0.442"
"109927","1","-0.091","-0.094","0.317"
"109928","2","5.157","-0.083","0.283"
"109932","2","5.200","-0.064","0.259"
"109932","1","0.220","-0.006","0.624"
"109937","2","5.270","-0.058","0.255"
"109942","2","5.461","-0.077","0.268"
"109943","1","0.764","-0.301","-0.030"
"109947","2","5.815","-0.102","0.274"
"109948","1","0.959","-0.526","-0.824"
"109952","2","6.319","-0.102","0.281"
"109952","1","1.089","-0.695","-1.647"
"109957","1","1.218","-0.770","-2.481"
"109958","2","6.977","-0.079","0.301"
"109962","1","1.372","-0.780","-3.395"
"109963","2","7.786","-0.033","0.334"
"109968","2","8.765","0.054","0.381"
"109972","2","9.926","0.183","0.448"
"109973","1","1.731","-0.720","-4.883"
"109977","2","11.294","0.323","0.544"
"109978","1","1.838","-0.690","-5.096"
"109982","1","1.812","-0.596","-5.041"
"109983","2","12.905","0.443","0.673"
"109987","2","14.796","0.479","0.790"
"109988","1","1.396","-0.567","-4.877"
"109993","1","0.401","-0.754","-4.666"
"109997","2","17.443","0.174","0.666"
"109999","1","-0.955","-0.962","-4.621"
"110003","2","17.443","-0.209","0.356"
"110004","1","-2.300","-0.812","-4.791"
"110008","2","17.426","-0.701","-0.037"
"110008","1","-3.181","0.118","-5.154"
"110013","1","-3.108","1.898","-5.989"
"110013","2","17.443","-1.140","-0.387"
"110018","2","17.443","-1.315","-0.596"
"110019","1","-2.022","4.166","-7.063"
"110025","1","-0.380","6.430","-7.711"
"110028","2","17.443","-0.578","-0.523"
"110029","1","1.299","8.260","-7.725"
"110033","2","17.443","0.078","-0.385"
"110034","1","2.536","9.422","-7.156"
"110038","1","3.094","9.916","-6.146"
"110039","2","17.443","0.615","-0.316"
"110043","1","3.111","10.105","-4.936"
"110044","2","17.443","0.886","-0.363"
"110048","2","17.443","0.952","-0.491"
"110053","1","2.277","11.567","-2.011"
"110054","2","17.368","0.954","-0.626"
"110059","2","16.077","0.962","-0.672"
"110059","1","1.631","12.804","-0.301"
"110063","2","13.841","0.958","-0.541"
"110064","1","1.048","14.003","1.053"
"110068","1","0.751","14.675","2.609"
"110069","2","11.515","0.924","-0.209"
"110073","2","8.952","0.867","0.219"
"110074","1","0.615","14.370","4.305"
"110079","2","6.259","0.794","0.540"
"110084","1","-0.448","11.230","5.683"
"110085","2","3.723","0.685","0.614"
"110088","2","1.510","0.534","0.481"
"110089","1","-1.346","8.750","5.450"
"110094","2","-0.292","0.360","0.313"
"110095","1","-1.954","6.300","4.927"
"110099","2","-1.624","0.203","0.245"
"110099","1","-1.906","4.370","4.149"
"110104","2","-2.485","0.103","0.284"
"110109","2","-2.946","0.070","0.356"
"110111","1","-0.122","2.239","2.911"
"110114","2","-3.161","0.093","0.389"
"110114","1","0.804","1.715","2.629"
"110119","2","-3.320","0.146","0.326"
"110120","1","1.227","1.283","2.691"
"110124","2","-3.546","0.164","0.195"
"110125","1","1.076","0.949","3.017"
"110129","1","0.674","0.870","3.305"
"110130","2","-3.834","0.129","0.083"
"110137","1","0.274","0.936","3.548"
"110140","1","-0.111","0.856","3.813"
"110141","2","-4.580","0.023","-0.078"
"110144","2","-5.098","-0.055","-0.180"
"110145","1","-0.480","0.671","3.812"
"110149","1","-0.632","0.757","3.459"
"110150","2","-5.719","-0.095","-0.293"
"110154","2","-6.464","-0.091","-0.399"
"110155","1","-0.539","1.137","3.266"
"110159","1","-0.391","1.510","3.425"
"110165","2","-8.380","-0.101","-0.598"
"110165","1","-0.287","1.770","3.532"
"110169","2","-9.515","-0.128","-0.685"
"110170","1","-0.178","2.023","3.454"
"110174","2","-10.699","-0.157","-0.739"
"110175","1","-0.056","2.430","3.326"
"110179","2","-11.880","-0.190","-0.761"
"110180","1","0.056","2.897","3.375"
"110184","2","-13.055","-0.233","-0.757"
"110185","1","0.093","3.273","3.404"
"110192","2","-14.182","-0.300","-0.726"
"110195","2","-15.216","-0.373","-0.687"
"110195","1","0.168","4.131","2.781"
"110199","2","-16.140","-0.435","-0.632"
"110200","1","0.305","4.746","2.474"
"110205","2","-16.951","-0.483","-0.570"
"110205","1","0.508","5.424","2.281"
"110210","1","0.729","6.069","2.134"
"110210","2","-17.463","-0.525","-0.512"
"110215","1","0.949","6.601","2.161"
"110220","1","1.166","6.869","2.329"
"110221","2","-17.454","-0.619","-0.413"
"110225","2","-17.463","-0.668","-0.387"
"110226","1","1.334","6.922","2.467"
"110230","1","1.452","6.987","2.366"
"110231","2","-17.463","-0.683","-0.357"
"110236","2","-17.463","-0.638","-0.310"
"110238","1","1.572","6.931","2.039"
"110240","2","-17.463","-0.547","-0.252"
"110241","1","1.638","6.610","1.586"
"110248","1","1.568","5.961","1.122"
"110250","1","1.412","5.122","0.620"
"110251","2","-17.463","-0.315","-0.203"
"110256","2","-17.135","-0.196","-0.203"
"110256","1","1.211","4.301","0.164"
"110262","1","0.899","3.490","-0.369"
"110262","2","-15.976","-0.102","-0.213"
"110266","2","-14.630","-0.046","-0.226"
"110266","1","0.478","2.661","-0.791"
"110271","2","-13.225","-0.016","-0.225"
"110276","2","-11.728","0.011","-0.196"
"110276","1","-0.420","1.261","-1.600"
"110280","1","-0.844","0.544","-2.085"
"110281","2","-10.144","0.029","-0.132"
"110286","2","-8.464","0.020","-0.050"
"110286","1","-1.234","-0.219","-2.583"
"110291","2","-6.686","-0.013","0.042"
"110291","1","-1.649","-0.940","-2.940"
"110296","1","-2.005","-1.566","-3.153"
"110296","2","-4.849","-0.069","0.128"
"110304","1","-2.270","-1.975","-3.354"
"110306","2","-1.278","-0.226","0.251"
"110307","1","-2.393","-2.436","-3.457"
"110311","2","0.303","-0.304","0.315"
"110312","1","-2.192","-2.714","-3.218"
"110316","2","1.681","-0.358","0.390"
"110317","1","-1.779","-2.753","-2.819"
"110321","2","2.794","-0.378","0.457"
"110322","1","-1.338","-2.628","-2.333"
"110326","1","-0.925","-2.469","-1.940"
"110331","2","4.290","-0.294","0.488"
"110331","1","-0.548","-2.388","-1.628"
"110336","1","-0.216","-2.395","-1.253"
"110337","2","4.768","-0.224","0.462"
"110341","2","5.145","-0.146","0.426"
"110342","1","0.051","-2.332","-0.797"
"110346","1","0.205","-2.220","-0.409"
"110347","2","5.471","-0.078","0.388"
"110351","2","5.815","-0.035","0.356"
"110352","1","0.300","-2.113","-0.253"
"110357","1","0.396","-2.097","-0.302"
"110362","1","0.491","-2.122","-1.095"
"110368","2","7.266","0.056","0.282"
"110369","1","0.636","-2.191","-1.095"
"110372","2","7.972","0.105","0.286"
"110373","1","0.887","-2.232","-1.447"
"110377","2","8.819","0.166","0.320"
"110378","1","1.182","-2.158","-1.668"
"110382","2","9.816","0.236","0.360"
"110382","1","1.433","-1.989","-1.933"
"110387","1","1.572","-1.715","-2.254"
"110392","2","12.218","0.372","0.445"
"110392","1","1.482","-1.667","-2.517"
"110398","2","13.555","0.404","0.412"
"110398","1","1.143","-1.780","-2.708"
"110402","2","14.935","0.399","0.316"
"110402","1","0.644","-1.763","-2.891"
"110407","2","16.269","0.333","0.170"
"110408","1","-0.054","-1.590","-2.917"
"110412","2","17.369","0.191","-0.017"
"110417","2","17.443","-0.018","-0.216"
"110418","1","-1.398","-0.511","-2.737"
"110422","2","17.430","-0.260","-0.383"
"110423","1","-1.785","0.553","-2.737"
"110427","2","17.440","-0.458","-0.462"
"110428","1","-1.716","2.138","-3.359"
"110432","2","17.443","-0.534","-0.440"
"110433","1","-1.174","4.108","-4.281"
"110438","2","17.443","-0.427","-0.353"
"110439","1","-0.391","6.019","-4.649"
"110443","1","0.507","7.565","-4.631"
"110447","2","17.443","0.182","-0.228"
"110448","1","1.331","8.556","-4.218"
"110453","2","17.443","0.423","-0.262"
"110454","1","1.758","8.911","-3.685"
"110457","2","17.212","0.472","-0.345"
"110458","1","1.768","9.002","-3.214"
"110462","2","16.285","0.372","-0.426"
"110463","1","1.554","9.086","-2.954"
"110467","2","15.334","0.278","-0.452"
"110474","2","14.479","0.308","-0.409"
"110474","1","1.224","9.947","-3.414"
"110478","2","13.597","0.451","-0.322"
"110478","1","1.096","10.448","-2.664"
"110484","1","0.860","10.681","-1.650"
"110484","2","12.570","0.572","-0.240"
"110488","2","11.281","0.615","-0.193"
"110489","1","0.623","10.552","-0.745"
"110493","2","9.696","0.641","-0.156"
"110493","1","0.756","10.212","0.507"
"110498","1","1.174","9.660","1.640"
"110504","2","6.112","0.743","-0.004"
"110505","1","1.450","8.966","2.248"
"110508","2","4.465","0.773","0.047"
"110509","1","1.179","8.016","2.445"
"110513","2","3.028","0.767","0.042"
"110514","1","0.406","6.780","2.546"
"110518","2","1.833","0.714","0.012"
"110519","1","-0.559","5.727","2.788"
"110523","2","0.835","0.639","0.001"
"110529","2","-0.023","0.557","0.032"
"110530","1","-1.530","4.549","3.636"
"110533","2","-0.778","0.459","0.089"
"110534","1","-1.449","4.391","4.061"
"110538","2","-1.456","0.354","0.143"
"110539","1","-1.186","4.245","4.414"
"110543","2","-2.108","0.256","0.162"
"110544","1","-0.998","3.803","4.588"
"110548","2","-2.770","0.176","0.133"
"110549","1","-0.971","3.164","4.755"
"110554","1","-1.055","2.557","4.900"
"110559","1","-1.103","2.258","4.948"
"110560","2","-4.212","-0.011","0.006"
"110564","2","-4.946","-0.132","-0.024"
"110564","1","-0.960","2.464","4.759"
"110570","2","-5.668","-0.256","-0.038"
"110570","1","-0.719","2.808","4.343"
"110574","2","-6.416","-0.364","-0.055"
"110575","1","-0.459","2.876","3.878"
"110579","2","-7.204","-0.415","-0.102"
"110584","2","-8.054","-0.404","-0.181"
"110585","1","-0.061","2.998","2.957"
"110589","2","-8.961","-0.395","-0.251"
"110590","1","0.162","3.272","2.707"
"110594","1","0.334","3.792","2.396"
"110595","2","-9.900","-0.392","-0.301"
"110599","2","-10.898","-0.370","-0.349"
"110600","1","0.448","4.296","2.278"
"110604","2","-12.011","-0.334","-0.410"
"110605","1","0.510","4.527","2.402"
"110611","2","-13.243","-0.319","-0.488"
"110615","2","-14.555","-0.351","-0.566"
"110616","1","0.292","4.697","2.904"
"110619","2","-15.922","-0.437","-0.631"
"110620","1","0.070","4.821","3.097"
"110625","2","-17.219","-0.572","-0.684"
"110625","1","-0.124","5.052","3.131"
"110630","2","-17.463","-0.733","-0.714"
"110630","1","-0.219","6.466","2.642"
"110634","2","-17.456","-0.896","-0.703"
"110640","2","-17.456","-1.040","-0.623"
"110641","1","0.523","8.628","1.579"
"110645","2","-17.463","-1.137","-0.470"
"110645","1","1.010","9.402","1.109"
"110649","1","1.467","9.659","0.647"
"110650","2","-17.463","-1.172","-0.280"
"110655","2","-17.463","-1.133","-0.117"
"110655","1","1.847","9.508","0.116"
"110660","1","2.126","9.035","-0.673"
"110660","2","-17.463","-1.024","-0.011"
"110668","1","2.326","8.128","-1.424"
"110670","1","2.513","7.047","-2.038"
"110671","2","-17.463","-0.647","0.026"
"110675","2","-17.463","-0.430","0.029"
"110676","1","2.562","5.990","-2.779"
"110680","2","-17.463","-0.249","0.040"
"110681","1","2.175","4.801","-3.951"
"110685","2","-16.911","-0.120","0.040"
"110686","1","1.540","3.681","-4.918"
"110690","2","-15.294","-0.005","0.028"
"110696","2","-13.593","0.111","0.009"
"110697","1","-0.079","1.572","-6.891"
"110700","2","-11.876","0.230","-0.028"
"110701","1","-1.028","0.258","-7.615"
"110707","1","-1.917","-1.103","-7.844"
"110707","2","-9.992","0.326","-0.064"
"110710","2","-7.887","0.370","-0.061"
"110711","1","-2.623","-2.088","-7.790"
"110715","2","-5.559","0.318","0.020"
"110716","1","-3.212","-2.794","-7.578"
"110723","2","-3.144","0.174","0.151"
"110726","2","-0.816","-0.004","0.274"
"110727","1","-3.273","-3.382","-6.728"
"110731","1","-2.594","-3.389","-5.924"
"110731","2","1.245","-0.136","0.356"
"110736","1","-1.742","-3.038","-4.685"
"110736","2","2.872","-0.198","0.394"
"110741","1","-0.912","-2.428","-3.413"
"110741","2","4.015","-0.189","0.395"
"110746","2","4.704","-0.123","0.375"
"110751","2","5.030","-0.024","0.356"
"110752","1","0.177","-1.048","-0.885"
"110756","2","5.115","0.074","0.342"
"110756","1","0.403","-0.528","0.172"
"110761","2","5.067","0.139","0.325"
"110761","1","0.511","-0.273","0.918"
"110766","2","4.981","0.160","0.294"
"110766","1","0.553","-0.352","1.439"
"110771","2","4.939","0.139","0.260"
"110772","1","0.637","-0.690","1.586"
"110776","1","0.715","-1.087","1.370"
"110782","2","5.227","0.060","0.201"
"110783","1","0.792","-1.607","0.929"
"110786","2","5.600","0.036","0.180"
"110786","1","0.899","-2.076","0.239"
"110791","1","1.006","-2.341","-0.552"
"110792","2","6.135","0.025","0.156"
"110796","2","6.823","0.040","0.135"
"110797","1","1.135","-2.473","-1.376"
"110801","1","1.255","-2.341","-2.163"
"110807","2","8.625","0.164","0.147"
"110807","1","1.338","-2.130","-2.795"
"110812","1","1.266","-2.054","-3.317"
"110812","2","9.755","0.249","0.180"
"110817","2","11.051","0.337","0.219"
"110817","1","1.048","-2.228","-3.622"
"110822","2","12.496","0.389","0.237"
"110822","1","0.658","-2.336","-3.885"
"110826","2","14.076","0.383","0.222"
"110827","1","0.080","-2.211","-3.990"
"110832","2","15.713","0.295","0.156"
"110838","2","17.198","0.112","0.026"
"110838","1","-1.678","-1.330","-4.179"
"110842","2","17.443","-0.156","-0.163"
"110842","1","-2.359","-0.379","-4.340"
"110847","1","-2.637","0.920","-4.832"
"110847","2","17.433","-0.481","-0.355"
"110852","1","-2.320","2.559","-5.939"
"110852","2","17.435","-0.780","-0.508"
"110857","2","17.443","-0.936","-0.587"
"110862","2","17.443","-0.890","-0.584"
"110863","1","-0.304","5.554","-6.962"
"110867","2","17.443","-0.638","-0.525"
"110868","1","0.926","6.697","-6.943"
"110872","2","17.443","-0.259","-0.456"
"110873","1","1.898","7.589","-6.307"
"110877","2","17.443","0.081","-0.432"
"110878","1","2.271","7.767","-5.215"
"110882","1","2.132","7.659","-4.872"
"110883","2","17.443","0.247","-0.488"
"110890","1","2.053","8.287","-5.221"
"110892","1","1.985","9.421","-4.192"
"110893","2","17.271","0.397","-0.683"
"110897","1","1.677","10.558","-2.790"
"110898","2","16.166","0.583","-0.726"
"110903","2","14.615","0.758","-0.699"
"110904","1","1.196","11.713","-1.629"
"110908","1","0.875","12.418","-0.325"
"110908","2","12.835","0.821","-0.597"
"110913","2","10.673","0.799","-0.391"
"110918","2","8.268","0.756","-0.103"
"110920","1","1.155","11.657","2.122"
"110923","2","5.896","0.719","0.170"
"110923","1","1.009","10.368","2.224"
"110928","2","3.790","0.702","0.306"
"110929","1","0.396","8.633","2.144"
"110933","2","2.058","0.677","0.276"
"110934","1","-0.482","6.688","2.237"
"110938","2","0.709","0.622","0.178"
"110939","1","-1.243","5.016","2.488"
"110946","1","-1.590","3.816","2.714"
"110948","2","-0.948","0.451","0.108"
"110948","1","-1.450","2.984","2.812"
"110953","2","-1.341","0.402","0.145"
"110954","1","-1.076","2.353","2.924"
"110958","2","-1.542","0.397","0.168"
"110959","1","-0.672","1.917","3.050"
"110963","2","-1.626","0.401","0.168"
"110964","1","-0.372","1.904","3.139"
"110968","2","-1.650","0.380","0.175"
"110975","2","-1.698","0.350","0.172"
"110976","1","-0.651","2.541","3.534"
"110978","2","-1.811","0.289","0.143"
"110979","1","-1.015","2.754","3.766"
"110983","2","-1.953","0.183","0.130"
"110984","1","-1.291","2.823","3.732"
"110988","2","-2.104","0.070","0.132"
"110989","1","-1.423","2.701","3.462"
"110994","1","-1.395","2.425","3.234"
"110994","2","-2.279","-0.038","0.121"
"110999","2","-2.517","-0.113","0.083"
"111004","1","-1.103","2.132","3.072"
"111004","2","-2.821","-0.174","0.028"
"111010","2","-3.185","-0.237","-0.027"
"111010","1","-0.988","2.007","2.919"
"111014","2","-3.609","-0.285","-0.083"
"111014","1","-0.833","1.791","2.711"
"111019","2","-4.109","-0.301","-0.145"
"111019","1","-0.592","1.643","2.468"
"111024","2","-4.685","-0.291","-0.212"
"111029","2","-5.345","-0.276","-0.283"
"111030","1","-0.130","1.865","2.162"
"111034","2","-6.078","-0.272","-0.352"
"111035","1","-0.030","2.125","2.141"
"111039","1","0.042","2.493","2.072"
"111040","2","-6.854","-0.286","-0.397"
"111044","2","-7.631","-0.320","-0.395"
"111045","1","0.095","2.877","1.975"
"111049","2","-8.362","-0.378","-0.347"
"111050","1","0.094","3.139","1.856"
"111057","1","0.043","3.156","1.775"
"111059","2","-9.563","-0.529","-0.211"
"111060","1","0.028","3.072","1.747"
"111064","2","-10.019","-0.589","-0.145"
"111065","1","0.095","3.090","1.694"
"111069","2","-10.369","-0.626","-0.068"
"111070","1","0.269","3.297","1.499"
"111074","2","-10.616","-0.617","0.015"
"111075","1","0.540","3.674","1.210"
"111080","2","-10.785","-0.579","0.100"
"111085","2","-10.918","-0.519","0.175"
"111085","1","1.121","4.120","0.825"
"111090","2","-11.039","-0.465","0.232"
"111090","1","1.319","4.049","0.857"
"111095","2","-11.158","-0.436","0.261"
"111095","1","1.428","3.778","0.885"
"111100","2","-11.278","-0.422","0.258"
"111100","1","1.388","3.375","0.893"
"111105","2","-11.379","-0.402","0.207"
"111105","1","1.172","2.906","0.741"
"111112","1","0.928","2.543","0.548"
"111115","2","-11.421","-0.321","-0.015"
"111115","1","0.673","2.274","0.479"
"111120","2","-11.305","-0.275","-0.124"
"111120","1","0.429","2.080","0.513"
"111125","2","-11.074","-0.235","-0.198"
"111126","1","0.220","1.960","0.544"
"111130","2","-10.718","-0.210","-0.232"
"111131","1","0.001","1.807","0.635"
"111135","2","-10.261","-0.199","-0.238"
"111140","2","-9.708","-0.217","-0.215"
"111141","1","-0.416","1.503","0.915"
"111145","2","-9.060","-0.248","-0.175"
"111146","1","-0.613","1.509","1.039"
"111151","2","-8.333","-0.291","-0.121"
"111151","1","-0.708","1.658","1.065"
"111156","2","-7.548","-0.346","-0.041"
"111156","1","-0.777","1.794","1.042"
"111160","2","-6.739","-0.398","0.031"
"111161","1","-0.883","1.742","1.089"
"111168","1","-0.910","1.632","1.192"
"111171","2","-5.224","-0.467","0.117"
"111171","1","-0.851","1.600","1.246"
"111176","2","-4.529","-0.485","0.150"
"111176","1","-0.751","1.644","1.189"
"111180","2","-3.884","-0.503","0.184"
"111181","1","-0.609","1.810","0.940"
"111186","2","-3.303","-0.528","0.209"
"111186","1","-0.459","2.020","0.517"
"111190","2","-2.816","-0.547","0.222"
"111196","2","-2.457","-0.541","0.205"
"111197","1","-0.255","1.708","0.143"
"111202","2","-2.223","-0.515","0.156"
"111203","1","-0.170","1.376","-0.018"
"111206","2","-2.066","-0.468","0.106"
"111206","1","-0.076","1.097","-0.403"
"111211","2","-1.944","-0.393","0.082"
"111211","1","0.035","0.740","-0.668"
"111216","2","-1.796","-0.303","0.109"
"111216","1","0.141","0.364","-0.792"
"111221","1","0.167","0.006","-0.938"
"111226","2","-1.276","-0.115","0.226"
"111227","1","0.122","-0.339","-1.087"
"111231","2","-0.888","-0.043","0.276"
"111231","1","0.064","-0.630","-1.239"
"111236","2","-0.431","0.006","0.320"
"111238","1","0.022","-0.909","-1.337"
"111241","2","0.075","0.028","0.357"
"111242","1","0.036","-1.163","-1.390"
"111246","2","0.627","0.029","0.385"
"111251","2","1.207","0.020","0.417"
"111252","1","0.323","-1.568","-1.490"
"111256","2","1.794","0.014","0.441"
"111257","1","0.547","-1.854","-1.390"
"111261","1","0.784","-2.126","-1.130"
"111263","2","2.371","0.013","0.445"
"111266","2","2.923","0.024","0.433"
"111267","1","0.960","-2.245","-0.832"
"111272","1","1.079","-2.199","-0.562"
"111272","2","3.451","0.043","0.408"
"111279","1","1.155","-2.007","-0.302"
"111281","2","4.386","0.099","0.322"
"111282","1","1.212","-1.758","-0.044"
"111287","2","4.797","0.135","0.269"
"111287","1","1.226","-1.616","0.210"
"111292","2","5.174","0.180","0.229"
"111292","1","1.165","-1.537","0.499"
"111296","1","1.036","-1.431","0.700"
"111297","2","5.564","0.233","0.197"
"111302","2","5.997","0.283","0.165"
"111307","2","6.477","0.309","0.135"
"111307","1","0.805","-1.675","0.366"
"111312","2","7.051","0.290","0.113"
"111312","1","0.721","-1.968","0.060"
"111317","2","7.736","0.231","0.095"
"111317","1","0.576","-2.282","-0.081"
"111322","2","8.557","0.135","0.048"
"111323","1","0.304","-2.558","-0.044"
"111327","2","9.486","-0.009","-0.046"
"111328","1","-0.057","-2.786","-0.202"
"111334","1","-0.387","-2.706","-0.834"
"111337","2","11.439","-0.359","-0.317"
"111338","1","-0.557","-2.080","-1.648"
"111342","2","12.342","-0.458","-0.440"
"111343","1","-0.456","-1.109","-2.394"
"111347","2","13.058","-0.453","-0.521"
"111348","1","-0.120","0.025","-2.987"
"111352","1","0.335","1.256","-3.222"
"111353","2","13.558","-0.349","-0.561"
"111357","2","13.828","-0.176","-0.556"
"111362","2","13.852","0.039","-0.535"
"111363","1","1.254","3.351","-3.272"
"111367","2","13.668","0.233","-0.518"
"111368","1","1.467","4.017","-3.029"
"111373","2","13.325","0.354","-0.520"
"111375","1","1.481","4.388","-2.767"
"111382","2","12.880","0.417","-0.539"
"111383","1","1.390","4.625","-2.529"
"111384","2","12.389","0.449","-0.563"
"111384","1","1.245","4.863","-2.529"
"111389","1","1.020","4.974","-2.144"
"111393","1","0.807","5.028","-1.852"
"111393","2","11.228","0.504","-0.570"
"111398","2","10.544","0.565","-0.550"
"111398","1","0.569","5.179","-1.617"
"111403","1","0.351","5.366","-1.308"
"111403","2","9.791","0.633","-0.521"
"111408","2","8.959","0.658","-0.477"
"111408","1","0.148","5.463","-0.904"
"111413","2","8.090","0.646","-0.418"
"111418","2","7.204","0.631","-0.348"
"111419","1","-0.153","5.753","-0.135"
"111423","2","6.296","0.632","-0.264"
"111423","1","-0.139","5.946","-0.013"
"111428","2","5.421","0.641","-0.178"
"111429","1","-0.155","6.027","0.281"
"111433","2","4.574","0.637","-0.123"
"111434","1","-0.281","5.841","0.650"
"111438","2","3.774","0.601","-0.086"
"111439","1","-0.496","5.501","0.955"
"111445","1","-0.732","5.120","1.285"
"111448","2","2.497","0.465","-0.025"
"111449","1","-0.961","4.582","1.559"
"111453","2","2.026","0.413","-0.040"
"111454","1","-1.127","3.919","1.608"
"111458","2","1.684","0.362","-0.056"
"111459","1","-1.133","3.354","1.464"
"111463","2","1.467","0.318","-0.046"
"111464","1","-1.064","2.835","1.426"
"111468","2","1.309","0.313","-0.060"
"111474","2","1.159","0.305","-0.111"
"111474","1","-1.142","1.798","1.661"
"111479","2","1.026","0.276","-0.154"
"111479","1","-1.171","1.591","1.641"
"111484","2","0.917","0.257","-0.165"
"111484","1","-1.106","1.705","1.621"
"111490","1","-1.102","1.976","1.673"
"111491","2","0.808","0.246","-0.154"
"111494","2","0.683","0.222","-0.139"
"111494","1","-1.191","2.279","1.695"
"111499","1","-1.310","2.480","1.686"
"111504","1","-1.397","2.549","1.473"
"111505","2","0.338","0.150","-0.160"
"111509","2","0.142","0.101","-0.168"
"111510","1","-1.453","2.610","1.187"
"111514","2","-0.041","0.043","-0.153"
"111514","1","-1.430","2.727","0.938"
"111519","2","-0.192","-0.014","-0.109"
"111520","1","-1.313","2.854","0.689"
"111524","2","-0.280","-0.082","-0.056"
"111529","2","-0.292","-0.144","-0.020"
"111530","1","-1.152","2.396","0.290"
"111534","2","-0.233","-0.173","-0.004"
"111535","1","-1.053","1.820","-0.043"
"111539","2","-0.127","-0.188","-0.007"
"111540","1","-0.965","1.173","-0.285"
"111544","2","0.014","-0.191","-0.020"
"111545","1","-0.911","0.638","-0.446"
"111549","2","0.174","-0.183","-0.049"
"111550","1","-0.914","0.323","-0.517"
"111557","1","-0.924","0.276","-0.338"
"111560","2","0.440","-0.183","-0.136"
"111560","1","-0.905","0.370","-0.013"
"111564","2","0.525","-0.186","-0.182"
"111565","1","-0.839","0.483","0.281"
"111570","2","0.580","-0.181","-0.231"
"111571","1","-0.834","0.614","0.601"
"111575","2","0.607","-0.179","-0.282"
"111575","1","-0.865","0.750","0.884"
"111580","2","0.587","-0.185","-0.347"
"111585","2","0.530","-0.196","-0.410"
"111585","1","-1.081","0.922","1.272"
"111590","2","0.449","-0.207","-0.463"
"111591","1","-1.140","0.939","1.400"
"111595","2","0.340","-0.216","-0.515"
"111595","1","-1.192","0.878","1.479"
"111600","2","0.221","-0.234","-0.564"
"111601","1","-1.216","0.799","1.549"
"111605","2","0.112","-0.257","-0.606"
"111605","1","-1.170","0.736","1.564"
"111611","1","-1.098","0.627","1.639"
"111615","2","-0.021","-0.309","-0.678"
"111616","1","-1.080","0.390","1.762"
"111620","2","-0.047","-0.338","-0.731"
"111621","1","-1.096","0.057","1.825"
"111625","2","-0.038","-0.359","-0.790"
"111626","1","-1.088","-0.209","1.838"
"111630","2","-0.013","-0.376","-0.844"
"111631","1","-1.003","-0.357","1.850"
"111635","2","0.017","-0.384","-0.905"
"111641","2","0.044","-0.396","-0.963"
"111641","1","-0.747","-0.333","1.757"
"111645","2","0.082","-0.417","-1.005"
"111646","1","-0.614","-0.183","1.657"
"111651","2","0.138","-0.442","-1.035"
"111651","1","-0.537","-0.049","1.555"
"111656","2","0.224","-0.468","-1.057"
"111656","1","-0.428","0.136","1.451"
"111660","2","0.328","-0.493","-1.069"
"111661","1","-0.325","0.386","1.309"
"111668","1","-0.132","0.750","1.100"
"111671","2","0.523","-0.491","-1.093"
"111671","1","0.130","1.047","0.912"
"111676","2","0.573","-0.497","-1.105"
"111677","1","0.344","1.241","0.799"
"111680","2","0.603","-0.495","-1.118"
"111681","1","0.546","1.337","0.598"
"111686","2","0.628","-0.488","-1.126"
"111687","1","0.706","1.355","0.306"
"111692","2","0.647","-0.476","-1.139"
"111696","2","0.659","-0.456","-1.149"
"111697","1","0.935","1.308","-0.204"
"111701","2","0.667","-0.428","-1.160"
"111702","1","0.994","1.289","-0.509"
"111706","2","0.663","-0.387","-1.169"
"111707","1","1.057","1.421","-0.694"
"111712","1","1.073","1.586","-0.824"
"111713","2","0.628","-0.344","-1.176"
"111716","1","1.013","1.836","-1.067"
"111717","2","0.567","-0.305","-1.185"
"111722","1","0.957","2.058","-1.380"
"111726","1","0.899","2.039","-1.712"
"111727","2","0.378","-0.264","-1.190"
"111731","2","0.281","-0.248","-1.183"
"111732","1","0.833","1.758","-2.109"
"111736","1","0.694","1.459","-2.532"
"111737","2","0.221","-0.213","-1.191"
"111741","2","0.215","-0.178","-1.213"
"111742","1","0.565","1.131","-2.885"
"111746","2","0.281","-0.144","-1.236"
"111756","1","0.414","0.787","-3.536"
"111757","2","0.575","-0.012","-1.243"
"111758","1","0.498","0.895","-3.721"
"111762","1","0.571","0.880","-3.701"
"111762","2","0.735","0.053","-1.235"
"111767","1","0.571","0.807","-3.620"
"111768","2","0.889","0.106","-1.228"
"111772","2","1.031","0.165","-1.233"
"111773","1","0.474","0.781","-3.456"
"111777","2","1.145","0.221","-1.252"
"111782","2","1.238","0.270","-1.271"
"111783","1","0.069","0.889","-2.776"
"111787","1","-0.086","1.208","-2.351"
"111787","2","1.293","0.304","-1.284"
"111792","2","1.306","0.320","-1.277"
"111793","1","-0.199","1.648","-1.872"
"111797","2","1.275","0.317","-1.254"
"111798","1","-0.288","2.079","-1.340"
"111802","2","1.203","0.293","-1.223"
"111803","1","-0.361","2.472","-0.859"
"111808","1","-0.406","2.836","-0.448"
"111812","2","0.944","0.219","-1.130"
"111813","1","-0.404","3.100","-0.183"
"111818","2","0.794","0.174","-1.073"
"111818","1","-0.352","3.299","-0.027"
"111823","2","0.638","0.124","-1.011"
"111824","1","-0.210","3.402","0.126"
"111828","2","0.471","0.077","-0.949"
"111828","1","-0.090","3.292","0.065"
"111832","2","0.308","0.035","-0.896"
"111838","2","0.166","0.005","-0.863"
"111838","1","0.105","2.154","-0.174"
"111843","2","0.076","-0.011","-0.856"
"111843","1","0.063","1.424","-0.392"
"111849","2","0.042","-0.021","-0.856"
"111849","1","-0.035","0.831","-0.683"
"111853","2","0.053","-0.019","-0.852"
"111854","1","-0.112","0.414","-0.818"
"111858","2","0.103","-0.009","-0.847"
"111858","1","-0.145","0.232","-0.863"
"111863","1","-0.135","0.343","-0.845"
"111868","2","0.251","0.022","-0.796"
"111869","1","-0.080","0.708","-0.746"
"111873","2","0.310","0.032","-0.751"
"111874","1","0.007","1.279","-0.657"
"111878","2","0.337","0.028","-0.695"
"111879","1","0.038","1.875","-0.530"
"111883","2","0.326","0.016","-0.631"
"111884","1","0.066","2.365","-0.332"
"111888","2","0.283","-0.005","-0.574"
"111893","2","0.217","-0.031","-0.525"
"111894","1","-0.034","3.075","-0.243"
"111899","2","0.131","-0.063","-0.485"
"111900","1","-0.107","3.218","-0.171"
"111905","2","0.033","-0.099","-0.459"
"111905","1","-0.208","3.227","-0.149"
"111908","2","-0.056","-0.139","-0.437"
"111909","1","-0.281","3.130","-0.123"
"111913","2","-0.121","-0.181","-0.412"
"111914","1","-0.301","2.913","-0.151"
"111919","1","-0.318","2.778","-0.253"
"111924","2","-0.164","-0.238","-0.357"
"111924","1","-0.302","2.600","-0.315"
"111928","2","-0.172","-0.252","-0.330"
"111929","1","-0.250","2.298","-0.407"
"111934","2","-0.186","-0.262","-0.312"
"111935","1","-0.196","2.027","-0.602"
"111939","1","-0.175","1.732","-0.772"
"111939","2","-0.202","-0.261","-0.303"
"111944","1","-0.201","1.352","-0.831"
"111949","2","-0.214","-0.250","-0.304"
"111949","1","-0.386","0.789","-1.153"
"111954","1","-0.465","0.745","-1.152"
"111954","2","-0.183","-0.241","-0.313"
"111959","1","-0.463","0.941","-1.171"
"111959","2","-0.139","-0.232","-0.309"
"111964","2","-0.085","-0.220","-0.292"
"111965","1","-0.373","1.297","-1.171"
"111969","2","-0.034","-0.208","-0.260"
"111970","1","-0.270","1.686","-1.055"
"111975","1","-0.197","1.970","-0.926"
"111979","2","-0.010","-0.193","-0.182"
"111980","1","-0.211","2.215","-0.714"
"111984","2","-0.035","-0.193","-0.153"
"111985","1","-0.242","2.267","-0.618"
"111989","1","-0.317","2.247","-0.504"
"111990","2","-0.064","-0.198","-0.137"
"111994","1","-0.466","2.180","-0.508"
"111995","2","-0.094","-0.206","-0.126"
"111999","2","-0.117","-0.211","-0.122"
"112004","2","-0.138","-0.215","-0.122"
"112005","1","-0.541","1.934","-0.480"
"112009","1","-0.546","1.877","-0.507"
"112010","2","-0.156","-0.219","-0.126"
"112014","2","-0.168","-0.220","-0.126"
"112015","1","-0.558","1.771","-0.466"
"112019","1","-0.544","1.714","-0.407"
"112020","2","-0.178","-0.225","-0.124"
"112024","2","-0.180","-0.227","-0.114"
"112025","1","-0.569","1.618","-0.426"
"112032","2","-0.172","-0.230","-0.102"
"112035","2","-0.154","-0.227","-0.089"
"112035","1","-0.521","1.340","-0.564"
"112040","1","-0.519","1.100","-0.612"
"112040","2","-0.128","-0.219","-0.084"
"112045","2","-0.104","-0.212","-0.083"
"112046","1","-0.560","0.871","-0.763"
"112050","2","-0.073","-0.201","-0.089"
"112051","1","-0.585","0.710","-0.892"
"112055","2","-0.033","-0.183","-0.101"
"112060","2","0.010","-0.165","-0.117"
"112061","1","-0.668","0.600","-0.982"
"112065","2","0.051","-0.151","-0.133"
"112066","1","-0.623","0.779","-0.923"
"112070","2","0.087","-0.137","-0.135"
"112071","1","-0.567","1.030","-0.815"
"112075","2","0.112","-0.124","-0.127"
"112076","1","-0.514","1.305","-0.687"
"112080","2","0.122","-0.119","-0.113"
"112081","1","-0.479","1.513","-0.634"
"112086","1","-0.489","1.645","-0.649"
"112090","1","-0.496","1.716","-0.594"
"112091","2","0.105","-0.111","-0.091"
"112095","2","0.088","-0.101","-0.091"
"112096","1","-0.511","1.708","-0.552"
"112100","1","-0.555","1.666","-0.527"
"112101","2","0.067","-0.097","-0.094"
"112105","2","0.049","-0.093","-0.098"
"112106","1","-0.811","1.606","-1.183"
"112110","1","-1.384","1.886","-1.432"
"112116","2","0.046","-0.137","-0.097"
"112116","1","-0.722","1.394","-0.510"
"112121","1","-0.572","1.427","-1.212"
"112121","2","-0.060","-0.090","-0.086"
"112127","2","-0.064","-0.058","-0.124"
"112128","1","-0.774","1.502","-1.170"
"112137","2","-0.075","-0.062","-0.105"
"112138","1","-0.587","1.287","-1.057"
"112139","2","-0.111","-0.039","-0.105"
"112142","2","-0.110","-0.014","-0.081"
"112146","2","-0.094","-0.001","-0.069"
"112147","1","-0.647","0.659","-0.894"
"112151","2","-0.047","0.020","-0.074"
"112151","1","-0.615","0.364","-0.854"
"112157","2","0.033","0.051","-0.084"
"112158","1","-0.613","0.131","-0.740"
"112161","1","-0.774","0.100","-0.480"
"112162","2","0.132","0.070","-0.090"
"112166","1","-1.078","0.282","-0.070"
"112167","2","0.221","0.055","-0.088"
"112173","1","-1.274","0.605","0.362"
"112176","1","-1.391","0.956","0.712"
"112177","2","0.259","-0.040","-0.091"
"112181","1","-1.319","1.223","0.837"
"112182","2","0.208","-0.101","-0.095"
"112187","1","-0.929","1.326","0.584"
"112187","2","0.138","-0.147","-0.102"
"112191","2","0.083","-0.149","-0.104"
"112192","1","-0.531","1.281","0.212"
"112199","2","0.050","-0.137","-0.094"
