"043261","1","0.641","-0.160","0.011"
"043274","1","0.483","-0.160","0.011"
"043274","2","-0.066","0.053","-0.113"
"043278","2","-0.031","0.010","-0.115"
"043285","1","0.014","0.491","0.087"
"043285","2","-0.098","-0.009","-0.115"
"043288","2","-0.140","-0.023","-0.137"
"043289","1","0.050","0.407","0.022"
"043294","1","0.131","0.258","-0.084"
"043295","2","-0.167","-0.031","-0.147"
"043305","1","0.288","-0.171","-0.337"
"043306","2","-0.167","-0.022","-0.136"
"043309","2","-0.135","-0.012","-0.130"
"043310","1","0.312","-0.325","-0.448"
"043314","2","-0.097","0.002","-0.133"
"043319","1","0.306","-0.405","-0.510"
"043325","2","-0.032","0.032","-0.149"
"043326","1","0.224","-0.290","-0.415"
"043329","2","-0.025","0.039","-0.158"
"043330","1","0.109","-0.165","-0.324"
"043338","2","-0.030","0.048","-0.174"
"043343","1","-0.113","0.035","-0.117"
"043344","2","-0.057","0.046","-0.181"
"043345","1","-0.198","0.100","-0.024"
"043350","2","-0.066","0.040","-0.193"
"043356","1","-0.303","0.139","0.128"
"043357","2","-0.077","0.027","-0.202"
"043359","2","-0.080","0.013","-0.207"
"043360","1","-0.257","0.156","0.174"
"043364","2","-0.085","-0.002","-0.209"
"043373","2","-0.085","-0.009","-0.213"
"043376","1","0.043","0.287","0.212"
"043377","2","-0.078","-0.012","-0.213"
"043379","2","-0.124","-0.027","-0.247"
"043380","1","0.151","0.525","0.133"
"043384","2","-0.171","-0.043","-0.290"
"043386","1","0.206","0.984","0.125"
"043390","2","-0.201","-0.036","-0.322"
"043391","1","0.274","1.280","0.135"
"043395","2","-0.255","-0.014","-0.352"
"043401","1","0.507","1.282","-0.102"
"043402","2","-0.323","0.002","-0.395"
"043406","2","-0.380","0.016","-0.449"
"043407","1","0.573","1.232","-0.199"
"043410","2","-0.425","0.037","-0.485"
"043411","1","0.616","1.075","-0.249"
"043417","2","-0.455","0.059","-0.513"
"043417","1","0.609","0.847","-0.365"
"043421","2","-0.466","0.074","-0.545"
"043422","1","0.582","0.630","-0.512"
"043427","1","0.588","0.407","-0.657"
"043430","2","-0.432","0.078","-0.607"
"043432","1","0.603","0.201","-0.800"
"043436","2","-0.383","0.076","-0.633"
"043437","1","0.587","0.069","-0.940"
"043441","2","-0.317","0.070","-0.656"
"043442","1","0.551","-0.014","-1.021"
"043445","2","-0.242","0.060","-0.680"
"043446","1","0.504","-0.037","-1.030"
"043452","2","-0.162","0.044","-0.702"
"043460","2","-0.094","0.024","-0.727"
"043460","1","0.445","0.298","-0.880"
"043462","1","0.423","0.298","-0.880"
"043463","2","-0.042","0.002","-0.755"
"043466","2","-0.007","-0.018","-0.788"
"043466","1","0.448","0.516","-0.753"
"043472","2","0.001","-0.037","-0.822"
"043473","1","0.498","0.729","-0.602"
"043476","2","-0.010","-0.047","-0.863"
"043476","1","0.552","0.926","-0.461"
"043486","1","0.782","1.149","-0.269"
"043487","2","-0.073","-0.051","-0.986"
"043491","2","-0.136","-0.047","-1.072"
"043492","1","0.898","1.252","-0.313"
"043496","1","1.071","1.315","-0.401"
"043498","2","-0.216","-0.037","-1.166"
"043501","2","-0.316","-0.025","-1.277"
"043502","1","1.218","1.276","-0.478"
"043507","2","-0.428","-0.012","-1.396"
"043508","1","1.388","1.286","-0.610"
"043515","2","-0.539","0.019","-1.502"
"043518","1","1.734","1.467","-1.084"
"043519","2","-0.651","0.064","-1.594"
"043522","2","-0.754","0.113","-1.685"
"043523","1","1.851","1.523","-1.322"
"043526","2","-0.855","0.159","-1.786"
"043527","1","1.913","1.516","-1.585"
"043531","2","-0.959","0.203","-1.896"
"043532","1","1.935","1.546","-1.887"
"043538","2","-1.057","0.238","-2.005"
"043542","2","-1.151","0.271","-2.106"
"043543","1","2.031","1.630","-2.248"
"043548","2","-1.252","0.303","-2.199"
"043549","1","2.072","1.514","-2.281"
"043552","2","-1.365","0.330","-2.283"
"043553","1","2.109","1.253","-2.250"
"043556","2","-1.475","0.367","-2.370"
"043557","1","2.192","0.959","-2.276"
"043565","1","2.289","0.656","-2.243"
"043568","2","-1.659","0.492","-2.562"
"043574","1","2.573","0.023","-1.977"
"043576","2","-1.730","0.578","-2.777"
"043581","2","-1.779","0.685","-2.777"
"043582","1","2.773","-0.381","-1.681"
"043584","2","-1.793","0.812","-2.908"
"043588","1","2.833","-0.434","-1.457"
"043589","2","-1.787","0.948","-3.064"
"043591","2","-1.786","1.086","-3.241"
"043592","1","2.850","-0.366","-1.321"
"043598","2","-1.787","1.221","-3.427"
"043608","2","-1.888","1.444","-3.755"
"043608","1","2.414","0.220","-1.471"
"043613","2","-1.984","1.534","-3.868"
"043614","1","2.145","0.241","-1.611"
"043618","2","-2.093","1.600","-3.955"
"043619","1","1.812","0.121","-1.660"
"043623","2","-2.196","1.642","-4.032"
"043624","1","1.486","-0.072","-1.681"
"043627","1","1.234","-0.289","-1.657"
"043630","2","-2.266","1.666","-4.095"
"043637","1","1.075","-0.499","-1.590"
"043639","2","-2.340","1.699","-4.186"
"043640","1","0.974","-0.683","-1.469"
"043643","1","0.930","-0.862","-1.284"
"043644","2","-2.348","1.709","-4.212"
"043648","2","-2.345","1.705","-4.225"
"043650","1","0.896","-1.024","-1.016"
"043653","1","0.897","-1.205","-0.672"
"043655","2","-2.319","1.704","-4.204"
"043658","2","-2.275","1.700","-4.141"
"043670","2","-2.189","1.681","-3.986"
"043671","1","0.923","-2.121","0.449"
"043673","2","-2.122","1.668","-3.926"
"043674","1","0.763","-2.363","0.752"
"043681","2","-2.042","1.644","-3.887"
"043684","1","0.238","-2.843","0.951"
"043685","2","-1.984","1.634","-3.876"
"043688","2","-1.960","1.630","-3.862"
"043689","1","-0.112","-3.004","0.784"
"043693","1","-0.480","-3.080","0.680"
"043701","2","-1.967","1.612","-3.804"
"043702","1","-0.872","-3.100","0.760"
"043705","1","-1.263","-3.129","0.907"
"043706","2","-1.952","1.600","-3.741"
"043708","2","-1.933","1.582","-3.644"
"043708","1","-1.660","-3.120","0.925"
"043715","2","-1.880","1.536","-3.517"
"043716","1","-2.057","-3.091","1.152"
"043721","2","-1.795","1.460","-3.375"
"043721","1","-2.475","-3.060","1.152"
"043724","1","-2.867","-2.947","1.462"
"043732","1","-3.135","-2.866","1.901"
"043734","1","-3.283","-2.890","2.489"
"043736","2","-1.259","1.045","-2.985"
"043739","2","-1.025","0.858","-2.832"
"043740","1","-3.218","-2.832","3.121"
"043743","1","-2.912","-2.552","3.467"
"043744","2","-0.763","0.664","-2.658"
"043749","2","-0.506","0.484","-2.477"
"043750","1","-2.474","-2.240","3.375"
"043756","1","-1.960","-2.092","2.949"
"043759","2","-0.125","0.245","-2.148"
"043760","1","-1.584","-2.220","2.340"
"043765","2","0.011","0.201","-2.008"
"043766","1","-1.367","-2.643","1.727"
"043770","2","0.136","0.171","-1.856"
"043771","1","-1.379","-3.240","1.172"
"043774","2","0.258","0.130","-1.688"
"043775","1","-1.631","-3.822","0.816"
"043781","1","-2.089","-4.210","0.275"
"043790","1","-3.016","-3.684","0.230"
"043791","2","0.685","-0.141","-1.300"
"043794","2","0.853","-0.261","-1.214"
"043796","1","-3.222","-2.884","0.279"
"043800","2","0.986","-0.367","-1.102"
"043801","1","-3.211","-2.042","0.437"
"043804","2","1.052","-0.455","-0.961"
"043805","1","-3.025","-1.356","0.592"
"043809","2","1.068","-0.521","-0.794"
"043810","1","-2.770","-0.813","0.755"
"043821","1","-1.943","-0.057","0.608"
"043822","2","1.126","-0.613","-0.466"
"043824","2","1.173","-0.643","-0.348"
"043825","1","-1.629","-0.224","0.319"
"043833","1","-1.414","-0.874","-0.028"
"043836","2","1.283","-0.692","-0.227"
"043838","1","-1.270","-0.874","-0.028"
"043839","2","1.383","-0.720","-0.231"
"043840","1","-1.264","-0.910","-0.133"
"043847","2","1.493","-0.748","-0.244"
"043852","2","1.579","-0.768","-0.251"
"043853","1","-1.283","-0.603","-0.098"
"043855","2","1.631","-0.775","-0.245"
"043856","1","-1.270","-0.394","0.148"
"043860","1","-1.147","-0.158","0.606"
"043861","2","1.660","-0.778","-0.232"
"043865","2","1.655","-0.777","-0.218"
"043866","1","-0.951","-0.042","1.196"
"043870","2","1.585","-0.764","-0.201"
"043871","1","-0.677","-0.017","1.540"
"043877","2","1.456","-0.731","-0.184"
"043882","2","1.285","-0.680","-0.176"
"043886","1","-0.052","0.006","1.383"
"043887","2","1.093","-0.605","-0.177"
"043888","1","0.174","0.006","1.383"
"043890","2","0.918","-0.518","-0.181"
"043890","1","0.290","0.053","1.382"
"043902","2","0.670","-0.356","-0.191"
"043904","1","0.232","-0.194","1.429"
"043906","2","0.624","-0.308","-0.201"
"043913","1","-0.084","-0.350","1.135"
"043913","2","0.624","-0.272","-0.218"
"043916","2","0.662","-0.249","-0.218"
"043918","1","-0.258","-0.343","0.966"
"043921","2","0.706","-0.235","-0.229"
"043922","1","-0.408","-0.361","0.638"
"043925","2","0.759","-0.220","-0.229"
"043926","1","-0.521","-0.461","0.404"
"043931","2","0.844","-0.206","-0.236"
"043932","1","-0.496","-0.463","0.562"
"043938","1","-0.451","-0.443","0.653"
"043941","1","-0.415","-0.543","0.607"
"043941","2","1.004","-0.185","-0.248"
"043946","2","1.064","-0.175","-0.234"
"043948","1","-0.362","-0.594","0.600"
"043952","1","-0.408","-0.628","0.656"
"043953","2","1.109","-0.170","-0.229"
"043955","2","1.114","-0.167","-0.240"
"043956","1","-0.571","-0.581","0.443"
"043964","1","-0.740","-0.338","0.051"
"043969","2","1.040","-0.153","-0.259"
"043970","1","-0.913","-0.338","0.051"
"043971","1","-1.110","-0.200","0.102"
"043972","2","0.973","-0.154","-0.279"
"043977","2","0.913","-0.157","-0.298"
"043978","1","-1.253","-0.079","-0.261"
"043983","2","0.855","-0.178","-0.323"
"043984","1","-1.313","-0.146","-0.343"
"043986","2","0.821","-0.197","-0.356"
"043988","1","-1.273","-0.100","-0.266"
"043995","1","-1.146","0.043","-0.332"
"043999","1","-0.786","0.459","-0.462"
"044004","2","0.758","-0.206","-0.534"
"044005","1","-0.626","0.530","-0.296"
"044008","2","0.702","-0.201","-0.593"
"044022","1","-0.452","1.256","-1.037"
"044023","2","0.402","-0.191","-0.705"
"044037","2","-0.065","-0.164","-0.742"
"044038","1","-0.034","-0.098","-0.366"
"044048","1","0.820","-3.616","0.354"
"044053","2","-0.596","-0.081","-0.135"
"044054","1","0.432","-5.212","-1.165"
"044057","2","-0.629","-0.023","-0.172"
"044058","1","0.091","-6.383","-1.601"
"044064","2","-0.523","0.021","-0.413"
"044064","1","0.236","-6.477","-1.336"
"044068","1","0.533","-4.858","-1.632"
"044069","2","-0.382","-0.001","-0.694"
"044073","2","-0.262","-0.076","-0.913"
"044073","1","0.865","-2.637","-1.649"
"044082","1","1.391","-0.163","-0.671"
"044085","2","-0.297","-0.169","-1.042"
"044088","2","-0.552","-0.138","-1.007"
"044088","1","1.184","0.309","-1.198"
"044093","2","-0.875","-0.071","-1.017"
"044095","1","0.803","0.617","-1.786"
"044097","2","-1.180","0.009","-1.102"
"044098","1","0.453","0.836","-1.823"
"044102","2","-1.472","0.073","-1.205"
"044103","1","0.213","0.678","-1.218"
"044110","1","-0.010","0.037","-0.623"
"044113","1","-0.292","-0.732","-0.492"
"044113","2","-2.128","0.126","-1.208"
"044118","1","-0.545","-1.361","-0.483"
"044120","2","-2.421","0.121","-1.160"
"044123","1","-0.725","-1.827","-0.424"
"044123","2","-2.682","0.111","-1.113"
"044128","2","-2.954","0.114","-1.072"
"044128","1","-0.931","-2.114","-0.412"
"044133","1","-1.072","-2.176","-0.269"
"044138","2","-3.647","0.179","-0.981"
"044139","1","-1.170","-2.106","-0.008"
"044143","2","-4.105","0.231","-0.894"
"044143","1","-1.332","-2.007","0.170"
"044148","2","-4.652","0.316","-0.811"
"044148","1","-1.458","-1.893","0.367"
"044153","2","-5.260","0.440","-0.741"
"044154","1","-1.512","-1.755","0.868"
"044158","2","-5.931","0.602","-0.700"
"044159","1","-1.431","-1.507","1.343"
"044165","1","-1.211","-1.304","1.570"
"044168","2","-7.283","0.969","-0.718"
"044169","1","-0.981","-1.357","1.302"
"044173","1","-0.924","-1.802","0.565"
"044174","2","-7.835","1.162","-0.757"
"044178","2","-8.279","1.331","-0.804"
"044179","1","-0.872","-2.274","0.032"
"044183","2","-8.581","1.475","-0.865"
"044184","1","-0.950","-2.618","-0.334"
"044188","2","-8.667","1.570","-0.923"
"044193","1","-1.167","-3.317","-0.618"
"044194","2","-8.696","1.617","-0.898"
"044198","2","-8.678","1.655","-0.864"
"044199","1","-1.135","-3.282","-0.691"
"044204","1","-0.789","-3.388","0.101"
"044204","2","-8.554","1.693","-0.792"
"044209","1","-0.318","-3.502","0.565"
"044209","2","-8.508","1.753","-0.626"
"044214","1","0.011","-3.576","0.593"
"044214","2","-8.543","1.830","-0.430"
"044220","1","0.341","-3.620","0.249"
"044224","2","-8.516","1.975","-0.148"
"044224","1","0.742","-3.374","-0.047"
"044230","2","-8.457","2.038","-0.108"
"044231","1","1.109","-2.979","-0.200"
"044234","2","-8.428","2.094","-0.107"
"044234","1","1.371","-2.524","-0.334"
"044239","1","1.363","-2.066","-0.266"
"044240","2","-8.430","2.163","-0.134"
"044244","2","-8.488","2.272","-0.173"
"044249","2","-8.491","2.420","-0.220"
"044250","1","0.574","-1.346","-0.315"
"044254","1","-0.038","-1.478","-0.887"
"044255","2","-8.318","2.549","-0.285"
"044259","2","-7.925","2.600","-0.416"
"044260","1","-0.821","-1.859","-1.490"
"044265","1","-1.373","-2.303","-1.553"
"044266","2","-7.180","2.531","-0.631"
"044269","2","-6.067","2.352","-0.816"
"044270","1","-1.564","-2.973","-0.734"
"044280","1","-1.360","-3.724","-1.318"
"044282","2","-3.125","1.602","-0.798"
"044285","2","-1.418","1.134","-0.539"
"044286","1","-0.776","-3.042","-1.977"
"044289","2","0.115","0.801","-0.151"
"044292","1","-0.287","-2.188","-1.499"
"044294","2","1.286","0.661","0.102"
"044295","1","0.119","-1.135","-0.082"
"044300","2","2.101","0.596","0.171"
"044300","1","0.488","0.170","1.565"
"044305","1","0.569","1.685","2.707"
"044313","2","2.711","0.370","-0.167"
"044315","1","0.621","4.635","3.239"
"044316","2","2.689","0.196","-0.167"
"044320","2","2.570","0.025","-0.298"
"044320","1","1.003","5.869","3.280"
"044324","2","2.421","-0.110","-0.334"
"044325","1","1.204","6.568","3.173"
"044330","2","2.344","-0.246","-0.318"
"044330","1","1.042","6.389","2.830"
"044337","1","0.724","5.439","2.293"
"044341","2","2.759","-0.525","-0.232"
"044341","1","0.487","4.090","2.173"
"044345","2","3.414","-0.685","-0.182"
"044346","1","0.347","2.602","2.468"
"044350","2","4.443","-0.880","-0.130"
"044351","1","0.254","0.965","2.744"
"044355","2","5.775","-1.105","-0.056"
"044356","1","0.304","-0.422","2.540"
"044360","2","7.230","-1.328","0.097"
"044365","2","8.666","-1.536","0.271"
"044366","1","0.447","-1.254","1.286"
"044370","2","9.857","-1.744","0.367"
"044371","1","0.476","-0.583","1.179"
"044375","2","10.708","-1.967","0.377"
"044376","1","0.619","0.860","1.460"
"044381","2","11.051","-2.129","0.383"
"044381","1","0.790","2.543","2.300"
"044385","2","10.962","-2.213","0.370"
"044386","1","0.962","4.393","2.955"
"044391","1","1.179","5.838","3.113"
"044396","1","1.307","6.317","2.750"
"044396","2","9.962","-2.127","0.527"
"044401","2","9.184","-1.954","0.665"
"044401","1","1.378","6.265","2.234"
"044406","1","1.402","5.271","1.878"
"044406","2","8.490","-1.711","0.800"
"044411","2","7.807","-1.389","0.953"
"044411","1","0.977","2.785","2.753"
"044416","1","0.194","0.412","3.570"
"044421","2","6.307","-0.988","1.065"
"044422","1","-0.789","-1.088","3.464"
"044426","1","-1.377","-1.350","3.150"
"044427","2","5.614","-1.040","0.827"
"044431","1","-1.043","0.206","2.882"
"044432","2","4.916","-1.156","0.404"
"044436","2","4.299","-1.203","0.157"
"044436","1","-0.277","1.938","2.134"
"044441","1","0.241","2.586","1.371"
"044442","2","3.619","-1.112","0.125"
"044447","1","0.420","2.386","0.785"
"044451","1","0.340","1.951","0.400"
"044452","2","2.069","-0.746","0.245"
"044457","2","1.355","-0.522","0.220"
"044457","1","0.134","1.470","0.331"
"044462","2","0.700","-0.299","0.097"
"044462","1","-0.002","0.955","0.537"
"044466","1","-0.007","0.316","0.612"
"044467","2","0.150","-0.147","-0.058"
"044472","2","-0.262","-0.072","-0.188"
"044476","1","0.176","-1.815","-0.394"
"044477","2","-0.523","-0.034","-0.269"
"044482","1","0.091","-2.951","-1.036"
"044482","2","-0.631","0.014","-0.316"
"044487","1","-0.256","-3.938","-1.483"
"044487","2","-0.639","0.073","-0.332"
"044492","1","-0.748","-4.680","-1.824"
"044492","2","-0.624","0.107","-0.332"
"044497","1","-1.240","-5.070","-2.047"
"044497","2","-0.641","0.116","-0.318"
"044502","2","-0.742","0.126","-0.270"
"044506","2","-0.965","0.165","-0.221"
"044507","1","-1.994","-4.964","-1.575"
"044512","1","-2.172","-4.469","-0.843"
"044512","2","-1.313","0.229","-0.228"
"044516","2","-1.776","0.317","-0.271"
"044517","1","-2.205","-3.733","-0.098"
"044522","1","-2.093","-2.830","0.454"
"044522","2","-2.325","0.407","-0.310"
"044527","1","-1.911","-1.894","0.699"
"044532","1","-1.714","-1.032","0.836"
"044533","2","-3.441","0.570","-0.417"
"044537","2","-3.935","0.641","-0.491"
"044538","1","-1.458","-0.375","0.908"
"044542","1","-1.213","0.193","0.773"
"044542","2","-4.445","0.728","-0.492"
"044547","2","-4.911","0.826","-0.431"
"044548","1","-1.135","0.485","0.738"
"044552","2","-5.355","0.912","-0.355"
"044553","1","-1.111","0.226","0.807"
"044559","1","-1.136","-0.394","0.811"
"044563","1","-1.202","-0.878","0.753"
"044563","2","-6.265","1.026","-0.175"
"044567","1","-1.223","-0.904","0.624"
"044568","2","-6.749","1.071","-0.141"
"044573","1","-1.313","-0.874","0.523"
"044574","2","-7.154","1.136","-0.151"
"044578","2","-7.550","1.229","-0.174"
"044579","1","-1.430","-0.965","0.518"
"044582","1","-1.347","-0.791","0.529"
"044588","2","-8.391","1.492","-0.253"
"044588","1","-1.125","-0.502","0.543"
"044593","1","-0.863","-0.396","0.554"
"044593","2","-8.771","1.582","-0.279"
"044598","2","-9.156","1.645","-0.281"
"044599","1","-0.591","-0.346","0.533"
"044603","1","-0.344","-0.166","0.345"
"044603","2","-9.508","1.712","-0.283"
"044608","1","-0.033","0.221","0.183"
"044608","2","-9.798","1.801","-0.277"
"044613","2","-10.051","1.911","-0.196"
"044619","2","-10.316","2.041","-0.101"
"044619","1","-0.003","0.475","-0.108"
"044623","2","-10.539","2.166","-0.088"
"044624","1","-0.352","0.451","-0.395"
"044628","1","-0.688","0.337","-0.733"
"044629","2","-10.619","2.214","-0.143"
"044633","1","-0.822","0.128","-1.106"
"044633","2","-10.606","2.221","-0.221"
"044638","2","-10.479","2.145","-0.211"
"044643","1","-0.589","-0.259","-1.618"
"044644","2","-10.279","2.045","-0.111"
"044648","1","-0.403","-0.702","-1.728"
"044649","2","-9.998","1.944","0.052"
"044653","1","-0.511","-1.533","-1.748"
"044654","2","-9.626","1.860","0.190"
"044659","2","-9.201","1.738","0.245"
"044659","1","-0.604","-2.342","-1.755"
"044663","2","-8.709","1.627","0.254"
"044664","1","-0.495","-2.819","-1.568"
"044669","1","-0.371","-2.962","-1.202"
"044674","1","-0.290","-2.988","-0.713"
"044675","2","-7.656","1.436","0.244"
"044679","2","-7.132","1.321","0.256"
"044679","1","-0.217","-2.918","-0.133"
"044684","1","-0.102","-2.513","0.128"
"044684","2","-6.600","1.175","0.258"
"044688","1","-0.035","-2.374","0.501"
"044689","2","-6.025","0.999","0.277"
"044694","2","-5.498","0.812","0.301"
"044699","2","-4.984","0.629","0.313"
"044700","1","0.216","-1.959","0.617"
"044704","2","-4.471","0.503","0.336"
"044705","1","0.246","-1.864","0.554"
"044709","2","-3.959","0.383","0.326"
"044710","1","0.109","-1.877","0.435"
"044714","2","-3.466","0.231","0.280"
"044715","1","0.089","-1.514","0.600"
"044719","2","-2.966","0.085","0.213"
"044720","1","0.231","-1.018","0.768"
"044725","1","0.439","-0.844","0.500"
"044730","2","-1.874","-0.112","0.142"
"044730","1","0.547","-0.987","0.406"
"044734","2","-1.301","-0.232","0.105"
"044735","1","0.542","-1.038","0.562"
"044739","2","-0.643","-0.357","0.044"
"044740","1","0.664","-0.851","0.378"
"044744","2","0.056","-0.472","0.001"
"044745","1","0.861","-0.614","0.279"
"044749","2","0.741","-0.591","-0.027"
"044754","2","1.406","-0.677","-0.060"
"044755","1","1.122","0.126","0.730"
"044759","2","2.076","-0.748","-0.127"
"044760","1","1.299","0.533","0.984"
"044764","2","2.750","-0.818","-0.186"
"044765","1","1.584","0.882","1.411"
"044769","2","3.447","-0.904","-0.201"
"044770","1","1.931","1.265","1.594"
"044775","1","2.121","1.625","1.613"
"044775","2","4.195","-1.014","-0.216"
"044782","1","2.149","1.981","1.601"
"044785","2","5.816","-1.225","-0.215"
"044786","1","2.033","2.166","1.344"
"044790","2","6.566","-1.340","-0.157"
"044791","1","1.727","2.246","0.903"
"044795","2","7.263","-1.479","-0.117"
"044796","1","1.387","2.296","0.688"
"044800","2","7.909","-1.599","-0.092"
"044801","1","1.387","2.360","0.740"
"044805","2","8.524","-1.702","-0.072"
"044810","2","9.173","-1.790","-0.089"
"044811","1","1.672","2.516","0.811"
"044815","2","9.919","-1.889","-0.128"
"044816","1","1.666","2.408","0.678"
"044820","2","10.766","-1.957","-0.202"
"044821","1","1.365","1.869","-0.067"
"044825","2","11.673","-2.013","-0.319"
"044826","1","0.988","1.062","-1.137"
"044830","2","12.611","-2.103","-0.391"
"044831","1","0.795","0.621","-2.221"
"044837","1","0.859","0.684","-2.934"
"044840","2","14.344","-2.379","-0.040"
"044841","1","0.690","0.364","-4.157"
"044846","2","15.098","-2.491","0.049"
"044846","1","0.143","0.364","-4.157"
"044851","2","15.689","-2.520","0.012"
"044852","1","-0.403","0.142","-4.785"
"044856","2","16.131","-2.457","-0.071"
"044856","1","-0.832","0.325","-5.242"
"044862","2","16.317","-2.306","-0.147"
"044866","2","16.119","-2.111","-0.151"
"044867","1","-1.747","0.966","-3.373"
"044871","2","15.545","-1.997","-0.130"
"044871","1","-2.424","1.820","-1.761"
"044876","2","14.543","-1.982","-0.054"
"044877","1","-3.016","2.739","-0.554"
"044881","2","13.106","-1.985","0.065"
"044882","1","-3.331","3.607","0.763"
"044886","2","11.378","-1.958","0.197"
"044887","1","-3.167","4.805","2.405"
"044893","1","-2.469","6.131","3.983"
"044898","2","7.338","-1.839","0.543"
"044898","1","-1.803","6.888","5.116"
"044904","1","-1.414","7.162","5.171"
"044905","2","5.098","-1.676","0.548"
"044912","1","-0.926","6.062","3.654"
"044913","2","1.016","-1.056","0.049"
"044914","1","-0.210","6.062","3.654"
"044916","2","-0.529","-0.640","-0.202"
"044917","1","0.539","4.773","3.115"
"044923","1","0.781","3.423","2.222"
"044926","2","-2.275","-0.005","-0.445"
"044927","1","0.528","2.384","1.720"
"044931","1","0.269","1.756","1.465"
"044932","2","-2.666","0.130","-0.464"
"044936","2","-2.919","0.187","-0.347"
"044937","1","0.022","0.875","1.286"
"044941","1","-0.313","-0.488","1.026"
"044942","2","-3.126","0.221","-0.172"
"044946","2","-3.261","0.256","-0.033"
"044951","2","-3.321","0.290","0.034"
"044952","1","-0.636","-3.199","0.632"
"044957","2","-3.338","0.312","0.065"
"044957","1","-0.496","-4.163","0.491"
"044962","2","-3.366","0.349","0.127"
"044962","1","-0.124","-4.816","0.756"
"044967","2","-3.486","0.431","0.228"
"044967","1","0.304","-5.200","1.191"
"044972","1","0.625","-5.137","1.553"
"044972","2","-3.721","0.567","0.352"
"044979","2","-4.090","0.721","0.492"
"044982","1","0.627","-3.932","2.810"
"044983","2","-4.637","0.876","0.612"
"044987","2","-5.336","1.028","0.655"
"044988","1","0.279","-3.155","3.276"
"044992","2","-6.114","1.167","0.616"
"044993","1","-0.085","-2.367","3.096"
"044997","2","-6.857","1.295","0.540"
"044998","1","-0.368","-1.851","2.608"
"045004","2","-7.624","1.408","0.474"
"045013","2","-8.329","1.529","0.379"
"045014","1","-0.289","-1.362","1.673"
"045015","2","-8.830","1.640","0.379"
"045019","2","-9.234","1.733","0.345"
"045019","1","-0.146","-1.221","1.396"
"045023","2","-9.504","1.823","0.322"
"045023","1","0.065","-0.901","1.053"
"045027","2","-9.689","1.893","0.371"
"045028","1","0.286","-0.601","0.924"
"045033","1","0.304","-0.549","0.865"
"045037","2","-10.121","1.963","0.543"
"045038","1","0.026","-0.533","0.850"
"045043","1","-0.270","-0.375","0.834"
"045044","2","-10.309","1.975","0.501"
"045048","2","-10.476","1.987","0.423"
"045048","1","-0.385","0.092","1.076"
"045053","1","-0.392","0.679","0.946"
"045053","2","-10.688","2.030","0.390"
"045058","1","-0.265","1.466","0.522"
"045058","2","-10.891","2.099","0.434"
"045063","1","-0.081","2.054","0.615"
"045068","2","-11.407","2.189","0.699"
"045068","1","0.042","2.315","0.184"
"045073","1","0.244","2.616","0.364"
"045073","2","-11.666","2.192","0.837"
"045078","2","-12.004","2.201","0.932"
"045079","1","0.313","2.382","0.446"
"045083","1","0.540","2.510","0.598"
"045083","2","-12.356","2.206","0.994"
"045088","2","-12.695","2.245","1.031"
"045094","1","0.747","3.002","0.272"
"045095","2","-13.008","2.297","1.030"
"045098","2","-13.296","2.351","0.972"
"045099","1","0.606","3.009","0.579"
"045103","1","0.552","3.220","0.277"
"045104","2","-13.469","2.425","0.852"
"045108","2","-13.482","2.501","0.683"
"045109","1","0.516","3.183","-0.181"
"045113","2","-13.327","2.563","0.472"
"045114","1","0.341","2.904","-0.631"
"045120","1","0.057","2.583","-0.565"
"045124","2","-12.409","2.423","0.120"
"045125","1","-0.173","2.354","-0.216"
"045129","1","-0.502","2.018","-0.284"
"045130","2","-11.571","2.154","0.037"
"045134","2","-10.481","1.771","-0.002"
"045134","1","-0.867","1.566","-0.595"
"045139","2","-9.194","1.346","-0.027"
"045139","1","-0.998","0.653","-0.871"
"045144","1","-0.953","-0.113","-1.339"
"045149","2","-6.136","0.581","0.045"
"045150","1","-0.931","-0.839","-1.984"
"045154","2","-4.589","0.218","0.139"
"045154","1","-0.652","-1.155","-2.371"
"045159","2","-3.021","-0.038","0.242"
"045159","1","-0.436","-1.469","-3.322"
"045164","2","-1.582","-0.325","0.298"
"045164","1","-0.185","-2.253","-2.823"
"045169","2","-0.281","-0.595","0.293"
"045170","1","0.063","-2.726","-2.571"
"045174","1","0.252","-3.150","-2.636"
"045180","1","0.451","-3.402","-2.742"
"045180","2","1.791","-0.899","0.240"
"045184","1","0.521","-3.282","-2.869"
"045185","2","2.600","-0.944","0.236"
"045189","1","0.349","-3.290","-2.462"
"045190","2","3.300","-0.947","0.197"
"045194","1","0.030","-3.375","-2.110"
"045195","2","3.906","-0.915","0.075"
"045199","2","4.460","-0.825","-0.072"
"045205","2","4.947","-0.695","-0.216"
"045206","1","-0.138","-2.889","-1.141"
"045209","2","5.385","-0.584","-0.378"
"045210","1","-0.380","-1.823","-0.448"
"045214","2","5.724","-0.535","-0.518"
"045215","1","-0.642","-0.450","0.568"
"045219","2","5.921","-0.552","-0.572"
"045220","1","-0.655","1.060","1.728"
"045224","2","6.046","-0.609","-0.561"
"045225","1","-0.566","2.586","2.063"
"045230","1","-0.572","3.452","1.767"
"045235","2","6.227","-0.723","-0.599"
"045235","1","-0.536","3.598","1.507"
"045242","2","6.307","-0.758","-0.636"
"045242","1","-0.370","3.565","1.542"
"045246","2","6.488","-0.793","-0.661"
"045246","1","-0.128","3.501","1.141"
"045251","1","0.084","2.716","-0.163"
"045256","2","7.216","-0.827","-0.757"
"045257","1","0.058","1.172","-1.561"
"045260","1","-0.444","-0.378","-2.407"
"045265","1","-0.718","-1.295","-2.551"
"045266","2","8.650","-0.818","-1.178"
"045270","2","9.757","-0.901","-1.281"
"045271","1","-0.642","-1.313","-2.448"
"045275","1","-0.746","-1.488","-2.508"
"045276","2","11.104","-1.118","-1.273"
"045280","2","12.660","-1.431","-1.092"
"045281","1","-0.328","-1.735","-2.496"
"045285","1","0.240","-2.222","-2.410"
"045291","2","16.090","-1.922","-0.629"
"045291","1","0.242","-3.305","-2.402"
"045295","2","17.443","-2.037","-0.514"
"045295","1","0.177","-3.790","-3.715"
"045300","1","0.397","-3.205","-4.792"
"045301","2","17.443","-2.168","-0.374"
"045305","1","0.721","-2.480","-6.187"
"045306","2","17.422","-2.310","-0.241"
"045311","1","0.899","-0.844","-7.188"
"045311","2","17.441","-2.375","-0.193"
"045317","2","17.443","-2.387","-0.186"
"045317","1","1.282","4.836","-7.780"
"045321","1","1.396","7.802","-6.021"
"045321","2","17.443","-2.389","-0.183"
"045326","1","1.264","10.294","-1.778"
"045326","2","17.443","-2.448","-0.113"
"045330","2","17.443","-2.577","0.107"
"045331","1","0.785","10.916","3.038"
"045336","2","16.699","-2.729","0.459"
"045336","1","0.383","10.369","5.755"
"045341","1","0.107","9.208","6.729"
"045346","2","11.261","-2.694","1.060"
"045347","1","-0.080","7.108","7.118"
"045351","2","8.661","-2.341","0.987"
"045352","1","0.053","4.962","6.432"
"045356","2","6.269","-1.783","0.709"
"045357","1","0.512","3.584","6.102"
"045361","2","4.117","-1.150","0.446"
"045362","1","0.825","2.916","6.412"
"045366","2","2.236","-0.559","0.319"
"045371","1","0.665","2.294","5.952"
"045372","2","0.814","-0.140","0.390"
"045377","2","-0.152","0.132","0.581"
"045378","1","-0.287","1.081","5.318"
"045382","2","-0.787","0.285","0.688"
"045383","1","-1.082","0.518","4.153"
"045388","2","-1.173","0.383","0.663"
"045388","1","-1.734","0.686","2.620"
"045392","2","-1.348","0.454","0.534"
"045393","1","-2.223","1.158","1.454"
"045401","2","-1.385","0.472","0.180"
"045403","1","-2.539","2.048","0.213"
"045406","1","-2.391","2.394","-0.345"
"045407","2","-1.391","0.436","0.077"
"045410","2","-1.410","0.369","0.036"
"045412","1","-2.258","2.626","-0.969"
"045416","1","-2.043","2.610","-1.579"
"045416","2","-1.427","0.289","0.006"
"045421","1","-1.669","2.329","-1.906"
"045421","2","-1.449","0.210","-0.024"
"045427","2","-1.471","0.136","-0.035"
"045431","1","-0.946","0.792","-2.066"
"045432","2","-1.516","0.075","-0.039"
"045436","2","-1.599","0.033","-0.024"
"045437","1","-0.561","-0.012","-1.984"
"045441","1","-0.299","-0.565","-1.743"
"045442","2","-1.726","0.001","0.007"
"045446","1","-0.067","-0.757","-1.222"
"045446","2","-1.904","0.000","0.037"
"045451","2","-2.148","0.027","0.084"
"045456","1","0.298","-0.498","-0.007"
"045457","2","-2.488","0.076","0.136"
"045461","2","-2.943","0.159","0.183"
"045462","1","0.386","-0.224","0.683"
"045466","2","-3.524","0.271","0.255"
"045466","1","0.519","0.307","1.387"
"045472","2","-4.202","0.402","0.391"
"045473","1","0.491","0.765","1.924"
"045476","2","-4.985","0.533","0.519"
"045477","1","0.345","1.189","2.354"
"045484","1","0.266","1.759","2.557"
"045487","2","-6.820","0.770","0.580"
"045488","1","0.216","2.209","2.653"
"045491","2","-7.852","0.891","0.582"
"045492","1","0.226","2.541","2.721"
"045496","2","-8.882","1.041","0.646"
"045497","1","0.107","2.267","2.627"
"045501","2","-9.979","1.209","0.747"
"045502","1","-0.011","2.015","2.469"
"045506","2","-11.083","1.418","0.837"
"045513","1","-0.424","3.327","1.863"
"045513","2","-11.957","1.591","0.789"
"045517","2","-12.676","1.749","0.628"
"045517","1","-0.379","3.611","1.916"
"045522","2","-13.350","1.922","0.533"
"045522","1","-0.204","3.495","1.267"
"045527","2","-13.920","2.092","0.568"
"045527","1","0.099","3.373","0.696"
"045532","2","-14.376","2.193","0.705"
"045533","1","0.236","3.291","-0.187"
"045539","1","0.314","3.428","-0.760"
"045543","2","-14.915","2.167","0.999"
"045544","1","0.156","3.163","-2.352"
"045547","2","-15.007","2.153","1.106"
"045548","1","-0.013","2.602","-3.236"
"045552","2","-14.997","2.141","1.147"
"045553","1","-0.295","2.269","-4.243"
"045557","2","-14.847","2.150","1.120"
"045558","1","-0.572","2.003","-4.446"
"045562","2","-14.607","2.148","1.061"
"045568","1","-1.183","1.295","-3.903"
"045569","2","-14.307","2.128","0.952"
"045573","2","-13.952","2.097","0.834"
"045573","1","-1.273","1.003","-3.292"
"045577","1","-1.369","0.909","-2.881"
"045578","2","-13.565","2.050","0.731"
"045583","1","-1.562","1.965","-3.535"
"045583","2","-13.057","2.001","0.636"
"045588","2","-12.185","1.869","0.487"
"045588","1","-1.264","2.642","-4.988"
"045595","1","-0.391","0.391","-5.082"
"045598","2","-10.232","1.138","0.442"
"045599","1","0.351","-1.961","-4.730"
"045603","2","-9.139","0.702","0.548"
"045603","1","0.460","-3.172","-4.743"
"045608","1","0.199","-4.534","-4.279"
"045608","2","-7.752","0.339","0.474"
"045613","1","-0.092","-5.665","-3.736"
"045613","2","-6.265","0.119","0.247"
"045618","2","-4.663","0.097","0.030"
"045623","2","-3.050","0.173","-0.083"
"045624","1","-0.438","-6.803","-1.691"
"045628","1","-0.720","-6.554","-0.603"
"045629","2","-1.509","0.242","-0.126"
"045633","2","0.014","0.236","-0.136"
"045634","1","-1.163","-6.100","0.628"
"045638","1","-1.530","-5.241","1.650"
"045639","2","1.444","0.138","-0.133"
"045643","2","2.738","0.035","-0.100"
"045644","1","-1.767","-4.045","2.070"
"045651","2","3.893","-0.040","-0.073"
"045654","2","4.909","-0.138","-0.074"
"045655","1","-1.452","-2.381","1.463"
"045658","1","-1.010","-2.071","0.827"
"045659","2","5.815","-0.285","-0.098"
"045663","2","6.670","-0.472","-0.175"
"045664","1","-0.536","-1.700","0.209"
"045668","2","7.551","-0.648","-0.302"
"045668","1","-0.041","-1.079","-0.141"
"045673","1","0.300","-0.414","-0.165"
"045679","2","9.512","-0.916","-0.601"
"045679","1","0.392","-0.058","-0.056"
"045684","1","0.339","0.207","0.249"
"045684","2","10.584","-1.024","-0.770"
"045689","1","0.305","0.579","0.678"
"045689","2","11.768","-1.164","-0.922"
"045694","1","0.425","0.851","1.036"
"045699","2","13.098","-1.373","-1.017"
"045700","1","0.821","0.721","1.017"
"045709","2","16.085","-1.974","-0.927"
"045713","1","1.948","-0.209","-0.302"
"045713","2","17.428","-2.211","-0.811"
"045714","2","17.443","-2.340","-0.670"
"045714","1","2.481","-0.690","-1.188"
"045719","1","3.149","-0.393","-2.833"
"045719","2","17.423","-2.532","-0.424"
"045724","2","17.441","-2.776","-0.097"
"045725","1","3.154","0.357","-4.881"
"045729","1","2.507","1.519","-7.511"
"045730","2","17.443","-2.993","0.036"
"045735","1","1.629","3.155","-10.524"
"045740","1","0.866","5.561","-12.305"
"045741","2","17.443","-3.103","-0.462"
"045744","2","17.443","-3.019","-0.870"
"045745","1","0.237","8.544","-12.028"
"045749","1","-0.319","11.114","-8.871"
"045750","2","17.443","-2.824","-1.148"
"045754","2","17.443","-2.690","-1.192"
"045755","1","-1.087","13.300","-2.628"
"045759","1","-1.995","15.171","4.216"
"045765","2","13.957","-2.899","-0.437"
"045765","1","-2.267","16.572","7.684"
"045770","2","10.822","-2.932","0.025"
"045770","1","-1.563","16.587","7.768"
"045775","2","7.650","-2.726","0.343"
"045775","1","-0.286","14.908","7.743"
"045780","1","1.346","12.825","8.592"
"045780","2","4.304","-2.212","0.454"
"045785","2","1.088","-1.411","0.396"
"045785","1","3.043","10.713","8.928"
"045792","2","-1.729","-0.415","0.252"
"045795","2","-3.726","0.508","0.085"
"045796","1","3.894","6.890","7.080"
"045800","1","3.259","5.371","6.181"
"045800","2","-4.922","1.188","-0.021"
"045805","2","-5.503","1.569","-0.092"
"045806","1","2.392","4.025","4.903"
"045811","1","1.456","2.648","3.494"
"045812","2","-5.575","1.691","-0.151"
"045816","2","-5.282","1.668","-0.171"
"045821","2","-4.745","1.611","-0.123"
"045822","1","-0.057","-0.458","0.821"
"045825","2","-4.090","1.555","-0.045"
"045826","1","-0.802","-1.510","-0.876"
"045830","1","-1.709","-1.911","-2.206"
"045831","2","-3.337","1.464","-0.012"
"045835","2","-2.501","1.292","-0.060"
"045836","1","-2.692","-2.088","-2.671"
"045840","1","-3.504","-2.224","-2.433"
"045841","2","-1.690","1.033","-0.147"
"045846","1","-4.048","-2.049","-1.981"
"045851","1","-4.389","-1.489","-1.503"
"045852","2","-0.571","0.367","-0.214"
"045855","1","-4.436","-0.684","-1.036"
"045856","2","-0.330","0.025","-0.166"
"045861","1","-4.112","0.184","-0.520"
"045861","2","-0.310","-0.278","-0.086"
"045865","2","-0.519","-0.497","0.051"
"045866","1","-3.460","0.743","0.358"
"045871","1","-2.586","0.954","1.527"
"045877","1","-1.727","1.241","2.572"
"045877","2","-1.756","-0.586","0.525"
"045881","2","-2.706","-0.483","0.799"
"045881","1","-0.965","1.798","3.321"
"045886","1","-0.278","2.509","3.807"
"045886","2","-3.828","-0.295","1.044"
"045891","1","0.212","3.168","3.961"
"045891","2","-5.033","-0.057","1.233"
"045896","2","-6.277","0.207","1.384"
"045896","1","0.529","3.409","3.853"
"045902","1","0.716","3.427","3.530"
"045907","1","0.809","3.546","2.736"
"045907","2","-8.933","0.806","1.554"
"045911","2","-10.094","1.108","1.554"
"045912","1","0.825","3.545","1.745"
"045916","1","0.739","3.295","0.985"
"045916","2","-11.148","1.394","1.540"
"045921","1","0.556","2.854","0.521"
"045923","2","-12.081","1.666","1.513"
"045926","2","-12.855","1.898","1.442"
"045932","2","-13.522","2.102","1.391"
"045933","1","0.022","1.879","0.346"
"045936","1","-0.465","1.704","0.324"
"045937","2","-14.028","2.241","1.291"
"045941","1","-0.995","1.691","0.417"
"045942","2","-14.356","2.328","1.136"
"045946","1","-1.373","1.796","0.534"
"045947","2","-14.559","2.371","0.967"
"045951","2","-14.645","2.395","0.858"
"045952","1","-1.502","2.160","0.747"
"045956","2","-14.604","2.383","0.863"
"045962","2","-14.484","2.324","0.916"
"045963","1","-1.514","2.720","1.265"
"045967","2","-14.282","2.196","0.973"
"045967","1","-1.367","2.414","1.701"
"045972","1","-1.071","2.008","1.848"
"045972","2","-14.073","2.077","1.035"
"045977","1","-0.797","1.775","1.786"
"045977","2","-13.766","1.969","1.093"
"045982","2","-13.393","1.890","1.124"
"045987","2","-12.920","1.817","1.164"
"045988","1","-0.473","1.670","1.402"
"045992","2","-12.399","1.766","1.174"
"045993","1","-0.401","1.511","0.907"
"045997","1","-0.286","1.230","0.506"
"045997","2","-11.784","1.680","1.150"
"046002","1","-0.239","0.709","-0.019"
"046002","2","-11.126","1.583","1.079"
"046007","2","-10.409","1.486","0.998"
"046008","1","-0.235","0.047","-0.482"
"046014","1","-0.253","-0.851","-0.735"
"046018","2","-8.785","1.267","0.785"
"046019","1","-0.281","-1.849","-0.810"
"046022","2","-7.864","1.133","0.648"
"046023","1","-0.356","-2.849","-0.983"
"046027","1","-0.448","-3.851","-1.178"
"046028","2","-6.817","1.025","0.532"
"046034","2","-5.691","0.940","0.424"
"046034","1","-0.594","-4.847","-1.242"
"046038","2","-4.428","0.855","0.328"
"046043","1","-1.284","-6.567","-0.969"
"046043","2","-3.131","0.759","0.235"
"046048","2","-1.747","0.647","0.131"
"046049","1","-1.726","-6.751","-0.778"
"046052","1","-2.183","-6.532","-0.266"
"046053","2","-0.297","0.461","-0.005"
"046057","1","-2.433","-6.192","0.181"
"046058","2","1.130","0.204","-0.145"
"046063","2","2.456","-0.022","-0.190"
"046063","1","-2.308","-5.862","0.002"
"046070","2","3.691","-0.173","-0.205"
"046074","2","4.906","-0.328","-0.341"
"046074","1","-2.155","-6.177","-1.390"
"046078","2","6.243","-0.535","-0.639"
"046079","1","-2.422","-5.884","-1.638"
"046083","1","-2.790","-5.278","-1.344"
"046083","2","7.722","-0.806","-1.055"
"046088","2","9.268","-1.112","-1.411"
"046089","1","-2.982","-4.514","-0.481"
"046093","1","-2.749","-3.650","0.578"
"046099","1","-2.140","-2.902","1.101"
"046100","2","12.379","-1.685","-1.279"
"046103","1","-1.400","-2.258","0.684"
"046104","2","13.887","-1.911","-0.921"
"046108","2","15.306","-2.069","-0.606"
"046108","1","-0.683","-1.534","-0.338"
"046113","1","0.037","-0.660","-1.029"
"046114","2","16.714","-2.207","-0.474"
"046118","2","17.443","-2.313","-0.521"
"046118","1","0.788","0.110","-1.077"
"046124","1","1.436","0.768","-1.843"
"046129","2","17.427","-2.467","-0.882"
"046129","1","1.934","1.683","-4.080"
"046133","2","17.443","-2.581","-0.986"
"046134","1","2.341","3.502","-6.498"
"046138","2","17.443","-2.643","-1.013"
"046139","1","2.540","5.926","-7.840"
"046145","2","17.443","-2.561","-1.050"
"046145","1","2.419","8.139","-8.638"
"046154","2","17.443","-2.421","-1.085"
"046160","1","1.233","12.837","-8.477"
"046161","2","17.443","-2.493","-0.970"
"046162","1","0.222","15.487","-5.366"
"046168","2","17.410","-2.782","-0.751"
"046169","1","-0.854","17.143","2.947"
"046170","1","-1.664","17.766","2.947"
"046170","2","16.055","-3.120","-0.484"
"046175","1","-1.687","17.773","4.612"
"046176","2","13.036","-3.272","-0.233"
"046179","2","9.851","-3.115","-0.078"
"046185","1","0.494","16.264","7.093"
"046186","2","6.648","-2.619","-0.024"
"046189","1","2.288","14.953","8.310"
"046189","2","3.587","-1.897","-0.080"
"046194","2","0.946","-1.050","-0.207"
"046195","1","3.929","12.973","8.647"
"046199","1","4.840","10.280","8.370"
"046200","2","-1.192","-0.243","-0.317"
"046204","1","4.601","6.943","8.155"
"046205","2","-2.705","0.376","-0.433"
"046212","1","3.831","3.769","7.679"
"046215","2","-3.704","0.981","-0.369"
"046216","1","3.089","1.105","6.705"
"046219","1","2.237","-0.996","4.948"
"046220","2","-3.465","1.125","-0.225"
"046224","1","1.177","-2.059","2.895"
"046225","2","-3.033","1.192","-0.093"
"046230","1","-0.145","-2.242","1.838"
"046230","2","-2.498","1.175","-0.072"
"046235","1","-1.553","-1.901","1.782"
"046240","2","-1.504","0.837","-0.326"
"046241","1","-2.658","-1.072","2.209"
"046245","2","-1.231","0.549","-0.392"
"046246","1","-3.328","0.044","2.650"
"046250","1","-3.544","1.163","2.805"
"046250","2","-1.124","0.263","-0.342"
"046255","1","-3.403","1.956","2.757"
"046256","2","-1.132","0.034","-0.203"
"046260","1","-2.977","2.279","2.672"
"046261","2","-1.250","-0.110","-0.049"
"046265","1","-2.378","2.386","2.520"
"046271","2","-1.681","-0.148","0.101"
"046272","1","-1.699","2.611","2.254"
"046275","2","-1.980","-0.121","0.127"
"046276","1","-1.014","2.868","2.096"
"046280","2","-2.384","-0.085","0.198"
"046281","1","-0.395","2.979","2.208"
"046285","2","-2.922","-0.026","0.346"
"046286","1","0.142","2.925","2.530"
"046290","2","-3.607","0.069","0.572"
"046296","2","-4.387","0.199","0.808"
"046297","1","0.733","2.958","2.890"
"046301","2","-5.204","0.358","1.020"
"046301","1","0.812","3.269","2.871"
"046305","2","-6.081","0.533","1.192"
"046306","1","0.785","3.478","2.928"
"046311","2","-7.028","0.719","1.297"
"046311","1","0.694","3.267","3.112"
"046316","2","-8.034","0.926","1.366"
"046316","1","0.649","2.814","3.110"
"046321","1","0.678","2.326","2.827"
"046326","2","-9.956","1.357","1.416"
"046327","1","0.531","1.741","2.395"
"046331","2","-10.825","1.536","1.353"
"046331","1","0.333","1.333","2.059"
"046336","2","-11.571","1.677","1.212"
"046336","1","-0.005","0.936","1.748"
"046341","2","-12.199","1.751","1.034"
"046342","1","-0.314","0.577","1.685"
"046346","2","-12.753","1.833","0.918"
"046352","1","-0.571","1.191","1.805"
"046353","2","-13.138","1.916","0.860"
"046356","2","-13.390","1.984","0.863"
"046357","1","-0.726","1.661","2.044"
"046361","2","-13.528","2.038","0.860"
"046362","1","-1.054","1.721","2.085"
"046366","2","-13.556","2.041","0.882"
"046367","1","-1.366","1.719","2.171"
"046371","2","-13.499","2.028","0.915"
"046372","1","-1.576","1.753","2.106"
"046377","1","-1.686","1.995","1.389"
"046382","2","-12.933","1.916","0.993"
"046383","1","-1.738","1.545","1.052"
"046386","2","-12.581","1.841","1.026"
"046387","1","-1.710","0.959","0.817"
"046392","2","-12.253","1.768","1.048"
"046392","1","-1.770","0.405","0.953"
"046396","2","-11.917","1.691","1.040"
"046397","1","-1.867","-0.013","0.845"
"046402","2","-11.590","1.588","1.006"
"046407","2","-11.209","1.464","0.950"
"046408","1","-2.166","-0.770","0.502"
"046412","2","-10.768","1.332","0.897"
"046412","1","-2.160","-0.970","0.329"
"046417","2","-10.280","1.204","0.814"
"046417","1","-2.265","-1.489","0.146"
"046422","2","-9.763","1.080","0.703"
"046422","1","-2.327","-2.346","0.360"
"046427","2","-9.205","0.957","0.592"
"046427","1","-2.224","-3.193","1.005"
"046432","1","-1.980","-3.877","1.823"
"046438","2","-7.852","0.756","0.406"
"046439","1","-1.650","-4.223","2.735"
"046442","2","-7.000","0.689","0.359"
"046443","1","-1.312","-4.361","2.960"
"046447","2","-6.103","0.607","0.362"
"046448","1","-1.001","-4.823","3.382"
"046452","2","-5.134","0.525","0.401"
"046453","1","-0.942","-5.336","3.268"
"046457","2","-4.200","0.407","0.446"
"046463","2","-3.318","0.294","0.451"
"046464","1","-1.089","-5.904","3.387"
"046467","2","-2.483","0.195","0.445"
"046468","1","-1.116","-5.284","3.055"
"046472","2","-1.750","0.113","0.440"
"046473","1","-1.003","-4.676","2.875"
"046477","2","-1.053","0.056","0.383"
"046478","1","-0.894","-4.408","2.471"
"046483","2","-0.361","-0.010","0.261"
"046483","1","-0.638","-4.507","2.489"
"046490","1","-0.303","-4.719","3.011"
"046493","2","1.049","-0.196","0.021"
"046494","1","0.061","-5.100","3.463"
"046498","2","1.731","-0.242","-0.047"
"046499","1","0.410","-5.371","3.524"
"046503","2","2.455","-0.252","-0.117"
"046503","1","0.468","-5.325","3.112"
"046508","2","3.214","-0.254","-0.213"
"046508","1","0.317","-4.817","2.803"
"046513","2","3.915","-0.255","-0.299"
"046518","2","4.520","-0.268","-0.347"
"046519","1","-0.167","-3.873","3.505"
"046523","1","-0.398","-3.239","3.568"
"046523","2","5.059","-0.311","-0.371"
"046528","1","-0.653","-2.784","3.284"
"046528","2","5.556","-0.400","-0.415"
"046533","1","-0.936","-2.454","3.112"
"046533","2","6.041","-0.528","-0.512"
"046538","2","6.556","-0.682","-0.634"
"046539","1","-1.127","-1.975","2.926"
"046544","1","-1.126","-1.609","2.723"
"046550","2","7.651","-0.953","-0.783"
"046551","1","-0.992","-1.448","2.148"
"046553","2","8.282","-1.032","-0.870"
"046554","1","-1.021","-1.659","1.472"
"046558","2","9.020","-1.118","-1.030"
"046559","1","-1.108","-1.672","1.772"
"046563","2","9.843","-1.215","-1.159"
"046564","1","-0.925","-1.061","2.706"
"046568","1","-0.481","-0.546","3.403"
"046573","2","11.512","-1.356","-1.059"
"046574","1","0.080","-0.421","3.618"
"046578","2","12.382","-1.405","-0.938"
"046579","1","0.461","-0.789","3.204"
"046583","2","13.301","-1.473","-0.877"
"046584","1","0.713","-1.049","2.907"
"046588","2","14.224","-1.566","-0.839"
"046589","1","0.928","-0.871","2.881"
"046594","2","15.156","-1.700","-0.799"
"046596","1","0.932","-0.080","2.440"
"046606","1","0.814","0.299","1.524"
"046608","1","0.673","0.560","1.011"
"046609","2","17.100","-1.903","-0.629"
"046610","1","0.498","1.171","0.152"
"046614","2","17.443","-1.846","-0.578"
"046614","1","0.235","1.652","0.190"
"046618","1","-0.483","2.199","-2.317"
"046619","2","17.443","-1.722","-0.515"
"046624","2","17.437","-1.644","-0.415"
"046624","1","-0.916","2.564","-3.156"
"046629","1","-1.748","4.077","-2.820"
"046635","2","16.665","-1.845","-0.284"
"046635","1","-2.401","5.832","-1.567"
"046639","1","-3.141","6.607","0.781"
"046639","2","15.687","-2.104","-0.294"
"046644","1","-3.742","6.794","3.403"
"046645","2","14.234","-2.383","-0.302"
"046649","2","12.305","-2.580","-0.303"
"046650","1","-3.995","7.004","5.450"
"046654","2","10.117","-2.596","-0.303"
"046660","2","7.846","-2.355","-0.243"
"046661","1","-2.081","6.957","6.335"
"046665","2","5.580","-1.869","-0.071"
"046665","1","-0.652","6.360","6.663"
"046670","2","3.401","-1.240","0.172"
"046670","1","0.655","5.703","6.750"
"046675","2","1.428","-0.626","0.418"
"046675","1","1.467","4.785","6.374"
"046680","2","-0.295","-0.082","0.548"
"046680","1","1.865","4.027","5.851"
"046685","1","1.604","3.241","4.866"
"046691","1","1.142","2.835","4.165"
"046691","2","-2.509","0.588","0.458"
"046695","2","-3.219","0.735","0.341"
"046695","1","0.654","3.236","3.446"
"046700","2","-3.778","0.804","0.228"
"046701","1","0.148","3.859","2.854"
"046705","2","-4.256","0.853","0.133"
"046705","1","-0.224","4.340","2.743"
"046710","2","-4.700","0.894","0.081"
"046715","2","-5.150","0.930","0.092"
"046716","1","-0.432","4.472","3.319"
"046720","2","-5.637","0.954","0.151"
"046721","1","-0.333","4.459","3.149"
"046725","1","-0.104","4.372","3.141"
"046726","2","-6.166","0.971","0.246"
"046730","2","-6.718","1.012","0.365"
"046731","1","0.218","4.256","3.452"
"046735","1","0.539","4.177","3.338"
"046736","2","-7.330","1.069","0.500"
"046743","1","0.838","3.997","3.058"
"046746","1","1.018","3.794","2.537"
"046747","2","-8.645","1.258","0.763"
"046751","2","-9.310","1.375","0.849"
"046751","1","1.233","3.850","2.094"
"046756","1","1.447","3.889","1.726"
"046756","2","-9.935","1.497","0.918"
"046761","2","-10.535","1.633","0.982"
"046761","1","1.553","3.800","1.685"
"046766","1","1.467","3.716","1.626"
"046772","2","-11.797","1.975","1.044"
"046772","1","1.219","3.562","1.298"
"046776","2","-12.355","2.130","0.980"
"046777","1","1.031","3.536","1.420"
"046781","2","-12.868","2.252","0.909"
"046782","1","0.629","3.711","2.101"
"046786","2","-13.342","2.377","0.848"
"046787","1","0.297","4.119","2.533"
"046791","2","-13.699","2.479","0.802"
"046792","1","0.123","4.202","2.785"
"046798","1","-0.071","4.101","2.387"
"046801","2","-14.199","2.562","0.929"
"046803","1","-0.301","4.072","1.729"
"046806","2","-14.258","2.541","1.009"
"046807","1","-0.531","3.915","1.319"
"046811","2","-14.227","2.480","1.049"
"046812","1","-0.393","3.831","1.043"
"046816","2","-14.141","2.390","1.069"
"046817","1","-0.335","3.224","0.650"
"046821","1","-0.404","2.439","0.149"
"046827","1","-0.591","1.866","-0.538"
"046828","2","-13.952","2.284","1.036"
"046831","1","-0.765","1.472","-0.918"
"046832","2","-13.744","2.313","0.945"
"046836","2","-13.470","2.331","0.835"
"046837","1","-1.067","0.907","-1.201"
"046841","2","-13.126","2.326","0.696"
"046842","1","-1.319","0.362","-1.340"
"046846","2","-12.634","2.270","0.528"
"046847","1","-1.536","-0.238","-1.269"
"046852","1","-1.622","-0.860","-1.182"
"046857","2","-11.211","1.951","0.268"
"046857","1","-1.605","-1.645","-1.254"
"046861","2","-10.311","1.730","0.254"
"046862","1","-1.774","-2.636","-1.347"
"046866","2","-9.272","1.478","0.262"
"046867","1","-1.963","-3.813","-0.882"
"046872","2","-8.229","1.188","0.242"
"046872","1","-2.054","-4.311","-1.086"
"046877","1","-1.999","-5.029","-0.616"
"046882","2","-5.873","0.698","0.142"
"046883","1","-1.889","-5.598","-0.406"
"046887","2","-4.750","0.532","0.058"
"046887","1","-1.647","-5.538","-0.420"
"046892","2","-3.550","0.418","-0.016"
"046893","1","-1.500","-6.026","0.074"
"046897","2","-2.392","0.295","-0.086"
"046897","1","-1.334","-6.158","0.656"
"046902","2","-1.258","0.176","-0.135"
"046903","1","-1.192","-5.837","0.961"
"046909","1","-1.100","-5.578","1.225"
"046913","2","0.828","-0.040","-0.172"
"046913","1","-1.051","-5.186","1.577"
"046917","2","1.641","-0.131","-0.159"
"046918","1","-1.056","-4.636","2.051"
"046923","1","-1.082","-4.292","2.528"
"046923","2","2.274","-0.187","-0.135"
"046927","1","-1.103","-4.106","2.793"
"046928","2","2.740","-0.207","-0.121"
"046933","1","-1.096","-4.123","2.884"
"046938","2","3.400","-0.214","-0.148"
"046939","1","-1.048","-4.345","2.789"
"046942","2","3.644","-0.221","-0.207"
"046943","1","-0.980","-4.079","2.521"
"046948","1","-0.875","-3.255","2.238"
"046948","2","3.892","-0.235","-0.255"
"046953","1","-0.827","-2.510","2.314"
"046953","2","4.090","-0.249","-0.260"
"046958","2","4.177","-0.265","-0.230"
"046958","1","-0.808","-1.920","2.695"
"046965","2","4.155","-0.292","-0.192"
"046968","1","-0.797","-1.199","2.812"
"046968","2","4.071","-0.337","-0.178"
"046973","2","3.999","-0.381","-0.215"
"046974","1","-0.764","-1.431","1.878"
"046978","2","3.993","-0.407","-0.319"
"046979","1","-0.704","-1.932","0.930"
"046983","2","4.096","-0.398","-0.460"
"046984","1","-0.612","-2.197","0.404"
"046988","2","4.342","-0.362","-0.576"
"046993","2","4.697","-0.324","-0.636"
"046994","1","-0.517","-2.481","-0.168"
"046998","1","-0.685","-2.833","-0.588"
"046999","2","5.154","-0.330","-0.659"
"047003","2","5.709","-0.396","-0.677"
"047004","1","-0.945","-3.177","-0.890"
"047008","2","6.365","-0.522","-0.699"
"047009","1","-1.324","-3.586","-0.941"
"047013","2","7.110","-0.705","-0.767"
"047014","1","-1.822","-3.898","-0.593"
"047020","2","7.919","-0.932","-0.864"
"047023","1","-2.456","-3.389","1.043"
"047024","2","8.789","-1.169","-0.904"
"047028","2","9.729","-1.378","-0.881"
"047029","1","-2.345","-3.217","2.244"
"047033","1","-1.883","-3.205","3.293"
"047034","2","10.720","-1.542","-0.816"
"047038","2","11.791","-1.622","-0.723"
"047039","1","-1.125","-3.462","3.548"
"047045","1","-0.262","-3.828","2.736"
"047050","1","0.437","-3.876","1.407"
"047052","2","13.931","-1.658","-0.308"
"047055","1","0.895","-3.013","0.530"
"047056","2","14.830","-1.653","-0.308"
"047059","2","15.616","-1.690","-0.212"
"047060","1","1.196","-1.616","0.133"
"047064","2","16.201","-1.735","-0.158"
"047065","1","1.197","-0.173","0.228"
"047069","2","16.533","-1.785","-0.155"
"047070","1","0.867","1.240","0.246"
"047074","2","16.603","-1.843","-0.218"
"047080","2","16.397","-1.853","-0.271"
"047081","1","0.258","3.782","-1.121"
"047085","2","15.904","-1.805","-0.296"
"047085","1","-0.057","4.884","-1.449"
"047089","2","15.134","-1.794","-0.296"
"047090","1","-0.409","6.175","-1.178"
"047094","1","-1.026","7.256","-0.556"
"047095","2","14.237","-1.861","-0.269"
"047099","1","-1.631","7.819","0.361"
"047105","1","-2.002","8.093","1.418"
"047106","2","12.053","-1.978","-0.350"
"047117","2","10.695","-1.977","-0.422"
"047118","1","-2.196","8.416","3.213"
"047119","2","7.755","-1.914","-0.507"
"047120","1","-1.693","8.530","3.213"
"047125","2","6.270","-1.795","-0.538"
"047125","1","-0.740","8.543","4.196"
"047130","2","4.793","-1.574","-0.453"
"047130","1","0.451","8.166","5.327"
"047135","1","1.571","7.464","6.192"
"047141","2","1.990","-0.794","-0.056"
"047141","1","2.425","6.353","6.676"
"047145","2","0.802","-0.317","0.053"
"047145","1","2.803","5.213","6.577"
"047150","2","-0.079","0.083","0.036"
"047150","1","2.665","3.995","5.642"
"047155","2","-0.653","0.384","-0.107"
"047156","1","2.140","2.678","4.499"
"047160","2","-0.930","0.553","-0.268"
"047167","2","-1.025","0.628","-0.298"
"047168","1","0.745","1.370","2.634"
"047170","2","-1.035","0.638","-0.235"
"047171","1","-0.147","1.130","2.159"
"047175","2","-1.000","0.599","-0.176"
"047176","1","-1.085","1.014","2.052"
"047180","2","-0.959","0.515","-0.154"
"047181","1","-1.833","1.082","2.195"
"047185","2","-0.950","0.396","-0.126"
"047186","1","-2.232","1.329","2.505"
"047192","1","-2.298","1.709","2.803"
"047196","2","-1.075","0.201","-0.003"
"047196","1","-2.116","2.104","2.957"
"047201","2","-1.190","0.153","0.053"
"047201","1","-1.741","2.390","3.070"
"047205","2","-1.360","0.138","0.110"
"047206","1","-1.253","2.502","3.207"
"047210","2","-1.600","0.151","0.170"
"047211","1","-0.815","2.547","3.259"
"047215","2","-1.935","0.181","0.237"
"047221","2","-2.373","0.210","0.327"
"047222","1","-0.260","2.846","3.490"
"047226","2","-2.960","0.248","0.459"
"047226","1","-0.096","3.010","3.952"
"047231","2","-3.698","0.305","0.623"
"047231","1","-0.003","3.324","4.330"
"047236","1","0.051","3.793","4.604"
"047237","2","-4.537","0.392","0.788"
"047241","2","-5.480","0.500","0.920"
"047243","1","0.090","4.222","4.726"
"047249","1","0.134","4.437","4.547"
"047252","2","-7.629","0.845","1.131"
"047253","1","0.165","4.406","4.088"
"047256","2","-8.767","1.064","1.215"
"047257","1","0.168","4.362","3.471"
"047261","2","-9.847","1.299","1.251"
"047262","1","0.089","4.292","2.746"
"047266","2","-10.823","1.534","1.192"
"047266","1","-0.139","4.136","2.084"
"047271","2","-11.658","1.749","1.036"
"047277","1","-0.582","4.068","0.730"
"047278","2","-12.263","1.927","0.804"
"047281","2","-12.697","2.047","0.574"
"047282","1","-0.679","3.883","0.346"
"047286","1","-0.754","3.655","0.048"
"047287","2","-13.006","2.104","0.373"
"047291","2","-13.080","2.078","0.249"
"047292","1","-0.921","3.364","-0.021"
"047296","2","-13.042","2.004","0.253"
"047297","1","-1.239","2.954","-0.026"
"047302","1","-1.604","2.524","0.001"
"047308","2","-12.513","1.807","0.442"
"047308","1","-1.890","1.867","0.436"
"047312","2","-12.164","1.683","0.611"
"047313","1","-2.078","1.129","0.859"
"047317","2","-11.759","1.557","0.788"
"047317","1","-2.074","0.717","0.830"
"047322","1","-1.824","0.565","0.788"
"047322","2","-11.306","1.408","0.935"
"047326","2","-10.855","1.234","0.991"
"047333","2","-10.408","1.083","0.939"
"047333","1","-1.425","0.440","0.880"
"047337","2","-10.013","1.013","0.814"
"047337","1","-1.222","0.230","1.073"
"047342","2","-9.687","1.054","0.672"
"047342","1","-1.007","0.369","1.205"
"047347","2","-9.326","1.174","0.562"
"047347","1","-0.845","0.533","1.454"
"047352","1","-0.724","0.219","1.817"
"047352","2","-8.990","1.299","0.511"
"047357","1","-0.602","-0.250","1.755"
"047363","2","-8.233","1.404","0.484"
"047364","1","-0.612","-0.802","1.270"
"047367","2","-7.718","1.348","0.440"
"047368","1","-0.751","-1.524","0.694"
"047372","2","-7.116","1.232","0.379"
"047373","1","-0.920","-2.309","0.247"
"047377","2","-6.388","1.085","0.309"
"047378","1","-1.071","-3.091","-0.337"
"047382","1","-1.165","-4.129","-1.155"
"047389","1","-1.249","-5.600","-2.042"
"047390","2","-4.414","0.698","0.167"
"047393","2","-3.214","0.443","0.027"
"047394","1","-1.276","-6.861","-2.552"
"047398","2","-1.835","0.204","-0.111"
"047398","1","-1.265","-7.595","-3.305"
"047403","2","-0.337","0.018","-0.203"
"047404","1","-1.266","-8.331","-3.808"
"047408","2","1.155","-0.124","-0.255"
"047409","1","-1.390","-8.820","-3.891"
"047417","1","-1.618","-8.813","-3.942"
"047418","2","3.862","-0.261","-0.359"
"047419","1","-1.939","-8.630","-4.021"
"047423","2","5.173","-0.322","-0.474"
"047423","1","-2.291","-8.446","-3.953"
"047428","2","6.470","-0.408","-0.641"
"047429","1","-2.639","-8.188","-3.884"
"047433","1","-3.019","-7.391","-3.770"
"047433","2","7.799","-0.529","-0.836"
"047438","2","9.221","-0.720","-1.023"
"047443","1","-3.836","-4.592","-1.687"
"047444","2","10.663","-1.044","-1.151"
"047448","2","12.059","-1.484","-1.138"
"047449","1","-3.984","-3.226","0.069"
"047453","1","-3.769","-2.053","0.818"
"047453","2","13.472","-1.930","-1.006"
"047458","2","14.843","-2.299","-0.840"
"047459","1","-3.206","-1.426","0.554"
"047463","1","-2.246","-0.825","-0.192"
"047464","2","16.133","-2.537","-0.703"
"047471","2","17.252","-2.655","-0.571"
"047474","1","0.379","1.046","-1.284"
"047474","2","17.443","-2.727","-0.461"
"047478","2","17.436","-2.676","-0.368"
"047479","1","1.385","1.630","-1.711"
"047483","1","2.063","2.339","-2.252"
"047484","2","17.437","-2.558","-0.324"
"047488","2","17.443","-2.398","-0.310"
"047489","1","2.465","3.106","-3.324"
"047493","2","17.443","-2.260","-0.300"
"047500","1","2.564","4.635","-5.679"
"047501","2","17.443","-2.200","-0.257"
"047505","1","2.058","5.565","-6.501"
"047509","2","17.443","-2.166","-0.256"
"047510","1","1.404","6.280","-6.688"
"047510","2","17.443","-2.123","-0.250"
"047514","2","17.443","-2.041","-0.177"
"047515","1","0.608","7.277","-6.283"
"047519","1","-0.202","8.865","-4.994"
"047520","2","17.443","-2.025","-0.009"
"047527","1","-1.164","10.201","-1.807"
"047529","2","14.371","-2.267","0.402"
"047529","1","-1.998","11.243","2.745"
"047534","1","-2.329","12.109","6.339"
"047535","2","11.731","-2.397","0.554"
"047539","2","8.919","-2.351","0.608"
"047539","1","-1.946","12.662","7.830"
"047544","2","5.982","-2.082","0.548"
"047545","1","-1.005","12.842","7.856"
"047549","2","3.117","-1.631","0.412"
"047555","1","1.907","12.697","7.525"
"047556","2","0.510","-1.030","0.199"
"047559","2","-1.617","-0.318","-0.035"
"047560","1","3.251","12.488","6.598"
"047565","1","4.031","11.837","5.049"
"047565","2","-3.066","0.317","-0.160"
"047570","2","-4.048","0.791","-0.208"
"047570","1","3.702","10.210","3.797"
"047576","2","-4.684","1.085","-0.211"
"047577","1","2.924","8.525","2.443"
"047582","1","2.087","7.162","1.093"
"047585","2","-5.257","1.296","-0.180"
"047586","1","1.242","6.103","0.144"
"047589","1","0.478","5.413","-0.428"
"047590","2","-5.296","1.281","-0.203"
"047595","2","-5.221","1.210","-0.260"
"047595","1","-0.177","4.937","-0.736"
"047600","2","-5.078","1.094","-0.335"
"047600","1","-0.593","4.484","-0.748"
"047605","1","-0.762","4.006","-0.883"
"047611","2","-4.696","0.800","-0.400"
"047611","1","-0.693","3.609","-1.161"
"047615","2","-4.595","0.653","-0.316"
"047616","1","-0.494","3.259","-1.302"
"047620","2","-4.655","0.531","-0.129"
"047621","1","-0.279","2.972","-1.037"
"047625","2","-4.932","0.440","0.155"
"047625","1","-0.132","2.918","-0.057"
"047630","2","-5.462","0.405","0.497"
"047630","1","-0.047","3.113","1.514"
"047635","1","-0.086","3.375","2.728"
"047641","2","-6.990","0.521","0.901"
"047642","1","-0.151","3.912","3.247"
"047645","2","-7.912","0.653","0.915"
"047646","1","-0.170","4.445","3.371"
"047650","2","-8.888","0.827","0.830"
"047651","1","0.018","5.037","3.331"
"047655","2","-9.858","1.035","0.726"
"047656","1","0.339","5.475","2.905"
"047660","2","-10.883","1.276","0.685"
"047666","2","-11.883","1.528","0.672"
"047667","1","1.008","6.233","1.897"
"047671","2","-12.772","1.772","0.670"
"047671","1","1.120","6.564","1.418"
"047675","2","-13.603","2.002","0.653"
"047676","1","1.092","6.453","0.877"
"047680","2","-14.250","2.205","0.615"
"047681","1","0.942","6.297","0.434"
"047685","2","-14.756","2.362","0.563"
"047686","1","0.680","5.735","0.265"
"047691","1","0.284","5.133","0.328"
"047696","2","-15.119","2.575","0.428"
"047697","1","-0.413","4.035","-0.104"
"047701","2","-14.999","2.639","0.322"
"047701","1","-0.942","3.102","-0.103"
"047706","2","-14.718","2.646","0.271"
"047706","1","-1.220","2.143","0.088"
"047711","2","-14.347","2.597","0.271"
"047711","1","-1.414","1.296","0.083"
"047716","2","-13.882","2.491","0.330"
"047722","2","-13.399","2.347","0.418"
"047723","1","-1.742","0.565","-0.516"
"047726","1","-2.021","-0.134","-1.362"
"047727","2","-12.933","2.238","0.512"
"047731","2","-12.446","2.157","0.570"
"047732","1","-2.267","-0.758","-1.941"
"047736","1","-2.565","-1.237","-2.145"
"047737","2","-11.952","2.066","0.561"
"047741","1","-2.825","-1.682","-2.154"
"047742","2","-11.378","1.942","0.481"
"047747","2","-10.757","1.777","0.335"
"047752","1","-2.993","-3.203","-2.018"
"047753","2","-10.037","1.579","0.197"
"047756","1","-2.833","-3.941","-2.189"
"047757","2","-9.229","1.353","0.117"
"047761","1","-2.558","-4.572","-2.255"
"047762","2","-8.287","1.095","0.101"
"047767","2","-7.218","0.828","0.092"
"047767","1","-2.520","-5.398","-2.490"
"047772","2","-6.195","0.555","0.061"
"047778","2","-5.061","0.361","0.051"
"047778","1","-2.381","-7.052","-2.859"
"047782","1","-2.215","-8.143","-2.947"
"047782","2","-3.872","0.185","0.042"
"047787","1","-2.211","-8.980","-3.126"
"047787","2","-2.693","0.034","-0.013"
"047792","2","-1.413","-0.075","-0.080"
"047792","1","-2.111","-8.902","-3.666"
"047797","2","-0.169","-0.165","-0.211"
"047797","1","-2.161","-10.125","-3.835"
"047802","2","1.057","-0.297","-0.398"
"047808","1","-2.328","-10.360","-2.780"
"047808","2","2.302","-0.441","-0.501"
"047812","1","-2.312","-8.826","-2.048"
"047813","2","3.438","-0.523","-0.501"
"047817","2","4.419","-0.568","-0.495"
"047818","1","-2.480","-8.232","-0.962"
"047822","2","5.299","-0.620","-0.504"
"047822","1","-2.623","-7.756","-0.032"
"047827","2","6.096","-0.693","-0.503"
"047833","1","-2.682","-6.361","1.330"
"047834","2","6.817","-0.791","-0.458"
"047838","2","7.488","-0.914","-0.414"
"047839","1","-2.619","-5.378","1.901"
"047843","2","8.097","-1.063","-0.407"
"047843","1","-2.567","-4.497","2.277"
"047848","2","8.646","-1.227","-0.462"
"047848","1","-2.539","-3.895","2.519"
"047852","1","-2.503","-2.949","2.617"
"047853","2","9.210","-1.392","-0.557"
"047858","1","-2.376","-1.851","2.963"
"047864","1","-2.103","-0.980","3.484"
"047864","2","10.371","-1.654","-0.790"
"047868","2","10.938","-1.726","-0.870"
"047868","1","-1.776","-0.709","3.846"
"047873","2","11.549","-1.760","-0.977"
"047873","1","-1.461","-0.770","4.104"
"047878","1","-1.269","-0.407","4.229"
"047878","2","12.350","-1.771","-1.158"
"047883","2","13.253","-1.707","-1.304"
"047888","2","14.221","-1.583","-1.305"
"047889","1","-0.258","-0.283","4.055"
"047893","1","0.493","-0.010","3.329"
"047894","2","15.264","-1.470","-1.174"
"047898","1","1.009","0.530","2.653"
"047898","2","16.316","-1.392","-0.974"
"047903","2","17.318","-1.390","-0.773"
"047904","1","1.292","1.472","1.833"
"047908","2","17.443","-1.433","-0.591"
"047909","1","1.480","2.209","0.928"
"047916","2","17.434","-1.586","-0.399"
"047918","2","17.439","-1.873","-0.222"
"047919","1","1.616","3.235","-0.027"
"047923","2","17.443","-2.194","-0.122"
"047924","1","1.598","3.374","-1.125"
"047928","2","17.443","-2.476","-0.113"
"047929","1","1.391","3.857","-3.076"
"047933","2","17.443","-2.696","-0.138"
"047934","1","0.787","5.786","-3.536"
"047938","2","17.443","-2.804","-0.159"
"047944","1","-0.059","7.908","-1.126"
"047945","2","16.942","-2.829","-0.126"
"047948","1","-0.348","8.599","2.505"
"047955","2","12.705","-2.637","0.084"
"047957","1","-0.482","9.904","6.176"
"047960","1","-0.274","10.664","7.807"
"047961","2","10.176","-2.416","0.131"
"047964","1","0.394","10.481","8.010"
"047964","2","7.467","-2.038","0.100"
"047968","2","4.621","-1.514","0.042"
"047975","1","2.124","9.320","7.652"
"047975","2","1.824","-0.891","-0.009"
"047979","2","-0.628","-0.277","0.030"
"047979","1","2.627","8.627","7.158"
"047984","2","-2.532","0.281","0.110"
"047984","1","2.156","7.179","6.678"
"047989","1","1.453","5.892","5.608"
"047990","2","-3.909","0.661","0.138"
"047994","1","0.708","5.255","4.208"
"047995","2","-4.887","0.910","0.152"
"048000","1","0.070","4.803","3.027"
"048005","1","-0.485","4.485","2.286"
"048006","2","-5.906","1.150","0.147"
"048009","2","-6.112","1.191","0.101"
"048010","1","-0.872","4.455","1.910"
"048014","2","-6.155","1.194","0.013"
"048015","1","-1.006","4.559","1.529"
"048019","1","-0.881","4.702","1.021"
"048020","2","-6.113","1.159","-0.054"
"048024","1","-0.663","4.608","0.827"
"048030","2","-6.203","1.024","0.056"
"048031","1","-0.377","4.428","1.092"
"048034","2","-6.449","0.980","0.221"
"048035","1","-0.228","4.036","1.511"
"048040","1","-0.122","3.823","2.067"
"048040","2","-6.839","0.983","0.408"
"048044","2","-7.391","1.029","0.609"
"048045","1","-0.124","3.600","2.770"
"048050","2","-8.060","1.124","0.763"
"048050","1","-0.120","3.690","3.518"
"048057","2","-8.807","1.243","0.860"
"048061","2","-9.605","1.385","0.888"
"048061","1","-0.081","4.624","4.734"
"048065","1","-0.022","5.298","5.029"
"048066","2","-10.483","1.546","0.851"
"048070","2","-11.425","1.723","0.791"
"048070","1","0.107","6.331","4.766"
"048075","2","-12.372","1.904","0.758"
"048076","1","0.337","7.345","4.252"
"048080","1","0.540","8.478","3.266"
"048086","2","-14.224","2.243","0.820"
"048087","1","0.679","9.279","2.482"
"048090","2","-15.015","2.400","0.881"
"048091","1","0.681","9.635","1.666"
"048095","2","-15.726","2.554","0.940"
"048096","1","0.599","9.852","1.111"
"048100","1","0.399","9.043","0.296"
"048101","2","-16.289","2.705","0.993"
"048105","1","0.331","8.167","-0.351"
"048106","2","-16.733","2.858","1.025"
"048110","2","-17.029","2.981","1.073"
"048116","1","0.232","6.479","-1.080"
"048117","2","-17.172","3.064","1.089"
"048121","1","-0.042","5.480","-1.543"
"048121","2","-17.145","3.105","1.055"
"048125","1","-0.457","4.111","-1.950"
"048126","2","-16.972","3.120","0.977"
"048130","1","-0.825","2.856","-2.459"
"048131","2","-16.698","3.128","0.873"
"048135","1","-1.132","1.796","-3.092"
"048142","1","-1.488","0.741","-3.558"
"048142","2","-15.765","3.082","0.765"
"048146","1","-2.008","-0.365","-4.178"
"048146","2","-15.015","2.893","0.730"
"048151","1","-2.482","-1.981","-4.493"
"048151","2","-13.994","2.556","0.624"
"048156","1","-2.767","-3.609","-5.303"
"048156","2","-12.783","2.104","0.473"
"048161","1","-2.732","-5.141","-5.984"
"048161","2","-11.396","1.636","0.313"
"048166","2","-9.826","1.198","0.188"
"048172","1","-2.816","-8.471","-6.520"
"048172","2","-8.125","0.839","0.076"
"048177","1","-3.029","-9.701","-6.567"
"048178","2","-6.317","0.546","-0.042"
"048181","2","-4.396","0.341","-0.169"
"048182","1","-3.187","-11.071","-5.605"
"048186","2","-2.548","0.133","-0.264"
"048187","1","-3.322","-11.846","-4.397"
"048191","1","-3.396","-11.849","-3.762"
"048197","2","0.878","-0.303","-0.382"
"048198","1","-3.350","-11.596","-3.329"
"048201","2","2.279","-0.503","-0.315"
"048202","1","-3.349","-10.848","-2.864"
"048206","2","3.378","-0.666","-0.216"
"048207","1","-3.512","-9.664","-2.096"
"048211","1","-3.655","-8.568","-0.852"
"048212","2","4.228","-0.817","-0.213"
"048217","2","4.844","-0.952","-0.298"
"048217","1","-3.542","-7.550","0.563"
"048224","2","5.264","-1.048","-0.383"
"048227","2","5.554","-1.085","-0.416"
"048228","1","-2.804","-5.021","2.402"
"048232","1","-2.420","-4.024","2.808"
"048232","2","5.743","-1.070","-0.424"
"048237","2","5.847","-1.023","-0.440"
"048238","1","-2.102","-3.513","2.917"
"048242","1","-1.784","-3.284","2.817"
"048243","2","5.893","-0.961","-0.492"
"048247","2","5.945","-0.894","-0.582"
"048254","2","6.060","-0.832","-0.689"
"048255","1","-1.385","-2.696","2.709"
"048257","2","6.231","-0.785","-0.790"
"048258","1","-1.246","-2.675","2.587"
"048262","2","6.436","-0.762","-0.855"
"048263","1","-1.173","-2.929","2.358"
"048268","2","6.694","-0.753","-0.898"
"048268","1","-1.316","-3.048","2.201"
"048272","1","-1.652","-3.137","2.439"
"048273","2","7.045","-0.756","-0.937"
"048280","1","-2.049","-3.308","2.984"
"048283","2","7.958","-0.902","-1.093"
"048283","1","-2.334","-3.188","3.390"
"048288","1","-2.449","-3.064","3.560"
"048289","2","8.551","-1.028","-1.137"
"048292","2","9.237","-1.176","-1.142"
"048293","1","-2.416","-3.128","3.640"
"048298","2","10.030","-1.343","-1.158"
"048298","1","-2.165","-2.928","3.628"
"048302","2","11.005","-1.508","-1.207"
"048308","2","12.153","-1.638","-1.251"
"048308","1","-1.137","-2.200","2.735"
"048312","2","13.406","-1.725","-1.242"
"048313","1","-0.413","-2.044","1.759"
"048318","2","14.699","-1.802","-1.188"
"048318","1","0.193","-1.735","0.493"
"048323","2","16.082","-1.929","-1.130"
"048323","1","0.507","-1.194","-1.198"
"048328","2","17.323","-2.057","-1.073"
"048329","1","0.668","-0.302","-2.624"
"048335","1","0.809","1.212","-3.913"
"048338","2","17.430","-2.358","-0.852"
"048338","1","0.841","2.504","-4.798"
"048343","1","0.852","3.554","-5.600"
"048343","2","17.439","-2.489","-0.650"
"048348","2","17.443","-2.630","-0.395"
"048348","1","0.884","4.393","-6.018"
"048353","1","0.809","5.088","-5.982"
"048353","2","17.443","-2.792","-0.139"
"048358","2","17.443","-2.967","0.048"
"048363","2","17.443","-3.146","0.218"
"048364","1","0.802","7.242","-5.741"
"048368","2","17.443","-3.306","0.432"
"048369","1","0.745","8.685","-3.971"
"048373","2","17.443","-3.486","0.681"
"048374","1","0.691","10.196","-1.609"
"048378","2","17.443","-3.738","0.963"
"048378","1","0.693","11.410","1.672"
"048383","2","16.580","-4.014","1.184"
"048384","1","0.790","12.352","6.025"
"048390","1","1.402","13.135","9.272"
"048393","1","2.574","13.465","10.004"
"048394","2","11.795","-3.943","1.142"
"048398","1","3.846","13.418","9.227"
"048400","2","9.218","-3.397","0.907"
"048405","2","6.620","-2.562","0.573"
"048406","1","4.994","13.311","8.507"
"048409","2","4.249","-1.549","0.244"
"048410","1","6.050","13.330","8.076"
"048414","2","2.259","-0.555","0.128"
"048419","1","6.257","12.174","6.959"
"048419","2","0.623","0.285","0.315"
"048424","2","-0.449","0.793","0.680"
"048424","1","4.631","10.453","6.001"
"048428","2","-1.033","1.014","0.974"
"048429","1","2.530","8.079","5.132"
"048434","1","0.594","6.170","4.071"
"048434","2","-1.323","1.054","1.100"
"048439","1","-0.960","5.076","2.782"
"048439","2","-1.302","1.003","1.094"
"048444","1","-2.034","4.540","1.661"
"048449","2","-0.425","0.674","0.878"
"048450","1","-2.562","4.338","0.778"
"048454","2","0.349","0.398","0.814"
"048455","1","-2.639","4.174","-0.047"
"048459","2","1.202","0.092","0.836"
"048460","1","-2.415","3.961","-0.731"
"048464","1","-2.002","3.882","-0.900"
"048465","2","2.038","-0.217","0.926"
"048469","1","-1.475","3.817","-0.606"
"048474","2","3.280","-0.677","1.080"
"048475","1","-0.977","3.755","-0.296"
"048479","1","-0.623","3.983","-0.092"
"048480","2","3.554","-0.776","1.053"
"048484","2","3.600","-0.806","0.996"
"048485","1","-0.391","4.531","0.033"
"048489","1","-0.221","4.890","0.482"
"048490","2","3.484","-0.784","0.960"
"048494","2","3.177","-0.686","1.026"
"048495","1","-0.069","4.712","1.463"
"048501","1","-0.061","3.931","2.519"
"048505","1","-0.390","2.486","3.244"
"048505","2","2.243","-0.330","1.419"
"048510","1","-0.857","1.133","3.365"
"048510","2","1.769","-0.205","1.530"
"048515","2","1.447","-0.196","1.531"
"048516","1","-1.034","0.592","2.976"
"048520","1","-0.859","0.610","2.450"
"048521","2","1.292","-0.269","1.495"
"048525","1","-0.483","0.932","1.902"
"048531","2","1.218","-0.424","1.488"
"048531","1","-0.023","1.449","1.436"
"048535","2","1.200","-0.464","1.548"
"048536","1","0.359","1.924","1.175"
"048540","2","1.148","-0.467","1.631"
"048540","1","0.562","2.198","1.006"
"048545","1","0.599","2.256","0.703"
"048545","2","1.048","-0.431","1.717"
"048550","2","0.888","-0.367","1.792"
"048551","1","0.518","2.159","0.194"
"048555","2","0.684","-0.294","1.848"
"048561","2","0.479","-0.234","1.891"
"048562","1","0.139","1.529","-0.738"
"048565","1","0.006","1.007","-0.950"
"048566","2","0.310","-0.202","1.936"
"048570","1","-0.076","0.466","-1.159"
"048571","2","0.220","-0.194","2.008"
"048575","2","0.216","-0.194","2.103"
"048576","1","-0.102","0.062","-1.497"
"048580","1","-0.087","-0.185","-1.823"
"048586","1","-0.042","-0.350","-1.941"
"048587","2","0.481","-0.234","2.290"
"048590","1","0.034","-0.416","-1.863"
"048591","2","0.706","-0.275","2.353"
"048595","1","0.146","-0.299","-1.703"
"048596","2","0.956","-0.330","2.402"
"048600","2","1.198","-0.389","2.446"
"048601","1","0.288","-0.031","-1.457"
"048605","1","0.420","0.315","-1.119"
"048606","2","1.404","-0.446","2.498"
"048613","2","1.562","-0.493","2.549"
"048616","1","0.643","1.170","-0.338"
"048616","2","1.671","-0.535","2.598"
"048621","1","0.730","1.577","0.014"
"048621","2","1.730","-0.571","2.654"
"048626","1","0.821","1.907","0.293"
"048627","2","1.730","-0.583","2.706"
"048631","2","1.688","-0.576","2.757"
"048631","1","0.941","2.147","0.519"
"048636","1","1.032","2.301","0.692"
"048642","2","1.467","-0.485","2.808"
"048642","1","1.121","2.442","0.718"
"048646","2","1.330","-0.423","2.803"
"048647","1","1.238","2.545","0.654"
"048651","1","1.351","2.497","0.663"
"048651","2","1.179","-0.350","2.804"
"048656","2","1.004","-0.262","2.802"
"048657","1","1.438","2.376","0.618"
"048661","2","0.816","-0.167","2.807"
"048662","1","1.528","2.341","0.353"
"048667","1","1.575","2.334","-0.142"
"048673","2","0.457","-0.044","2.793"
"048673","1","1.568","2.264","-0.689"
"048676","2","0.310","0.002","2.770"
"048677","1","1.562","2.048","-1.058"
"048682","2","0.195","0.027","2.771"
"048682","1","1.595","1.711","-1.294"
"048686","2","0.107","0.031","2.812"
"048687","1","1.653","1.425","-1.568"
"048692","2","0.062","0.010","2.872"
"048698","1","1.857","1.289","-2.020"
"048698","2","0.075","-0.027","2.925"
"048702","2","0.162","-0.070","2.958"
"048702","1","2.027","1.479","-2.057"
"048707","1","2.256","1.776","-1.902"
"048707","2","0.302","-0.115","2.958"
"048712","2","0.463","-0.157","2.933"
"048712","1","2.509","2.081","-1.640"
"048717","1","2.772","2.492","-1.343"
"048717","2","0.632","-0.208","2.890"
"048724","1","3.048","3.035","-1.111"
"048728","1","3.254","3.521","-0.944"
"048729","2","0.956","-0.389","2.808"
"048732","2","1.092","-0.464","2.778"
"048733","1","3.343","3.802","-0.778"
"048738","1","3.309","3.906","-0.790"
"048738","2","1.184","-0.494","2.745"
"048742","2","1.218","-0.455","2.702"
"048743","1","3.298","4.003","-0.944"
"048747","2","1.218","-0.382","2.660"
"048752","2","1.186","-0.320","2.648"
"048753","1","3.613","4.269","-0.732"
"048758","2","1.122","-0.275","2.646"
"048758","1","3.672","4.232","-0.668"
"048762","2","1.020","-0.240","2.653"
"048763","1","3.739","4.137","-0.688"
"048767","2","0.906","-0.216","2.681"
"048768","1","3.800","3.950","-0.759"
"048772","1","3.750","3.627","-0.825"
"048773","2","0.771","-0.191","2.701"
"048780","2","0.637","-0.152","2.684"
"048783","1","3.880","3.083","-0.884"
"048783","2","0.527","-0.101","2.648"
"048788","1","4.043","2.957","-0.991"
"048788","2","0.445","-0.063","2.597"
"048793","2","0.395","-0.040","2.524"
"048793","1","4.162","2.947","-1.115"
"048798","2","0.379","-0.029","2.419"
"048798","1","4.268","3.049","-1.185"
"048803","2","0.402","-0.033","2.317"
"048808","2","0.456","-0.051","2.212"
"048809","1","4.515","3.617","-1.191"
"048813","2","0.529","-0.078","2.088"
"048813","1","4.499","3.811","-1.182"
"048818","2","0.604","-0.109","1.950"
"048819","1","4.469","3.981","-1.186"
"048823","2","0.692","-0.127","1.827"
"048824","1","4.518","4.230","-1.237"
"048828","2","0.755","-0.118","1.740"
"048828","1","4.589","4.446","-1.252"
"048835","1","4.628","4.572","-1.244"
"048839","1","4.609","4.606","-1.214"
"048839","2","0.809","-0.030","1.610"
"048843","2","0.816","0.009","1.549"
"048844","1","4.612","4.585","-1.213"
"048848","1","4.625","4.496","-1.188"
"048849","2","0.807","0.050","1.502"
"048854","2","0.762","0.097","1.472"
"048854","1","4.632","4.369","-1.067"
"048858","2","0.731","0.138","1.453"
"048864","2","0.720","0.173","1.423"
"048865","1","4.725","4.334","-0.967"
"048868","2","0.715","0.201","1.382"
"048869","1","4.742","4.340","-0.844"
"048874","2","0.713","0.216","1.315"
"048874","1","4.739","4.358","-0.798"
"048879","2","0.699","0.214","1.222"
"048879","1","4.736","4.402","-0.796"
"048884","2","0.673","0.197","1.141"
"048884","1","4.771","4.486","-0.821"
"048891","1","4.907","4.587","-0.792"
"048894","2","0.541","0.201","1.122"
"048895","1","4.997","4.598","-0.809"
"048899","2","0.443","0.225","1.144"
"048901","1","5.042","4.541","-0.813"
"048904","2","0.339","0.252","1.158"
"048905","1","5.070","4.493","-0.881"
"048909","2","0.247","0.284","1.155"
"048910","1","5.048","4.356","-0.980"
"048914","2","0.172","0.319","1.125"
"048920","2","0.125","0.359","1.065"
"048921","1","4.873","4.105","-1.343"
"048924","2","0.106","0.391","0.982"
"048925","1","4.763","3.938","-1.463"
"048929","2","0.096","0.416","0.898"
"048930","1","4.665","3.798","-1.529"
"048934","2","0.089","0.432","0.822"
"048935","1","4.567","3.675","-1.530"
"048939","2","0.085","0.436","0.758"
"048940","1","4.503","3.582","-1.485"
"048947","1","4.448","3.433","-1.368"
"048950","1","4.388","3.321","-1.294"
"048950","2","0.074","0.413","0.664"
"048954","1","4.393","3.222","-1.312"
"048955","2","0.075","0.391","0.614"
"048960","1","4.458","3.153","-1.368"
"048960","2","0.078","0.370","0.567"
"048965","2","0.088","0.354","0.524"
"048965","1","4.549","3.109","-1.414"
"048970","2","0.098","0.341","0.484"
"048975","2","0.108","0.334","0.457"
"048976","1","4.603","2.952","-1.388"
"048980","2","0.118","0.326","0.429"
"048980","1","4.605","2.893","-1.466"
"048985","2","0.130","0.307","0.389"
"048985","1","4.615","2.791","-1.505"
"048990","2","0.141","0.273","0.353"
"048990","1","4.664","2.669","-1.702"
"048995","2","0.140","0.224","0.342"
"048995","1","4.722","2.583","-2.042"
"049002","1","4.697","2.479","-2.261"
"049006","2","0.107","0.127","0.342"
"049006","1","4.632","2.413","-2.325"
"049010","2","0.105","0.099","0.326"
"049011","1","4.554","2.363","-2.252"
"049015","2","0.107","0.085","0.310"
"049016","1","4.539","2.328","-2.156"
"049020","2","0.109","0.069","0.294"
"049021","1","4.497","2.335","-2.210"
"049025","2","0.102","0.036","0.272"
"049030","2","0.091","-0.007","0.251"
"049031","1","4.415","2.306","-2.056"
"049035","2","0.077","-0.057","0.231"
"049036","1","4.379","2.319","-1.954"
"049041","2","0.072","-0.110","0.221"
"049042","1","4.378","2.352","-1.804"
"049046","1","4.438","2.395","-1.598"
"049047","2","0.063","-0.151","0.223"
"049050","1","4.459","2.403","-1.430"
"049051","2","0.036","-0.174","0.223"
"049057","1","4.392","2.373","-1.440"
"049062","2","-0.029","-0.187","0.183"
"049062","1","4.358","2.300","-1.484"
"049066","2","-0.072","-0.165","0.190"
"049066","1","4.418","2.257","-1.476"
"049071","2","-0.118","-0.127","0.218"
"049072","1","4.392","2.030","-1.478"
"049076","2","-0.155","-0.091","0.229"
"049076","1","4.240","1.707","-1.461"
"049081","2","-0.166","-0.070","0.222"
"049087","1","3.867","1.159","-1.347"
"049091","2","-0.118","-0.086","0.217"
"049091","1","3.707","1.079","-1.347"
"049096","2","-0.063","-0.112","0.229"
"049097","1","3.631","1.112","-1.213"
"049101","2","0.002","-0.140","0.244"
"049102","1","3.547","1.183","-0.991"
"049106","2","0.063","-0.161","0.256"
"049107","1","3.528","1.295","-0.781"
"049111","2","0.110","-0.170","0.262"
"049117","2","0.141","-0.168","0.259"
"049117","1","3.676","1.578","-0.283"
"049121","1","3.748","1.639","-0.160"
"049122","2","0.155","-0.161","0.249"
"049126","1","3.782","1.743","-0.017"
"049127","2","0.147","-0.149","0.232"
"049131","1","3.812","1.871","0.150"
"049132","2","0.125","-0.132","0.217"
"049136","2","0.094","-0.111","0.200"
"049137","1","3.836","1.960","0.235"
"049144","1","3.807","2.005","0.211"
"049147","2","0.025","-0.044","0.151"
"049147","1","3.815","2.089","0.210"
"049152","2","-0.012","-0.006","0.133"
"049152","1","3.805","2.147","0.152"
"049156","1","3.745","2.149","0.040"
"049157","2","-0.049","0.029","0.107"
"049162","2","-0.075","0.055","0.078"
"049162","1","3.695","2.127","-0.112"
"049166","2","-0.093","0.069","0.052"
"049173","2","-0.103","0.075","0.035"
"049173","1","3.589","2.009","-0.271"
"049177","2","-0.100","0.072","0.026"
"049177","1","3.586","1.937","-0.335"
"049182","1","3.615","1.833","-0.387"
"049184","2","-0.089","0.064","0.018"
"049187","2","-0.075","0.053","0.009"
"049188","1","3.715","1.806","-0.462"
"049192","1","3.806","1.842","-0.495"
"049193","2","-0.049","0.043","-0.003"
"049199","2","-0.020","0.040","-0.012"
"049203","2","0.005","0.047","-0.026"
"049203","1","3.990","1.824","-0.643"
"049207","2","0.028","0.058","-0.035"
"049208","1","4.043","1.768","-0.697"
"049212","2","0.048","0.073","-0.034"
"049213","1","4.063","1.728","-0.763"
"049217","2","0.055","0.080","-0.033"
"049218","1","4.063","1.700","-0.810"
"049222","1","3.685","1.827","-1.368"
"049227","2","0.146","0.042","-0.035"
"049231","1","3.643","2.676","-2.238"
"049233","2","0.042","0.083","-0.047"
"049234","1","4.347","2.434","-0.336"
"049245","2","-0.193","0.048","-0.047"
"049246","1","3.458","1.602","-0.622"
"049250","1","4.002","1.537","-0.395"
"049250","2","-0.232","0.010","-0.013"
"049253","2","-0.225","0.015","-0.004"
"049253","1","4.236","1.428","-0.829"
