"640417","2","0.043","-0.064","0.113"
"640418","1","-0.264","0.079","-0.075"
"640419","2","0.049","-0.071","0.115"
"640419","1","-0.217","0.073","-0.043"
"640424","1","-0.167","0.061","0.013"
"640424","2","0.052","-0.074","0.117"
"640429","2","0.053","-0.074","0.119"
"640431","1","-0.148","0.070","0.032"
"640434","2","0.049","-0.073","0.120"
"640435","1","-0.150","0.077","0.061"
"640449","1","-0.118","-0.027","0.163"
"640454","2","0.015","-0.077","0.121"
"640455","1","-0.045","-0.043","0.185"
"640456","2","0.002","-0.079","0.123"
"640458","2","-0.004","-0.078","0.128"
"640459","1","-0.025","-0.049","0.151"
"640463","1","-0.013","-0.069","0.121"
"640464","2","-0.008","-0.076","0.134"
"640468","2","-0.005","-0.076","0.140"
"640469","1","0.004","-0.121","0.114"
"640473","1","0.025","-0.164","0.095"
"640479","2","0.012","-0.075","0.145"
"640480","1","0.064","-0.171","0.090"
"640483","2","0.027","-0.076","0.148"
"640484","1","0.076","-0.166","0.093"
"640488","1","0.060","-0.175","0.075"
"640489","2","0.040","-0.075","0.151"
"640493","2","0.054","-0.076","0.154"
"640493","1","0.063","-0.157","0.050"
"640498","2","0.068","-0.074","0.159"
"640506","2","0.078","-0.076","0.163"
"640507","1","0.013","-0.138","0.054"
"640510","2","0.081","-0.078","0.170"
"640511","1","0.010","-0.109","0.063"
"640513","1","0.008","-0.072","0.071"
"640514","2","0.085","-0.080","0.178"
"640517","2","0.086","-0.084","0.187"
"640518","1","0.024","-0.047","0.062"
"640522","1","0.078","-0.020","0.066"
"640523","2","0.083","-0.086","0.193"
"640537","1","0.181","-0.037","0.064"
"640545","2","0.066","-0.078","0.207"
"640547","1","0.197","-0.096","0.027"
"640548","1","0.212","-0.157","0.043"
"640549","2","0.060","-0.068","0.202"
"640552","2","0.056","-0.057","0.203"
"640554","1","0.212","-0.175","0.079"
"640556","2","0.053","-0.049","0.204"
"640557","1","0.212","-0.180","0.089"
"640561","1","0.218","-0.167","0.048"
"640566","1","0.212","-0.153","0.014"
"640567","2","0.070","-0.038","0.204"
"640571","1","0.196","-0.140","0.032"
"640572","2","0.080","-0.036","0.210"
"640576","2","0.089","-0.034","0.210"
"640576","1","0.184","-0.132","0.028"
"640581","1","0.160","-0.144","0.049"
"640581","2","0.095","-0.033","0.204"
"640585","2","0.094","-0.034","0.199"
"640586","1","0.189","-0.116","0.003"
"640595","1","0.129","-0.072","-0.005"
"640596","2","0.081","-0.031","0.199"
"640596","1","0.141","-0.041","-0.005"
"640601","2","0.075","-0.029","0.200"
"640601","1","0.112","-0.020","-0.012"
"640605","2","0.066","-0.029","0.201"
"640606","1","0.142","-0.020","-0.023"
"640610","2","0.056","-0.029","0.205"
"640616","1","0.149","-0.008","-0.006"
"640623","2","0.046","-0.031","0.206"
"640627","2","0.044","-0.031","0.207"
"640636","2","0.053","-0.026","0.207"
"640637","1","0.104","-0.003","-0.023"
"640640","1","0.072","0.038","-0.067"
"640642","2","0.064","-0.023","0.202"
"640646","1","0.049","0.042","-0.080"
"640647","2","0.074","-0.020","0.195"
"640652","1","0.030","0.044","-0.122"
"640653","2","0.078","-0.022","0.193"
"640655","2","0.084","-0.024","0.191"
"640662","2","0.084","-0.028","0.191"
"640663","1","-0.058","0.116","-0.153"
"640665","2","0.078","-0.033","0.192"
"640665","1","-0.106","0.129","-0.181"
"640670","2","0.074","-0.038","0.195"
"640670","1","-0.124","0.151","-0.181"
"640674","2","0.064","-0.044","0.200"
"640675","1","-0.182","0.174","-0.223"
"640679","2","0.052","-0.049","0.202"
"640680","1","-0.214","0.176","-0.280"
"640685","2","0.045","-0.056","0.207"
"640689","2","0.047","-0.064","0.210"
"640690","1","-0.302","0.195","-0.262"
"640694","2","0.050","-0.074","0.214"
"640695","1","-0.332","0.213","-0.249"
"640699","1","-0.358","0.215","-0.219"
"640700","2","0.060","-0.082","0.218"
"640704","2","0.070","-0.096","0.218"
"640705","1","-0.401","0.205","-0.194"
"640709","1","-0.398","0.193","-0.183"
"640714","2","0.094","-0.105","0.222"
"640715","1","-0.410","0.186","-0.194"
"640719","1","-0.440","0.171","-0.200"
"640720","2","0.109","-0.106","0.226"
"640724","2","0.121","-0.110","0.225"
"640725","1","-0.462","0.172","-0.209"
"640729","2","0.130","-0.117","0.226"
"640729","1","-0.469","0.200","-0.240"
"640734","2","0.138","-0.121","0.226"
"640734","1","-0.472","0.231","-0.276"
"640739","2","0.147","-0.131","0.232"
"640744","2","0.145","-0.140","0.238"
"640745","1","-0.460","0.283","-0.277"
"640749","2","0.139","-0.146","0.242"
"640749","1","-0.486","0.320","-0.303"
"640754","2","0.133","-0.149","0.242"
"640754","1","-0.473","0.343","-0.366"
"640759","1","-0.475","0.330","-0.392"
"640759","2","0.124","-0.151","0.244"
"640763","2","0.116","-0.154","0.238"
"640768","2","0.109","-0.159","0.231"
"640769","1","-0.553","0.312","-0.341"
"640774","2","0.104","-0.166","0.225"
"640774","1","-0.559","0.309","-0.334"
"640778","1","-0.549","0.314","-0.337"
"640779","2","0.106","-0.175","0.219"
"640783","2","0.113","-0.183","0.217"
"640785","1","-0.550","0.301","-0.330"
"640788","1","-0.552","0.302","-0.288"
"640789","2","0.123","-0.195","0.211"
"640797","1","-0.533","0.278","-0.248"
"640798","2","0.148","-0.210","0.205"
"640800","1","-0.502","0.248","-0.248"
"640803","2","0.158","-0.215","0.198"
"640804","1","-0.494","0.304","-0.283"
"640808","2","0.163","-0.220","0.190"
"640808","1","-0.490","0.343","-0.279"
"640812","2","0.165","-0.222","0.180"
"640813","1","-0.469","0.370","-0.260"
"640817","1","-0.414","0.398","-0.220"
"640823","2","0.160","-0.218","0.161"
"640823","1","-0.412","0.393","-0.197"
"640828","1","-0.388","0.404","-0.243"
"640829","2","0.150","-0.214","0.146"
"640832","2","0.142","-0.208","0.132"
"640833","1","-0.361","0.405","-0.275"
"640837","2","0.136","-0.199","0.116"
"640838","1","-0.424","0.382","-0.288"
"640842","1","-0.410","0.349","-0.263"
"640842","2","0.131","-0.194","0.104"
"640850","2","0.125","-0.194","0.090"
"640852","2","0.120","-0.198","0.077"
"640857","2","0.126","-0.202","0.070"
"640858","1","-0.338","0.356","-0.242"
"640862","2","0.131","-0.207","0.064"
"640863","1","-0.311","0.334","-0.228"
"640867","1","-0.287","0.271","-0.136"
"640867","2","0.130","-0.216","0.061"
"640872","1","-0.274","0.197","-0.019"
"640873","2","0.127","-0.219","0.058"
"640880","2","0.117","-0.216","0.052"
"640882","1","-0.161","0.027","-0.029"
"640883","2","0.108","-0.211","0.051"
"640887","1","-0.110","0.040","0.013"
"640887","2","0.100","-0.201","0.053"
"640892","1","-0.054","0.050","0.099"
"640892","2","0.091","-0.193","0.054"
"640896","1","-0.041","0.019","0.151"
"640897","2","0.085","-0.186","0.053"
"640901","1","-0.028","-0.023","0.092"
"640906","1","-0.023","-0.087","0.069"
"640907","2","0.064","-0.167","0.044"
"640912","2","0.050","-0.159","0.038"
"640912","1","-0.054","-0.175","0.127"
"640916","2","0.039","-0.148","0.035"
"640917","1","-0.050","-0.248","0.261"
"640921","1","-0.050","-0.302","0.353"
"640922","2","0.039","-0.142","0.038"
"640926","1","-0.025","-0.349","0.313"
"640927","2","0.048","-0.136","0.049"
"640931","1","0.013","-0.388","0.277"
"640937","1","0.037","-0.450","0.236"
"640938","2","0.099","-0.131","0.069"
"640941","1","0.057","-0.534","0.226"
"640943","2","0.129","-0.135","0.077"
"640946","1","0.096","-0.623","0.236"
"640946","2","0.151","-0.140","0.078"
"640950","1","0.169","-0.658","0.253"
"640951","2","0.167","-0.143","0.079"
"640956","1","0.243","-0.624","0.265"
"640961","1","0.301","-0.558","0.306"
"640961","2","0.198","-0.142","0.104"
"640966","2","0.207","-0.137","0.118"
"640966","1","0.354","-0.541","0.361"
"640970","2","0.213","-0.130","0.128"
"640971","1","0.399","-0.553","0.361"
"640975","1","0.453","-0.568","0.357"
"640976","2","0.207","-0.122","0.135"
"640980","2","0.198","-0.110","0.140"
"640981","1","0.508","-0.570","0.360"
"640988","2","0.182","-0.099","0.140"
"640991","2","0.165","-0.088","0.147"
"640991","1","0.547","-0.557","0.309"
"640995","2","0.153","-0.075","0.151"
"640996","1","0.566","-0.540","0.272"
"641000","2","0.147","-0.063","0.158"
"641001","1","0.546","-0.543","0.272"
"641005","2","0.140","-0.058","0.163"
"641006","1","0.520","-0.547","0.282"
"641010","1","0.532","-0.568","0.351"
"641015","1","0.560","-0.599","0.374"
"641016","2","0.135","-0.059","0.178"
"641020","2","0.136","-0.057","0.187"
"641020","1","0.597","-0.631","0.319"
"641025","2","0.138","-0.052","0.199"
"641025","1","0.625","-0.661","0.278"
"641030","1","0.642","-0.703","0.252"
"641030","2","0.133","-0.044","0.211"
"641034","1","0.639","-0.747","0.191"
"641035","2","0.130","-0.033","0.225"
"641041","2","0.130","-0.019","0.234"
"641045","2","0.137","-0.007","0.242"
"641045","1","0.605","-0.702","0.097"
"641051","1","0.551","-0.651","0.074"
"641051","2","0.147","0.003","0.249"
"641054","1","0.551","-0.559","0.083"
"641055","2","0.163","0.008","0.255"
"641059","1","0.497","-0.494","0.085"
"641060","2","0.189","0.009","0.258"
"641065","2","0.215","0.005","0.263"
"641070","1","0.430","-0.407","-0.042"
"641071","2","0.232","-0.002","0.265"
"641075","2","0.245","-0.008","0.263"
"641076","1","0.414","-0.400","-0.051"
"641079","2","0.253","-0.012","0.262"
"641080","1","0.358","-0.348","-0.080"
"641084","2","0.248","-0.015","0.258"
"641084","1","0.350","-0.297","-0.041"
"641089","2","0.244","-0.018","0.255"
"641094","2","0.234","-0.020","0.255"
"641099","2","0.221","-0.016","0.251"
"641100","1","0.383","-0.194","-0.155"
"641104","2","0.209","-0.017","0.248"
"641104","1","0.393","-0.210","-0.266"
"641109","2","0.202","-0.022","0.242"
"641109","1","0.377","-0.153","-0.245"
"641114","1","0.355","-0.101","-0.309"
"641114","2","0.202","-0.024","0.241"
"641118","1","0.316","-0.083","-0.341"
"641119","2","0.210","-0.027","0.241"
"641124","1","0.288","-0.021","-0.455"
"641128","1","0.231","0.037","-0.514"
"641129","2","0.252","-0.041","0.225"
"641133","2","0.276","-0.054","0.213"
"641134","1","0.129","0.031","-0.579"
"641138","1","0.085","0.003","-0.683"
"641139","2","0.294","-0.068","0.193"
"641143","1","0.030","0.025","-0.783"
"641144","2","0.307","-0.083","0.175"
"641148","2","0.317","-0.104","0.159"
"641155","2","0.325","-0.128","0.145"
"641155","1","-0.131","0.147","-0.877"
"641159","2","0.332","-0.159","0.133"
"641160","1","-0.195","0.269","-0.842"
"641169","2","0.333","-0.239","0.110"
"641171","1","-0.216","0.581","-0.576"
"641174","2","0.325","-0.279","0.095"
"641178","1","-0.088","0.656","-0.479"
"641178","2","0.306","-0.312","0.075"
"641183","2","0.265","-0.339","0.063"
"641188","2","0.214","-0.355","0.046"
"641189","1","0.271","0.804","-0.106"
"641193","2","0.150","-0.359","0.026"
"641193","1","0.459","0.757","0.042"
"641198","2","0.067","-0.346","0.002"
"641198","1","0.649","0.603","0.152"
"641202","2","-0.026","-0.320","-0.025"
"641203","1","0.817","0.378","0.248"
"641207","2","-0.120","-0.278","-0.049"
"641208","1","0.922","0.186","0.317"
"641213","1","0.989","0.075","0.383"
"641217","2","-0.221","-0.192","-0.081"
"641218","1","1.024","-0.043","0.453"
"641222","1","1.027","-0.225","0.362"
"641222","2","-0.227","-0.158","-0.092"
"641232","2","-0.189","-0.130","-0.121"
"641232","1","1.041","-0.631","0.390"
"641237","2","-0.161","-0.154","-0.127"
"641237","1","1.123","-0.722","0.624"
"641242","2","-0.125","-0.170","-0.112"
"641247","2","-0.059","-0.169","-0.091"
"641247","1","1.675","-0.506","-0.453"
"641252","2","0.020","-0.210","-0.085"
"641252","1","2.095","-0.582","0.057"
"641257","1","2.544","-1.007","1.548"
"641257","2","0.054","-0.336","-0.093"
"641262","1","3.016","-1.550","2.793"
"641262","2","0.010","-0.484","-0.084"
"641268","2","-0.072","-0.538","-0.021"
"641268","1","3.477","-1.900","3.335"
"641274","2","-0.129","-0.426","0.096"
"641276","2","-0.123","-0.171","0.208"
"641277","1","3.738","-2.119","2.442"
"641281","2","-0.063","0.132","0.252"
"641282","1","3.332","-2.074","1.604"
"641286","2","0.008","0.382","0.190"
"641287","1","2.710","-1.780","0.946"
"641291","1","2.094","-1.241","0.563"
"641291","2","0.072","0.515","0.056"
"641296","1","1.638","-0.565","0.281"
"641300","2","0.147","0.478","-0.173"
"641302","1","1.296","0.051","0.153"
"641306","2","0.130","0.387","-0.189"
"641306","1","1.046","0.505","0.253"
"641311","1","0.867","0.755","0.551"
"641311","2","0.073","0.282","-0.136"
"641316","1","0.752","0.802","0.744"
"641317","2","-0.013","0.180","-0.045"
"641321","1","0.759","0.726","0.634"
"641321","2","-0.106","0.103","0.042"
"641326","2","-0.198","0.051","0.091"
"641331","2","-0.290","0.026","0.089"
"641332","1","1.175","0.211","0.472"
"641335","2","-0.381","0.018","0.051"
"641340","2","-0.461","0.025","-0.010"
"641341","1","1.574","-0.032","0.321"
"641345","2","-0.521","0.042","-0.058"
"641346","1","1.953","-0.193","0.521"
"641350","1","2.264","-0.385","1.094"
"641351","2","-0.561","0.080","-0.074"
"641355","2","-0.563","0.171","-0.062"
"641361","2","-0.517","0.284","-0.041"
"641362","1","2.359","-0.926","0.391"
"641365","2","-0.456","0.378","-0.035"
"641366","1","2.086","-1.233","0.567"
"641370","2","-0.364","0.434","-0.039"
"641370","1","1.700","-1.333","0.693"
"641375","2","-0.240","0.456","-0.050"
"641376","1","1.277","-1.229","0.593"
"641380","2","-0.112","0.451","-0.061"
"641385","2","-0.012","0.429","-0.066"
"641385","1","0.608","-0.859","0.329"
"641390","2","0.060","0.394","-0.058"
"641391","1","0.326","-0.589","0.384"
"641395","2","0.089","0.364","-0.037"
"641395","1","0.063","-0.329","0.466"
"641399","1","-0.112","-0.048","0.522"
"641400","2","0.079","0.340","-0.005"
"641404","1","-0.252","0.215","0.471"
"641405","2","0.054","0.324","0.029"
"641411","1","-0.368","0.364","0.436"
"641416","2","-0.048","0.306","0.058"
"641416","1","-0.491","0.418","0.412"
"641420","2","-0.112","0.296","0.048"
"641420","1","-0.594","0.449","0.327"
"641424","2","-0.164","0.298","0.032"
"641425","1","-0.652","0.487","0.167"
"641429","1","-0.702","0.509","0.012"
"641429","2","-0.201","0.300","0.017"
"641434","1","-0.766","0.515","-0.112"
"641440","2","-0.230","0.302","0.006"
"641441","1","-0.852","0.525","-0.195"
"641444","2","-0.223","0.292","0.008"
"641445","1","-0.937","0.511","-0.259"
"641449","2","-0.208","0.272","0.017"
"641449","1","-1.050","0.479","-0.276"
"641454","1","-1.167","0.471","-0.271"
"641454","2","-0.181","0.243","0.026"
"641459","2","-0.149","0.209","0.036"
"641459","1","-1.252","0.482","-0.314"
"641466","2","-0.105","0.173","0.046"
"641470","2","-0.061","0.140","0.055"
"641470","1","-1.329","0.550","-0.413"
"641474","1","-1.343","0.543","-0.417"
"641474","2","-0.024","0.111","0.061"
"641479","1","-1.335","0.579","-0.396"
"641479","2","0.008","0.087","0.062"
"641484","1","-1.324","0.651","-0.321"
"641485","2","0.031","0.066","0.060"
"641488","1","-1.346","0.706","-0.286"
"641494","1","-1.325","0.748","-0.301"
"641495","2","0.058","0.043","0.049"
"641499","2","0.061","0.045","0.043"
"641499","1","-1.276","0.792","-0.317"
"641503","1","-1.282","0.840","-0.346"
"641504","2","0.055","0.050","0.031"
"641508","1","-1.335","0.857","-0.396"
"641509","2","0.048","0.053","0.018"
"641513","1","-1.336","0.890","-0.483"
"641513","2","0.042","0.053","0.003"
"641519","1","-1.362","0.892","-0.512"
"641523","2","0.017","0.040","-0.024"
"641523","1","-1.423","0.888","-0.511"
"641528","2","0.007","0.029","-0.029"
"641529","1","-1.474","0.898","-0.502"
"641533","2","0.005","0.020","-0.030"
"641533","1","-1.501","0.910","-0.543"
"641538","2","0.010","0.009","-0.026"
"641539","1","-1.531","0.898","-0.607"
"641543","1","-1.532","0.879","-0.619"
"641548","1","-1.561","0.839","-0.596"
"641549","2","0.035","-0.025","-0.028"
"641553","2","0.051","-0.051","-0.033"
"641553","1","-1.574","0.830","-0.551"
"641558","2","0.072","-0.075","-0.038"
"641558","1","-1.489","0.824","-0.561"
"641563","1","-1.447","0.822","-0.592"
"641563","2","0.086","-0.098","-0.044"
"641568","2","0.092","-0.112","-0.045"
"641568","1","-1.370","0.809","-0.578"
"641575","2","0.093","-0.124","-0.052"
"641577","2","0.085","-0.132","-0.059"
"641582","1","-1.233","0.766","-0.423"
"641583","2","0.072","-0.142","-0.069"
"641587","2","0.063","-0.148","-0.078"
"641588","1","-1.163","0.726","-0.388"
"641593","2","0.052","-0.150","-0.087"
"641593","1","-1.100","0.731","-0.365"
"641597","1","-1.019","0.634","-0.355"
"641598","2","0.045","-0.153","-0.096"
"641603","1","-0.945","0.566","-0.299"
"641607","2","0.033","-0.173","-0.110"
"641608","1","-0.893","0.472","-0.273"
"641612","2","0.032","-0.173","-0.109"
"641613","1","-0.792","0.428","-0.323"
"641617","2","0.034","-0.172","-0.110"
"641618","1","-0.691","0.359","-0.382"
"641622","2","0.037","-0.167","-0.111"
"641623","1","-0.647","0.269","-0.395"
"641627","2","0.043","-0.165","-0.110"
"641632","2","0.060","-0.154","-0.107"
"641632","1","-0.699","0.280","-0.426"
"641637","2","0.092","-0.146","-0.101"
"641637","1","-0.740","0.310","-0.431"
"641642","1","-0.863","0.364","-0.501"
"641642","2","0.132","-0.146","-0.093"
"641646","2","0.179","-0.157","-0.087"
"641647","1","-0.982","0.410","-0.540"
"641651","1","-1.089","0.462","-0.586"
"641652","2","0.227","-0.177","-0.082"
"641659","2","0.275","-0.210","-0.072"
"641663","2","0.326","-0.251","-0.056"
"641663","1","-1.196","0.688","-0.745"
"641666","2","0.374","-0.298","-0.038"
"641667","1","-1.207","0.793","-0.763"
"641671","1","-1.170","0.871","-0.804"
"641672","2","0.417","-0.351","-0.021"
"641676","1","-1.094","0.929","-0.869"
"641677","2","0.449","-0.407","-0.009"
"641681","1","-1.008","0.983","-0.909"
"641689","1","-0.890","1.023","-0.918"
"641690","2","0.444","-0.554","-0.023"
"641692","1","-0.731","1.070","-0.882"
"641696","2","0.409","-0.602","-0.035"
"641697","1","-0.534","1.096","-0.845"
"641701","2","0.364","-0.647","-0.047"
"641702","1","-0.323","1.046","-0.789"
"641711","1","0.034","0.671","-0.144"
"641711","2","0.235","-0.739","-0.083"
"641716","1","0.244","0.393","0.326"
"641721","1","0.615","0.111","0.397"
"641722","2","0.098","-0.830","-0.102"
"641726","2","0.053","-0.848","-0.097"
"641727","1","1.128","-0.170","0.181"
"641730","1","1.822","-0.466","-0.806"
"641731","2","0.019","-0.840","-0.085"
"641735","2","-0.005","-0.824","-0.080"
"641736","1","2.703","-0.600","-1.741"
"641740","2","0.015","-0.918","-0.098"
"641741","1","3.702","-1.006","0.351"
"641748","1","4.754","-2.488","4.603"
"641750","2","-0.235","-1.399","-0.001"
"641751","1","5.992","-4.300","7.092"
"641755","1","7.211","-5.316","7.066"
"641756","2","-0.473","-1.369","0.223"
"641760","2","-0.527","-0.984","0.521"
"641761","1","7.900","-5.319","6.165"
"641765","2","-0.323","-0.387","0.741"
"641766","1","7.719","-4.727","4.797"
"641770","2","0.062","0.197","0.745"
"641775","2","0.453","0.600","0.520"
"641776","1","5.341","-3.547","1.795"
"641780","2","0.704","0.799","0.173"
"641781","1","4.027","-2.898","1.020"
"641785","2","0.796","0.875","-0.145"
"641785","1","2.918","-1.866","0.397"
"641789","2","0.786","0.920","-0.328"
"641790","1","1.972","-0.630","-0.109"
"641795","1","1.059","0.446","-0.368"
"641795","2","0.714","0.965","-0.351"
"641801","2","0.614","0.992","-0.262"
"641806","1","-0.703","1.704","-0.331"
"641806","2","0.493","0.968","-0.123"
"641810","2","0.367","0.863","0.004"
"641810","1","-1.363","1.804","-0.270"
"641814","2","0.241","0.675","0.079"
"641819","1","-1.637","1.572","-0.518"
"641820","2","0.115","0.427","0.092"
"641824","2","-0.030","0.142","0.070"
"641825","1","-1.554","1.034","-0.334"
"641830","1","-1.149","0.412","0.125"
"641835","1","-0.463","-0.084","0.043"
"641836","2","-0.290","-0.241","0.086"
"641839","2","-0.329","-0.261","0.148"
"641840","1","0.278","-0.270","0.119"
"641844","2","-0.327","-0.183","0.212"
"641845","1","0.928","-0.374","0.371"
"641849","2","-0.290","-0.041","0.239"
"641849","1","1.428","-0.493","0.315"
"641854","2","-0.235","0.137","0.214"
"641858","2","-0.191","0.308","0.131"
"641859","1","1.761","-0.862","-0.197"
"641864","2","-0.138","0.441","0.022"
"641865","1","1.571","-0.770","-0.264"
"641869","1","1.184","-0.507","-0.229"
"641869","2","-0.082","0.531","-0.077"
"641874","2","-0.040","0.578","-0.142"
"641874","1","0.678","-0.238","-0.115"
"641879","2","-0.014","0.594","-0.162"
"641879","1","0.156","-0.036","-0.040"
"641886","1","-0.286","0.145","-0.066"
"641889","1","-0.677","0.264","-0.111"
"641890","2","-0.007","0.553","-0.101"
"641893","2","-0.019","0.499","-0.047"
"641894","1","-0.958","0.305","-0.126"
"641898","2","-0.034","0.432","0.003"
"641898","1","-1.168","0.346","-0.173"
"641903","1","-1.311","0.342","-0.236"
"641903","2","-0.049","0.363","0.038"
"641908","2","-0.063","0.302","0.062"
"641913","2","-0.078","0.253","0.068"
"641914","1","-1.382","0.326","-0.180"
"641918","2","-0.094","0.222","0.066"
"641919","1","-1.326","0.292","-0.137"
"641923","1","-1.237","0.248","-0.104"
"641923","2","-0.112","0.217","0.060"
"641928","2","-0.129","0.231","0.054"
"641928","1","-1.147","0.236","-0.132"
"641932","2","-0.150","0.255","0.050"
"641933","1","-1.100","0.256","-0.164"
"641938","1","-1.082","0.261","-0.183"
"641943","1","-1.073","0.240","-0.175"
"641944","2","-0.156","0.295","0.044"
"641947","2","-0.153","0.303","0.041"
"641948","1","-1.091","0.220","-0.145"
"641952","2","-0.143","0.300","0.038"
"641953","1","-1.132","0.207","-0.133"
"641957","2","-0.131","0.297","0.040"
"641958","1","-1.166","0.198","-0.147"
"641962","2","-0.113","0.290","0.050"
"641967","2","-0.097","0.283","0.063"
"641968","1","-1.175","0.260","-0.256"
"641972","2","-0.079","0.279","0.078"
"641973","1","-1.186","0.277","-0.305"
"641977","2","-0.063","0.271","0.088"
"641978","1","-1.195","0.311","-0.337"
"641982","2","-0.050","0.262","0.095"
"641982","1","-1.219","0.354","-0.352"
"641987","2","-0.040","0.257","0.099"
"641987","1","-1.257","0.347","-0.399"
"641992","1","-1.275","0.342","-0.432"
"641997","2","-0.028","0.244","0.098"
"641998","1","-1.294","0.381","-0.444"
"642002","1","-1.312","0.409","-0.472"
"642002","2","-0.021","0.240","0.100"
"642007","1","-1.306","0.462","-0.514"
"642007","2","-0.012","0.237","0.104"
"642012","2","-0.003","0.229","0.107"
"642012","1","-1.327","0.525","-0.551"
"642016","1","-1.363","0.548","-0.581"
"642022","2","0.014","0.210","0.110"
"642022","1","-1.385","0.554","-0.631"
"642027","1","-1.392","0.604","-0.750"
"642028","2","0.018","0.197","0.109"
"642031","2","0.025","0.179","0.106"
"642032","1","-1.383","0.644","-0.851"
"642036","1","-1.344","0.710","-0.903"
"642037","2","0.022","0.159","0.104"
"642041","2","0.025","0.135","0.099"
"642042","1","-1.319","0.769","-1.016"
"642049","1","-1.322","0.843","-1.070"
"642052","2","0.042","0.080","0.092"
"642053","1","-1.281","0.839","-1.059"
"642056","2","0.042","0.047","0.084"
"642061","1","-1.237","0.839","-1.044"
"642061","2","0.042","0.016","0.075"
"642066","1","-1.152","0.851","-1.121"
"642066","2","0.047","-0.012","0.066"
"642071","1","-1.062","0.843","-1.170"
"642071","2","0.052","-0.039","0.056"
"642080","1","-0.926","0.864","-1.253"
"642081","2","0.045","-0.091","0.038"
"642082","1","-0.837","0.827","-1.223"
"642086","1","-0.790","0.834","-1.159"
"642086","2","0.036","-0.117","0.021"
"642090","2","0.031","-0.143","0.006"
"642091","1","-0.749","0.789","-1.140"
"642095","2","0.025","-0.169","-0.010"
"642096","1","-0.665","0.749","-1.123"
"642100","2","0.025","-0.192","-0.022"
"642105","1","-0.549","0.583","-0.969"
"642106","2","0.026","-0.219","-0.037"
"642110","2","0.028","-0.243","-0.049"
"642111","1","-0.482","0.475","-0.929"
"642115","2","0.037","-0.265","-0.061"
"642116","1","-0.386","0.431","-0.880"
"642120","1","-0.295","0.434","-0.850"
"642120","2","0.053","-0.289","-0.070"
"642125","2","0.068","-0.311","-0.079"
"642126","1","-0.228","0.449","-0.805"
"642131","2","0.083","-0.333","-0.088"
"642136","2","0.088","-0.352","-0.104"
"642136","1","-0.050","0.499","-0.751"
"642140","2","0.074","-0.368","-0.119"
"642141","1","0.017","0.456","-0.715"
"642145","2","0.049","-0.380","-0.140"
"642145","1","0.073","0.421","-0.667"
"642150","2","0.018","-0.393","-0.159"
"642150","1","0.144","0.397","-0.573"
"642155","1","0.209","0.384","-0.445"
"642160","2","-0.037","-0.421","-0.184"
"642160","1","0.283","0.344","-0.313"
"642165","2","-0.064","-0.444","-0.189"
"642165","1","0.385","0.240","-0.156"
"642169","2","-0.091","-0.465","-0.191"
"642170","1","0.537","0.114","-0.066"
"642174","1","0.719","-0.003","-0.003"
"642175","2","-0.112","-0.479","-0.193"
"642179","2","-0.128","-0.484","-0.190"
"642180","1","0.907","-0.155","0.113"
"642185","2","-0.143","-0.479","-0.189"
"642189","2","-0.150","-0.478","-0.186"
"642190","1","1.282","-0.496","0.518"
"642194","1","1.599","-0.756","0.622"
"642195","2","-0.165","-0.481","-0.187"
"642199","1","2.084","-1.045","0.125"
"642200","2","-0.185","-0.465","-0.182"
"642204","1","2.710","-1.366","0.717"
"642204","2","-0.200","-0.467","-0.178"
"642209","1","3.360","-1.991","2.974"
"642216","2","-0.344","-0.627","-0.080"
"642216","1","3.965","-2.843","4.831"
"642219","2","-0.442","-0.607","0.047"
"642220","1","4.512","-3.503","5.204"
"642224","2","-0.449","-0.416","0.205"
"642224","1","4.811","-3.800","4.818"
"642231","2","-0.331","-0.099","0.326"
"642233","1","4.207","-3.314","3.172"
"642234","2","-0.114","0.243","0.345"
"642239","2","0.137","0.524","0.244"
"642244","2","0.332","0.698","0.068"
"642247","1","2.619","-2.046","1.373"
"642249","2","0.426","0.774","-0.110"
"642250","1","1.929","-1.231","0.780"
"642254","2","0.438","0.794","-0.231"
"642254","1","1.331","-0.376","0.271"
"642258","1","0.792","0.419","-0.076"
"642259","2","0.384","0.785","-0.262"
"642263","2","0.294","0.753","-0.217"
"642264","1","0.308","1.069","-0.271"
"642271","1","-0.115","1.522","-0.240"
"642273","2","0.088","0.585","-0.027"
"642274","1","-0.441","1.592","-0.214"
"642278","2","-0.015","0.445","0.047"
"642278","1","-0.528","1.373","-0.448"
"642283","2","-0.112","0.288","0.085"
"642283","1","-0.430","0.961","-0.316"
"642288","2","-0.204","0.121","0.094"
"642288","1","-0.106","0.532","0.215"
"642292","2","-0.273","-0.018","0.103"
"642297","2","-0.291","-0.070","0.129"
"642302","1","0.796","-0.053","-0.148"
"642303","2","-0.244","-0.043","0.162"
"642307","2","-0.186","0.030","0.182"
"642308","1","1.120","-0.316","-0.009"
"642312","2","-0.126","0.123","0.175"
"642313","1","1.258","-0.535","0.243"
"642317","2","-0.065","0.215","0.144"
"642318","1","1.307","-0.612","0.321"
"642322","1","1.222","-0.529","0.293"
"642327","2","0.036","0.352","0.053"
"642328","1","1.016","-0.314","0.260"
"642332","2","0.072","0.383","0.020"
"642333","1","0.683","-0.046","0.254"
"642337","2","0.089","0.387","0.006"
"642338","1","0.329","0.177","0.272"
"642342","1","0.016","0.315","0.224"
"642343","2","0.081","0.373","0.009"
"642347","2","0.063","0.341","0.027"
"642347","1","-0.259","0.380","0.143"
"642355","1","-0.432","0.460","0.019"
"642357","2","0.008","0.260","0.077"
"642358","1","-0.523","0.499","-0.003"
"642362","2","-0.020","0.214","0.097"
"642363","1","-0.602","0.486","-0.008"
"642367","2","-0.038","0.176","0.107"
"642368","1","-0.625","0.484","-0.032"
"642372","2","-0.049","0.148","0.106"
"642372","1","-0.566","0.448","-0.052"
"642376","2","-0.060","0.133","0.099"
"642382","2","-0.066","0.132","0.085"
"642383","1","-0.450","0.329","-0.038"
"642387","2","-0.069","0.142","0.069"
"642387","1","-0.374","0.277","-0.060"
"642391","2","-0.064","0.162","0.056"
"642392","1","-0.324","0.249","-0.068"
"642396","2","-0.057","0.182","0.044"
"642397","1","-0.335","0.199","-0.090"
"642401","1","-0.392","0.198","-0.131"
"642402","2","-0.053","0.199","0.034"
"642409","2","-0.042","0.211","0.026"
"642411","2","-0.030","0.221","0.016"
"642412","1","-0.548","0.250","-0.202"
"642416","2","-0.018","0.222","0.010"
"642417","1","-0.658","0.260","-0.220"
"642421","1","-0.747","0.262","-0.204"
"642422","2","-0.009","0.219","0.008"
"642426","2","-0.003","0.213","0.005"
"642426","1","-0.823","0.289","-0.242"
"642431","2","-0.003","0.205","0.005"
"642436","2","-0.001","0.196","0.007"
"642436","1","-0.896","0.309","-0.423"
"642441","2","-0.001","0.182","0.014"
"642441","1","-0.901","0.344","-0.434"
"642446","2","-0.007","0.170","0.023"
"642446","1","-0.915","0.387","-0.413"
"642450","2","-0.008","0.155","0.028"
"642451","1","-0.929","0.380","-0.451"
"642455","2","-0.007","0.143","0.033"
"642456","1","-0.950","0.383","-0.553"
"642464","1","-0.994","0.390","-0.692"
"642466","2","-0.014","0.138","0.028"
"642466","1","-1.012","0.390","-0.692"
"642470","2","-0.022","0.132","0.024"
"642471","1","-1.055","0.402","-0.733"
"642475","2","-0.029","0.127","0.017"
"642476","1","-1.102","0.401","-0.799"
"642480","1","-1.153","0.448","-0.849"
"642481","2","-0.030","0.119","0.015"
"642485","2","-0.026","0.108","0.011"
"642490","2","-0.015","0.095","0.011"
"642491","1","-1.289","0.491","-0.940"
"642495","2","0.002","0.076","0.009"
"642496","1","-1.326","0.512","-0.928"
"642500","2","0.019","0.053","0.009"
"642500","1","-1.366","0.581","-0.892"
"642505","2","0.045","0.026","0.011"
"642505","1","-1.385","0.606","-0.876"
"642510","2","0.068","-0.008","0.010"
"642510","1","-1.321","0.639","-0.859"
"642518","1","-1.266","0.659","-0.908"
"642520","2","0.090","-0.069","0.005"
"642522","1","-1.200","0.697","-0.947"
"642525","2","0.087","-0.094","0.002"
"642525","1","-1.140","0.711","-0.962"
"642529","2","0.074","-0.114","-0.007"
"642530","1","-1.073","0.730","-0.985"
"642534","2","0.056","-0.130","-0.019"
"642535","1","-1.003","0.782","-0.902"
"642539","2","0.040","-0.144","-0.032"
"642547","2","0.019","-0.157","-0.045"
"642549","2","-0.003","-0.172","-0.054"
"642550","1","-0.967","0.709","-0.723"
"642555","1","-0.916","0.633","-0.641"
"642556","2","-0.025","-0.187","-0.065"
"642559","1","-0.836","0.535","-0.584"
"642560","2","-0.045","-0.201","-0.073"
"642564","1","-0.791","0.439","-0.559"
"642565","2","-0.058","-0.212","-0.077"
"642570","1","-0.731","0.388","-0.515"
"642575","2","-0.066","-0.223","-0.076"
"642576","1","-0.647","0.322","-0.513"
"642580","2","-0.065","-0.226","-0.078"
"642580","1","-0.581","0.285","-0.540"
"642584","1","-0.535","0.240","-0.517"
"642584","2","-0.059","-0.228","-0.083"
"642589","1","-0.481","0.212","-0.521"
"642589","2","-0.053","-0.224","-0.092"
"642593","1","-0.478","0.204","-0.571"
"642594","2","-0.044","-0.226","-0.101"
"642601","2","-0.033","-0.230","-0.110"
"642603","2","-0.020","-0.237","-0.117"
"642604","1","-0.450","0.216","-0.606"
"642609","2","-0.006","-0.251","-0.119"
"642609","1","-0.475","0.218","-0.570"
"642613","2","0.009","-0.272","-0.120"
"642614","1","-0.446","0.222","-0.508"
"642618","2","0.021","-0.296","-0.118"
"642619","1","-0.414","0.206","-0.447"
"642623","2","0.032","-0.318","-0.119"
"642628","2","0.039","-0.340","-0.119"
"642629","1","-0.278","0.210","-0.514"
"642633","2","0.045","-0.362","-0.122"
"642634","1","-0.199","0.215","-0.450"
"642638","2","0.047","-0.388","-0.128"
"642639","1","-0.139","0.211","-0.299"
"642643","1","-0.046","0.165","-0.100"
"642643","2","0.039","-0.417","-0.130"
"642648","2","0.023","-0.442","-0.140"
"642648","1","0.076","0.088","0.084"
"642655","2","-0.001","-0.459","-0.146"
"642659","2","-0.028","-0.469","-0.145"
"642660","1","0.416","-0.111","0.418"
"642663","2","-0.053","-0.480","-0.141"
"642663","1","0.647","-0.228","0.682"
"642668","2","-0.068","-0.485","-0.131"
"642668","1","0.887","-0.368","0.959"
"642672","2","-0.070","-0.484","-0.117"
"642672","1","1.145","-0.532","1.069"
"642677","2","-0.071","-0.463","-0.105"
"642682","2","-0.069","-0.439","-0.095"
"642683","1","1.771","-0.826","1.146"
"642688","2","-0.073","-0.411","-0.086"
"642689","1","2.185","-0.966","0.751"
"642692","2","-0.082","-0.378","-0.080"
"642692","1","2.726","-1.124","0.215"
"642697","2","-0.099","-0.390","-0.081"
"642698","1","3.343","-1.409","1.499"
"642702","1","3.982","-1.932","3.856"
"642703","2","-0.152","-0.475","-0.064"
"642710","2","-0.240","-0.539","0.004"
"642713","2","-0.313","-0.468","0.125"
"642713","1","4.962","-3.071","4.603"
"642717","1","4.979","-3.239","4.228"
"642718","2","-0.319","-0.230","0.254"
"642722","1","4.520","-2.981","3.558"
"642722","2","-0.232","0.114","0.336"
"642727","2","-0.056","0.469","0.320"
"642727","1","3.708","-2.440","2.404"
"642731","2","0.140","0.739","0.203"
"642738","2","0.269","0.884","0.026"
"642738","1","1.888","-1.359","0.625"
"642743","2","0.317","0.923","-0.148"
"642743","1","1.173","-0.782","0.035"
"642747","2","0.302","0.900","-0.256"
"642748","1","0.629","-0.138","-0.396"
"642754","2","0.236","0.840","-0.278"
"642757","1","0.188","0.491","-0.609"
"642758","2","0.151","0.749","-0.219"
"642759","1","-0.188","0.989","-0.345"
"642767","1","-0.451","1.297","0.169"
"642768","2","-0.013","0.424","0.031"
"642772","2","-0.070","0.260","0.158"
"642772","1","-0.399","0.925","-0.186"
"642776","2","-0.094","0.130","0.235"
"642777","1","-0.209","0.345","0.041"
"642781","2","-0.119","0.039","0.256"
"642786","1","0.103","-0.140","0.446"
"642787","2","-0.134","-0.003","0.245"
"642791","2","-0.107","0.017","0.220"
"642796","2","-0.053","0.094","0.201"
"642797","1","0.946","-0.560","0.442"
"642801","2","0.010","0.202","0.183"
"642802","1","1.212","-0.572","0.381"
"642806","2","0.070","0.311","0.155"
"642806","1","1.320","-0.443","0.353"
"642810","2","0.114","0.402","0.118"
"642811","1","1.205","-0.197","0.340"
"642816","2","0.124","0.463","0.074"
"642816","1","0.898","0.019","0.310"
"642824","1","0.490","0.234","0.264"
"642826","2","0.083","0.520","-0.001"
"642826","1","0.088","0.475","0.169"
"642830","2","0.051","0.518","-0.009"
"642831","1","-0.275","0.651","0.057"
"642835","2","0.019","0.489","-0.002"
"642836","1","-0.569","0.763","-0.027"
"642840","2","-0.012","0.441","0.017"
"642841","1","-0.770","0.792","-0.098"
"642845","2","-0.038","0.380","0.039"
"642850","2","-0.057","0.309","0.059"
"642850","1","-0.915","0.709","-0.251"
"642855","2","-0.073","0.249","0.071"
"642856","1","-0.876","0.626","-0.297"
"642860","2","-0.079","0.207","0.079"
"642860","1","-0.790","0.559","-0.367"
"642865","2","-0.078","0.187","0.085"
"642865","1","-0.727","0.517","-0.354"
"642870","2","-0.075","0.184","0.081"
"642870","1","-0.639","0.469","-0.271"
"642877","1","-0.544","0.420","-0.235"
"642880","2","-0.070","0.217","0.054"
"642880","1","-0.502","0.364","-0.234"
"642885","1","-0.507","0.321","-0.239"
"642885","2","-0.074","0.243","0.037"
"642890","1","-0.559","0.301","-0.261"
"642890","2","-0.075","0.263","0.023"
"642895","1","-0.623","0.281","-0.296"
"642895","2","-0.077","0.274","0.011"
"642899","2","-0.077","0.278","0.007"
"642905","2","-0.073","0.274","0.007"
"642906","1","-0.805","0.258","-0.317"
"642910","2","-0.062","0.262","0.013"
"642910","1","-0.891","0.251","-0.336"
"642914","2","-0.048","0.242","0.025"
"642915","1","-0.939","0.217","-0.320"
"642919","2","-0.033","0.223","0.037"
"642920","1","-0.974","0.177","-0.353"
"642924","2","-0.021","0.207","0.051"
"642925","1","-0.954","0.171","-0.428"
"642930","1","-0.923","0.139","-0.468"
"642935","2","0.003","0.173","0.070"
"642936","1","-0.896","0.106","-0.501"
"642939","1","-0.871","0.121","-0.555"
"642940","2","0.011","0.163","0.076"
"642944","2","0.018","0.158","0.077"
"642945","1","-0.843","0.133","-0.618"
"642949","2","0.016","0.155","0.075"
"642950","1","-0.853","0.165","-0.638"
"642953","2","0.012","0.150","0.074"
"642959","2","0.012","0.145","0.072"
"642960","1","-0.838","0.200","-0.584"
"642964","2","0.007","0.138","0.072"
"642964","1","-0.839","0.220","-0.617"
"642968","2","-0.000","0.131","0.074"
"642969","1","-0.865","0.222","-0.651"
"642973","2","-0.012","0.129","0.074"
"642974","1","-0.908","0.178","-0.718"
"642978","2","-0.022","0.119","0.075"
"642979","1","-0.920","0.188","-0.741"
"642986","1","-0.926","0.185","-0.789"
"642989","2","-0.022","0.098","0.077"
"642990","1","-0.956","0.181","-0.765"
"642993","1","-0.982","0.170","-0.707"
"642994","2","-0.024","0.081","0.080"
"642998","1","-0.943","0.205","-0.688"
"642999","2","-0.022","0.061","0.081"
"643003","2","-0.016","0.040","0.086"
"643004","1","-0.916","0.205","-0.742"
"643008","1","-0.857","0.219","-0.793"
"643013","1","-0.784","0.263","-0.860"
"643013","2","-0.005","0.006","0.093"
"643018","2","-0.001","-0.006","0.095"
"643022","2","0.000","-0.016","0.091"
"643023","1","-0.751","0.321","-0.843"
"643028","2","-0.004","-0.029","0.083"
"643028","1","-0.715","0.330","-0.848"
"643032","2","-0.005","-0.040","0.074"
"643033","1","-0.696","0.310","-0.906"
"643037","1","-0.734","0.344","-0.899"
"643043","2","-0.021","-0.062","0.059"
"643043","1","-0.755","0.361","-0.898"
"643048","2","-0.025","-0.080","0.047"
"643048","1","-0.727","0.379","-0.934"
"643052","1","-0.725","0.401","-0.889"
"643053","2","-0.027","-0.098","0.044"
"643058","1","-0.722","0.404","-0.810"
"643059","2","-0.029","-0.120","0.043"
"643062","2","-0.028","-0.140","0.043"
"643062","1","-0.698","0.382","-0.796"
"643070","2","-0.023","-0.159","0.043"
"643072","2","-0.018","-0.179","0.042"
"643072","1","-0.617","0.349","-0.738"
"643077","1","-0.589","0.308","-0.687"
"643077","2","-0.010","-0.194","0.038"
"643082","2","-0.007","-0.205","0.031"
"643082","1","-0.550","0.286","-0.599"
"643087","1","-0.504","0.262","-0.558"
"643088","2","-0.002","-0.214","0.024"
"643091","2","0.001","-0.221","0.019"
"643097","1","-0.430","0.256","-0.498"
"643097","2","-0.000","-0.227","0.015"
"643102","2","0.001","-0.229","0.016"
"643102","1","-0.392","0.271","-0.492"
"643107","1","-0.358","0.262","-0.548"
"643107","2","-0.003","-0.227","0.016"
"643112","1","-0.346","0.266","-0.590"
"643114","2","-0.007","-0.231","0.007"
"643116","1","-0.355","0.278","-0.607"
"643117","2","-0.008","-0.231","-0.001"
"643123","2","-0.009","-0.239","-0.012"
"643126","2","-0.007","-0.252","-0.026"
"643127","1","-0.402","0.291","-0.680"
"643131","2","0.007","-0.266","-0.036"
"643132","1","-0.412","0.308","-0.735"
"643136","1","-0.428","0.335","-0.738"
"643137","2","0.023","-0.288","-0.045"
"643141","1","-0.427","0.376","-0.721"
"643141","2","0.044","-0.309","-0.056"
"643146","2","0.068","-0.337","-0.067"
"643151","2","0.088","-0.361","-0.078"
"643152","1","-0.421","0.468","-0.659"
"643156","1","-0.425","0.522","-0.654"
"643157","2","0.102","-0.386","-0.093"
"643161","2","0.107","-0.410","-0.109"
"643161","1","-0.391","0.574","-0.743"
"643166","1","-0.348","0.609","-0.777"
"643166","2","0.105","-0.427","-0.123"
"643170","2","0.093","-0.445","-0.136"
"643171","1","-0.299","0.631","-0.692"
"643178","1","-0.238","0.640","-0.513"
"643180","2","0.053","-0.502","-0.169"
"643181","1","-0.166","0.619","-0.318"
"643185","2","0.027","-0.527","-0.180"
"643186","1","-0.033","0.579","-0.155"
"643190","2","0.004","-0.548","-0.189"
"643191","1","0.098","0.454","0.065"
"643195","2","-0.018","-0.566","-0.197"
"643196","1","0.227","0.335","0.262"
"643200","2","-0.042","-0.573","-0.202"
"643205","2","-0.059","-0.570","-0.203"
"643206","1","0.620","0.066","0.450"
"643210","2","-0.067","-0.560","-0.204"
"643211","1","0.784","-0.056","0.560"
"643215","2","-0.077","-0.549","-0.206"
"643216","1","0.968","-0.197","0.656"
"643220","1","1.157","-0.304","0.606"
"643222","2","-0.085","-0.528","-0.207"
"643225","2","-0.088","-0.510","-0.208"
"643226","1","1.405","-0.347","0.675"
"643231","1","1.774","-0.574","0.225"
"643236","2","-0.124","-0.491","-0.199"
"643240","1","3.046","-1.212","1.332"
"643241","2","-0.165","-0.526","-0.198"
"643245","2","-0.244","-0.643","-0.175"
"643246","1","3.781","-1.872","4.217"
"643250","2","-0.368","-0.769","-0.091"
"643253","1","4.423","-2.854","6.082"
"643260","2","-0.548","-0.539","0.230"
"643261","1","4.995","-3.775","6.082"
"643264","2","-0.480","-0.155","0.370"
"643265","1","5.246","-4.192","5.569"
"643270","2","-0.281","0.270","0.402"
"643270","1","4.980","-4.099","4.544"
"643274","2","-0.008","0.613","0.299"
"643275","1","4.253","-3.576","3.313"
"643279","2","0.230","0.809","0.099"
"643280","1","3.361","-2.957","2.307"
"643284","1","2.510","-2.278","1.533"
"643285","2","0.374","0.879","-0.113"
"643289","2","0.424","0.876","-0.262"
"643295","2","0.408","0.849","-0.315"
"643295","1","1.221","-0.666","0.028"
"643299","1","0.708","0.229","-0.128"
"643299","2","0.343","0.805","-0.272"
"643304","1","0.246","1.073","-0.103"
"643304","2","0.259","0.742","-0.161"
"643309","1","-0.134","1.621","-0.263"
"643309","2","0.174","0.649","-0.029"
"643314","2","0.090","0.519","0.076"
"643321","2","-0.015","0.345","0.129"
"643322","1","-0.493","1.495","-0.235"
"643323","2","-0.139","0.169","0.144"
"643324","1","-0.437","1.081","0.093"
"643329","2","-0.228","0.043","0.143"
"643330","1","-0.173","0.719","0.028"
"643334","2","-0.252","-0.009","0.147"
"643334","1","0.222","0.430","0.089"
"643338","2","-0.234","0.005","0.161"
"643339","1","0.595","0.157","0.404"
"643344","1","0.882","-0.070","0.522"
"643349","2","-0.110","0.169","0.178"
"643349","1","1.083","-0.270","0.479"
"643353","1","1.131","-0.362","0.438"
"643354","2","-0.034","0.272","0.162"
"643358","2","0.031","0.356","0.124"
"643359","1","1.001","-0.266","0.411"
"643363","1","0.719","-0.021","0.365"
"643364","2","0.087","0.416","0.072"
"643369","2","0.129","0.445","0.025"
"643373","1","-0.004","0.541","0.282"
"643374","2","0.153","0.452","-0.008"
"643378","2","0.157","0.440","-0.019"
"643379","1","-0.339","0.745","0.148"
"643383","1","-0.583","0.884","-0.006"
"643383","2","0.148","0.416","-0.012"
"643388","1","-0.744","0.937","-0.092"
"643388","2","0.134","0.374","0.006"
"643392","1","-0.860","0.947","-0.127"
"643393","2","0.113","0.316","0.028"
"643398","1","-0.916","0.923","-0.132"
"643402","1","-0.891","0.881","-0.139"
"643403","2","0.062","0.201","0.050"
"643408","2","0.038","0.161","0.053"
"643408","1","-0.837","0.843","-0.126"
"643412","2","0.018","0.142","0.051"
"643413","1","-0.759","0.803","-0.088"
"643417","2","-0.001","0.137","0.042"
"643418","1","-0.644","0.738","-0.049"
"643422","1","-0.565","0.651","-0.036"
"643428","2","-0.044","0.172","0.005"
"643429","1","-0.528","0.549","-0.020"
"643432","2","-0.066","0.196","-0.013"
"643433","1","-0.525","0.414","-0.008"
"643437","1","-0.550","0.324","-0.026"
"643438","2","-0.088","0.216","-0.028"
"643442","1","-0.584","0.247","-0.039"
"643443","2","-0.099","0.233","-0.040"
"643447","2","-0.100","0.242","-0.044"
"643447","1","-0.635","0.150","-0.079"
"643454","2","-0.084","0.243","-0.039"
"643457","2","-0.057","0.239","-0.027"
"643458","1","-0.723","0.006","-0.114"
"643462","2","-0.018","0.230","-0.016"
"643462","1","-0.759","-0.025","-0.170"
"643466","2","0.023","0.215","-0.003"
"643467","1","-0.796","-0.088","-0.224"
"643472","1","-0.835","-0.124","-0.247"
"643472","2","0.064","0.201","0.009"
"643477","2","0.102","0.192","0.024"
"643482","1","-0.854","-0.075","-0.287"
"643483","2","0.132","0.186","0.035"
"643486","2","0.149","0.185","0.044"
"643487","1","-0.865","-0.022","-0.318"
"643491","2","0.155","0.186","0.050"
"643492","1","-0.929","0.030","-0.313"
"643496","2","0.147","0.187","0.050"
"643497","1","-0.921","0.086","-0.314"
"643501","2","0.135","0.187","0.047"
"643506","2","0.117","0.186","0.044"
"643511","2","0.098","0.184","0.042"
"643512","1","-0.953","0.179","-0.472"
"643516","1","-0.964","0.219","-0.527"
"643516","2","0.085","0.181","0.042"
"643521","2","0.073","0.172","0.043"
"643521","1","-0.995","0.249","-0.583"
"643526","2","0.064","0.164","0.045"
"643527","1","-0.992","0.312","-0.638"
"643530","2","0.057","0.152","0.049"
"643531","1","-0.972","0.368","-0.739"
"643536","1","-1.020","0.381","-0.833"
"643541","2","0.051","0.130","0.048"
"643541","1","-1.014","0.361","-0.919"
"643546","2","0.051","0.119","0.044"
"643547","1","-1.036","0.354","-0.969"
"643551","2","0.054","0.104","0.039"
"643551","1","-1.053","0.345","-0.977"
"643557","2","0.059","0.087","0.033"
"643557","1","-1.088","0.344","-0.985"
"643560","2","0.068","0.063","0.029"
"643566","2","0.084","0.041","0.029"
"643567","1","-1.065","0.326","-0.957"
"643570","2","0.102","0.016","0.029"
"643571","1","-1.024","0.309","-1.038"
"643575","2","0.122","-0.008","0.030"
"643576","1","-0.964","0.309","-1.154"
"643580","1","-0.893","0.343","-1.225"
"643580","2","0.140","-0.029","0.030"
"643585","2","0.149","-0.052","0.024"
"643585","1","-0.821","0.361","-1.256"
"643591","2","0.149","-0.075","0.019"
"643595","2","0.140","-0.096","0.012"
"643597","1","-0.771","0.442","-1.228"
"643600","2","0.130","-0.115","0.001"
"643600","1","-0.724","0.508","-1.179"
"643605","1","-0.677","0.540","-1.141"
"643605","2","0.106","-0.133","-0.006"
"643609","1","-0.653","0.517","-1.089"
"643610","2","0.076","-0.151","-0.014"
"643615","1","-0.633","0.453","-1.024"
"643620","2","0.016","-0.184","-0.025"
"643620","1","-0.616","0.391","-1.001"
"643625","2","-0.008","-0.203","-0.029"
"643625","1","-0.597","0.319","-1.007"
"643629","1","-0.567","0.249","-0.955"
"643630","2","-0.026","-0.222","-0.033"
"643634","1","-0.537","0.187","-0.903"
"643635","2","-0.042","-0.242","-0.033"
"643639","1","-0.495","0.135","-0.894"
"643640","2","-0.046","-0.261","-0.028"
"643645","1","-0.463","0.079","-0.884"
"643649","1","-0.459","0.034","-0.866"
"643650","2","-0.042","-0.282","-0.025"
"643656","1","-0.458","0.027","-0.865"
"643656","2","-0.033","-0.293","-0.027"
"643659","1","-0.449","0.043","-0.887"
"643660","2","-0.018","-0.301","-0.030"
"643664","1","-0.453","0.075","-0.895"
"643665","2","-0.005","-0.311","-0.034"
"643669","1","-0.432","0.105","-0.932"
"643674","1","-0.430","0.154","-0.935"
"643675","2","0.014","-0.338","-0.044"
"643679","2","0.020","-0.358","-0.048"
"643679","1","-0.436","0.218","-0.939"
"643684","2","0.018","-0.375","-0.052"
"643684","1","-0.442","0.260","-0.913"
"643689","1","-0.439","0.251","-0.899"
"643689","2","0.011","-0.399","-0.057"
"643694","2","-0.003","-0.425","-0.064"
"643694","1","-0.413","0.216","-0.840"
"643701","2","-0.020","-0.452","-0.069"
"643703","2","-0.032","-0.479","-0.071"
"643704","1","-0.312","0.180","-0.563"
"643708","2","-0.049","-0.501","-0.073"
"643709","1","-0.217","0.126","-0.479"
"643714","2","-0.067","-0.520","-0.077"
"643714","1","-0.075","0.042","-0.330"
"643719","1","0.034","-0.097","-0.109"
"643719","2","-0.086","-0.538","-0.079"
"643723","1","0.157","-0.262","0.037"
"643728","2","-0.116","-0.559","-0.087"
"643729","1","0.333","-0.355","0.049"
"643733","2","-0.127","-0.558","-0.091"
"643734","1","0.534","-0.482","0.114"
"643738","2","-0.128","-0.553","-0.088"
"643739","1","0.673","-0.582","0.252"
"643743","2","-0.124","-0.543","-0.089"
"643748","2","-0.115","-0.537","-0.092"
"643748","1","0.828","-0.706","0.377"
"643753","2","-0.103","-0.521","-0.095"
"643759","2","-0.093","-0.519","-0.101"
"643760","1","1.334","-0.863","0.119"
"643764","2","-0.091","-0.526","-0.100"
"643766","1","1.600","-0.946","0.356"
"643769","2","-0.105","-0.525","-0.095"
"643770","1","1.981","-1.116","-0.001"
"643774","2","-0.123","-0.559","-0.094"
"643774","1","2.511","-1.396","-0.001"
"643778","2","-0.169","-0.655","-0.081"
"643778","1","3.150","-1.814","1.665"
"643787","1","3.751","-2.458","3.969"
"643788","2","-0.338","-0.708","0.090"
"643789","1","4.316","-3.126","5.282"
"643792","1","4.739","-3.456","5.281"
"643793","2","-0.346","-0.495","0.225"
"643797","1","4.828","-3.462","4.518"
"643798","2","-0.252","-0.141","0.322"
"643802","1","4.480","-3.140","3.536"
"643803","2","-0.072","0.239","0.308"
"643807","1","3.810","-2.599","2.507"
"643812","2","0.256","0.699","-0.025"
"643812","1","3.032","-2.116","1.663"
"643817","1","2.300","-1.669","1.025"
"643817","2","0.279","0.759","-0.222"
"643822","2","0.206","0.761","-0.342"
"643822","1","1.725","-1.088","0.520"
"643827","1","1.256","-0.290","0.154"
"643827","2","0.081","0.740","-0.357"
"643832","2","-0.047","0.702","-0.279"
"643832","1","0.868","0.552","0.018"
"643837","2","-0.146","0.640","-0.146"
"643841","2","-0.217","0.542","-0.016"
"643842","1","0.272","1.525","-0.248"
"643846","2","-0.274","0.395","0.071"
"643847","1","0.109","1.386","-0.081"
"643852","2","-0.340","0.218","0.100"
"643852","1","0.094","0.915","0.276"
"643857","2","-0.401","0.071","0.095"
"643858","1","0.316","0.375","0.246"
"643861","2","-0.415","0.002","0.093"
"643866","2","-0.387","0.012","0.104"
"643867","1","1.046","-0.333","0.115"
"643871","1","1.356","-0.524","0.227"
"643872","2","-0.332","0.067","0.120"
"643876","2","-0.249","0.144","0.134"
"643877","1","1.554","-0.568","0.388"
"643881","1","1.594","-0.526","0.574"
"643881","2","-0.155","0.219","0.128"
"643886","2","-0.070","0.279","0.096"
"643887","1","1.507","-0.384","0.642"
"643891","2","-0.008","0.323","0.054"
"643896","2","0.028","0.353","0.007"
"643897","1","1.101","0.202","0.570"
"643901","2","0.032","0.374","-0.031"
"643901","1","0.866","0.482","0.516"
"643906","2","0.011","0.384","-0.051"
"643906","1","0.624","0.691","0.442"
"643910","1","0.434","0.839","0.353"
"643911","2","-0.028","0.383","-0.063"
"643915","2","-0.077","0.361","-0.064"
"643920","2","-0.135","0.324","-0.064"
"643921","1","0.234","0.903","0.276"
"643926","2","-0.188","0.283","-0.063"
"643926","1","0.207","0.868","0.167"
"643930","2","-0.232","0.247","-0.071"
"643931","1","0.215","0.816","0.049"
"643935","2","-0.263","0.227","-0.083"
"643936","1","0.177","0.763","-0.008"
"643940","2","-0.278","0.221","-0.100"
"643941","1","0.117","0.755","-0.034"
"643948","1","0.047","0.769","-0.057"
"643950","2","-0.267","0.234","-0.147"
"643950","1","-0.033","0.718","-0.035"
"643955","2","-0.256","0.242","-0.170"
"643956","1","-0.128","0.678","-0.023"
"643961","2","-0.250","0.246","-0.189"
"643962","1","-0.271","0.613","-0.012"
"643965","2","-0.249","0.247","-0.203"
"643966","1","-0.397","0.542","-0.043"
"643970","2","-0.252","0.243","-0.213"
"643975","2","-0.254","0.234","-0.209"
"643975","1","-0.635","0.474","-0.027"
"643980","2","-0.241","0.220","-0.200"
"643981","1","-0.760","0.456","0.038"
"643985","2","-0.219","0.201","-0.185"
"643990","1","-0.844","0.437","0.017"
"643990","2","-0.187","0.178","-0.168"
"643995","2","-0.143","0.157","-0.151"
"643995","1","-0.928","0.361","-0.047"
"643999","2","-0.098","0.136","-0.134"
"644004","2","-0.055","0.118","-0.115"
"644005","1","-0.988","0.353","-0.127"
"644010","2","-0.011","0.105","-0.101"
"644010","1","-1.027","0.400","-0.190"
"644014","1","-1.064","0.449","-0.184"
"644015","2","0.030","0.096","-0.091"
"644019","2","0.055","0.092","-0.083"
"644020","1","-1.150","0.519","-0.179"
"644024","2","0.064","0.090","-0.077"
"644025","1","-1.248","0.544","-0.156"
"644029","1","-1.329","0.552","-0.146"
"644034","2","0.036","0.088","-0.080"
"644035","1","-1.419","0.585","-0.154"
"644039","1","-1.495","0.609","-0.174"
"644040","2","0.020","0.089","-0.076"
"644044","2","0.003","0.091","-0.068"
"644044","1","-1.569","0.651","-0.179"
"644049","2","-0.010","0.088","-0.060"
"644049","1","-1.641","0.672","-0.164"
"644054","2","-0.016","0.077","-0.052"
"644058","2","-0.016","0.064","-0.043"
"644059","1","-1.767","0.617","-0.197"
"644064","2","-0.010","0.051","-0.033"
"644064","1","-1.790","0.584","-0.244"
"644068","2","0.001","0.041","-0.022"
"644069","1","-1.796","0.566","-0.278"
"644074","2","0.015","0.031","-0.013"
"644074","1","-1.792","0.539","-0.283"
"644078","2","0.033","0.026","-0.008"
"644079","1","-1.782","0.530","-0.298"
"644086","1","-1.776","0.516","-0.315"
"644088","2","0.067","0.021","0.000"
"644089","1","-1.768","0.477","-0.307"
"644093","2","0.076","0.022","0.003"
"644093","1","-1.781","0.472","-0.317"
"644098","2","0.084","0.021","0.009"
"644098","1","-1.762","0.496","-0.358"
"644103","2","0.088","0.023","0.013"
"644104","1","-1.722","0.509","-0.392"
"644108","2","0.088","0.023","0.018"
"644112","2","0.090","0.018","0.025"
"644113","1","-1.648","0.445","-0.378"
"644118","2","0.092","0.013","0.032"
"644119","1","-1.611","0.405","-0.354"
"644123","2","0.097","0.007","0.037"
"644123","1","-1.580","0.374","-0.395"
"644128","2","0.104","0.003","0.043"
"644128","1","-1.534","0.325","-0.467"
"644132","2","0.110","0.006","0.052"
"644133","1","-1.495","0.288","-0.528"
"644138","1","-1.459","0.284","-0.513"
"644142","2","0.122","-0.011","0.066"
"644143","1","-1.425","0.313","-0.474"
"644147","2","0.121","-0.021","0.075"
"644148","1","-1.341","0.331","-0.476"
"644152","2","0.119","-0.027","0.085"
"644153","1","-1.273","0.326","-0.509"
"644157","2","0.114","-0.038","0.092"
"644158","1","-1.217","0.280","-0.507"
"644162","2","0.101","-0.046","0.097"
"644167","2","0.086","-0.051","0.100"
"644167","1","-1.087","0.109","-0.440"
"644172","2","0.075","-0.058","0.104"
"644173","1","-1.024","0.042","-0.419"
"644177","1","-0.936","-0.021","-0.371"
"644178","2","0.067","-0.063","0.109"
"644182","2","0.062","-0.068","0.117"
"644183","1","-0.845","-0.058","-0.323"
"644187","1","-0.747","-0.103","-0.301"
"644187","2","0.068","-0.072","0.128"
"644194","1","-0.649","-0.140","-0.355"
"644197","2","0.091","-0.077","0.150"
"644198","1","-0.591","-0.157","-0.418"
"644202","2","0.112","-0.074","0.157"
"644202","1","-0.551","-0.168","-0.405"
"644207","1","-0.484","-0.131","-0.480"
"644207","2","0.134","-0.069","0.160"
"644211","1","-0.502","-0.082","-0.560"
"644212","2","0.152","-0.065","0.159"
"644216","2","0.166","-0.065","0.160"
"644221","2","0.178","-0.066","0.153"
"644222","1","-0.528","0.030","-0.679"
"644226","2","0.185","-0.071","0.150"
"644231","1","-0.515","0.105","-0.748"
"644232","2","0.184","-0.086","0.145"
"644236","1","-0.549","0.183","-0.796"
"644237","2","0.186","-0.103","0.141"
"644241","2","0.188","-0.124","0.139"
"644241","1","-0.539","0.256","-0.859"
"644248","1","-0.564","0.350","-0.913"
"644251","2","0.194","-0.179","0.121"
"644252","1","-0.571","0.412","-1.011"
"644256","2","0.199","-0.209","0.105"
"644257","1","-0.566","0.398","-1.069"
"644261","2","0.204","-0.242","0.092"
"644261","1","-0.526","0.427","-1.061"
"644266","2","0.207","-0.277","0.075"
"644266","1","-0.486","0.476","-1.069"
"644271","2","0.213","-0.314","0.057"
"644272","1","-0.437","0.486","-0.988"
"644284","1","-0.268","0.427","-0.904"
"644286","2","0.198","-0.399","0.013"
"644286","1","-0.165","0.427","-0.904"
"644290","2","0.193","-0.423","-0.004"
"644291","1","-0.070","0.445","-0.797"
"644295","1","-0.012","0.396","-0.595"
"644296","2","0.183","-0.447","-0.023"
"644300","2","0.167","-0.473","-0.042"
"644300","1","0.076","0.341","-0.410"
"644305","2","0.149","-0.496","-0.063"
"644311","2","0.132","-0.509","-0.080"
"644312","1","0.379","0.248","-0.352"
"644315","2","0.110","-0.515","-0.094"
"644316","1","0.532","0.204","-0.260"
"644320","2","0.082","-0.521","-0.110"
"644320","1","0.666","0.147","-0.134"
"644325","1","0.824","0.095","-0.070"
"644325","2","0.052","-0.524","-0.127"
"644330","2","0.018","-0.526","-0.142"
"644330","1","0.996","0.030","-0.076"
"644337","2","-0.010","-0.521","-0.157"
"644339","2","-0.037","-0.516","-0.169"
"644340","1","1.271","-0.067","-0.052"
"644345","2","-0.064","-0.510","-0.182"
"644345","1","1.376","-0.139","0.101"
"644349","2","-0.088","-0.506","-0.197"
"644350","1","1.467","-0.273","0.301"
"644354","2","-0.113","-0.500","-0.212"
"644355","1","1.629","-0.456","0.464"
"644359","2","-0.146","-0.506","-0.223"
"644364","2","-0.191","-0.509","-0.223"
"644365","1","2.262","-1.106","0.502"
"644369","2","-0.229","-0.506","-0.213"
"644370","1","2.820","-1.482","0.184"
"644374","1","3.535","-1.940","1.344"
"644375","2","-0.261","-0.553","-0.196"
"644379","2","-0.325","-0.656","-0.151"
"644380","1","4.301","-2.608","3.579"
"644384","1","4.991","-3.361","5.160"
"644384","2","-0.411","-0.723","-0.048"
"644389","1","5.487","-3.873","5.366"
"644394","2","-0.405","-0.377","0.271"
"644395","1","5.627","-3.948","4.677"
"644399","2","-0.242","0.014","0.351"
"644399","1","5.276","-3.642","3.766"
"644404","1","4.508","-3.144","2.776"
"644404","2","-0.008","0.399","0.301"
"644409","2","0.220","0.681","0.133"
"644409","1","3.632","-2.524","1.802"
"644414","1","2.802","-1.783","0.984"
"644420","2","0.408","0.877","-0.267"
"644421","1","2.108","-0.951","0.310"
"644424","2","0.377","0.869","-0.367"
"644424","1","1.569","-0.102","-0.190"
"644428","2","0.291","0.833","-0.370"
"644429","1","1.081","0.673","-0.426"
"644433","1","0.623","1.228","-0.692"
"644434","2","0.178","0.776","-0.298"
"644438","2","0.052","0.695","-0.184"
"644439","1","0.235","1.486","-0.844"
"644446","2","-0.068","0.571","-0.074"
"644448","2","-0.185","0.394","0.003"
"644449","1","-0.266","1.176","-0.010"
"644453","1","-0.232","0.740","-0.134"
"644454","2","-0.283","0.216","0.050"
"644458","1","-0.042","0.215","-0.054"
"644459","2","-0.327","0.077","0.081"
"644463","1","0.267","-0.309","0.208"
"644463","2","-0.327","-0.003","0.100"
"644467","2","-0.305","-0.020","0.113"
"644475","2","-0.238","0.020","0.134"
"644478","2","-0.138","0.097","0.157"
"644479","1","0.913","-0.643","0.337"
"644482","1","1.042","-0.590","0.347"
"644483","2","-0.030","0.186","0.154"
"644487","1","0.973","-0.395","0.290"
"644488","2","0.064","0.272","0.124"
"644492","1","0.738","-0.124","0.201"
"644493","2","0.127","0.340","0.074"
"644497","2","0.156","0.390","0.018"
"644502","2","0.157","0.420","-0.026"
"644503","1","-0.034","0.517","0.020"
"644507","2","0.138","0.431","-0.047"
"644508","1","-0.485","0.822","-0.108"
"644512","2","0.110","0.422","-0.052"
"644513","1","-0.874","1.037","-0.225"
"644517","1","-1.219","1.171","-0.267"
"644518","2","0.078","0.391","-0.044"
"644522","2","0.045","0.341","-0.030"
"644523","1","-1.508","1.221","-0.296"
"644529","1","-1.699","1.209","-0.203"
"644532","2","-0.032","0.185","0.007"
"644533","1","-1.797","1.171","-0.042"
"644537","1","-1.787","1.112","-0.004"
"644537","2","-0.067","0.113","0.028"
"644542","1","-1.669","1.049","-0.055"
"644542","2","-0.104","0.063","0.050"
"644547","1","-1.512","0.961","-0.080"
"644547","2","-0.134","0.039","0.070"
"644552","2","-0.159","0.040","0.081"
"644556","2","-0.175","0.062","0.076"
"644557","1","-1.220","0.709","-0.083"
"644562","1","-1.164","0.581","-0.109"
"644562","2","-0.181","0.092","0.055"
"644566","1","-1.155","0.482","-0.094"
"644567","2","-0.180","0.122","0.030"
"644571","1","-1.139","0.401","-0.045"
"644571","2","-0.169","0.148","0.002"
"644576","1","-1.146","0.320","-0.063"
"644577","2","-0.146","0.167","-0.017"
"644584","2","-0.112","0.179","-0.021"
"644586","2","-0.074","0.185","-0.015"
"644587","1","-1.219","0.255","-0.172"
"644591","2","-0.025","0.182","-0.004"
"644592","1","-1.251","0.227","-0.215"
"644596","1","-1.304","0.180","-0.253"
"644596","2","0.026","0.173","0.011"
"644601","2","0.074","0.162","0.026"
"644601","1","-1.360","0.178","-0.304"
"644606","2","0.110","0.146","0.032"
"644611","1","-1.412","0.215","-0.283"
"644611","2","0.137","0.131","0.036"
"644616","2","0.151","0.120","0.036"
"644616","1","-1.399","0.277","-0.295"
"644621","1","-1.358","0.358","-0.326"
"644621","2","0.157","0.117","0.035"
"644626","1","-1.308","0.421","-0.371"
"644626","2","0.149","0.116","0.038"
"644631","2","0.134","0.113","0.040"
"644631","1","-1.264","0.488","-0.404"
"644636","2","0.115","0.110","0.042"
"644641","1","-1.206","0.470","-0.461"
"644641","2","0.093","0.102","0.038"
"644645","1","-1.152","0.394","-0.452"
"644646","2","0.070","0.091","0.036"
"644650","1","-1.093","0.348","-0.444"
"644651","2","0.047","0.078","0.034"
"644655","2","0.031","0.061","0.037"
"644656","1","-0.983","0.327","-0.498"
"644660","2","0.024","0.049","0.045"
"644665","2","0.028","0.034","0.053"
"644666","1","-0.730","0.254","-0.613"
"644670","2","0.042","0.022","0.058"
"644672","1","-0.606","0.203","-0.665"
"644675","2","0.059","0.008","0.055"
"644676","1","-0.558","0.184","-0.702"
"644681","2","0.080","-0.003","0.051"
"644682","1","-0.523","0.190","-0.685"
"644686","2","0.095","-0.010","0.044"
"644687","1","-0.470","0.176","-0.661"
"644690","1","-0.446","0.163","-0.698"
"644695","1","-0.453","0.194","-0.650"
"644695","2","0.113","-0.016","0.029"
"644700","2","0.113","-0.017","0.024"
"644700","1","-0.489","0.190","-0.652"
"644704","2","0.107","-0.027","0.020"
"644709","1","-0.471","0.174","-0.615"
"644710","2","0.099","-0.041","0.017"
"644715","1","-0.472","0.177","-0.619"
"644715","2","0.089","-0.056","0.014"
"644721","2","0.080","-0.074","0.015"
"644724","2","0.073","-0.090","0.018"
"644725","1","-0.444","0.152","-0.675"
"644729","1","-0.433","0.185","-0.716"
"644730","2","0.067","-0.107","0.017"
"644734","2","0.052","-0.121","0.014"
"644735","1","-0.422","0.164","-0.719"
"644741","1","-0.382","0.169","-0.712"
"644741","2","0.044","-0.135","0.011"
"644744","2","0.035","-0.145","0.006"
"644749","2","0.034","-0.157","-0.001"
"644750","1","-0.323","0.157","-0.733"
"644754","2","0.035","-0.170","-0.011"
"644755","1","-0.335","0.136","-0.683"
"644759","2","0.037","-0.184","-0.019"
"644760","1","-0.341","0.110","-0.626"
"644764","2","0.040","-0.196","-0.028"
"644769","1","-0.273","0.017","-0.657"
"644770","2","0.044","-0.205","-0.035"
"644774","2","0.054","-0.216","-0.042"
"644781","1","-0.221","0.069","-0.698"
"644786","2","0.068","-0.229","-0.054"
"644786","1","-0.218","0.059","-0.602"
"644787","2","0.079","-0.245","-0.068"
"644788","2","0.082","-0.263","-0.085"
"644789","1","-0.214","0.021","-0.519"
"644794","1","-0.172","-0.015","-0.467"
"644794","2","0.081","-0.279","-0.100"
"644799","2","0.072","-0.287","-0.114"
"644799","1","-0.117","-0.039","-0.434"
"644804","1","-0.044","-0.059","-0.388"
"644808","2","0.051","-0.303","-0.133"
"644808","1","0.043","-0.078","-0.295"
"644813","2","0.042","-0.312","-0.142"
"644814","1","0.134","-0.119","-0.166"
"644818","2","0.035","-0.321","-0.150"
"644819","1","0.238","-0.183","-0.041"
"644823","2","0.026","-0.327","-0.158"
"644824","1","0.382","-0.236","-0.085"
"644828","2","0.019","-0.322","-0.165"
"644833","2","0.015","-0.330","-0.166"
"644833","1","0.833","-0.277","-0.176"
"644838","2","0.002","-0.351","-0.161"
"644839","1","1.119","-0.339","-0.180"
"644843","2","-0.017","-0.366","-0.152"
"644843","1","1.583","-0.536","-0.669"
"644848","1","2.185","-0.832","-0.078"
"644848","2","-0.051","-0.417","-0.145"
"644853","2","-0.134","-0.539","-0.124"
"644853","1","2.795","-1.273","2.065"
"644858","1","3.381","-1.773","3.837"
"644862","1","3.906","-2.123","4.137"
"644863","2","-0.387","-0.651","0.062"
"644867","2","-0.416","-0.465","0.197"
"644868","1","4.151","-2.338","3.729"
"644872","1","4.009","-2.503","3.212"
"644873","2","-0.364","-0.144","0.280"
"644877","2","-0.256","0.198","0.257"
"644878","1","3.535","-2.560","2.647"
"644882","1","2.912","-2.352","2.069"
"644888","2","-0.014","0.615","-0.074"
"644888","1","2.312","-1.803","1.468"
"644892","2","0.064","0.662","-0.238"
"644893","1","1.812","-1.101","1.016"
"644897","2","0.113","0.646","-0.322"
"644898","1","1.415","-0.365","0.780"
"644902","1","1.110","0.264","0.535"
"644902","2","0.125","0.600","-0.314"
"644907","2","0.096","0.543","-0.235"
"644907","1","0.883","0.707","0.238"
"644915","1","0.653","0.856","0.075"
"644917","2","-0.081","0.414","-0.019"
"644918","1","0.457","0.709","0.064"
"644922","2","-0.219","0.334","0.051"
"644922","1","0.351","0.467","0.078"
"644926","2","-0.349","0.262","0.077"
"644927","1","0.387","0.299","-0.106"
"644931","2","-0.420","0.201","0.075"
"644932","1","0.590","0.127","-0.095"
"644936","2","-0.436","0.148","0.060"
"644941","2","-0.414","0.109","0.049"
"644942","1","1.217","-0.293","0.559"
"644947","2","-0.354","0.117","0.053"
"644951","2","-0.253","0.176","0.066"
"644952","1","1.450","-0.498","0.137"
"644956","2","-0.152","0.249","0.069"
"644957","1","1.515","-0.717","0.254"
"644961","1","1.445","-0.796","0.513"
"644962","2","-0.069","0.315","0.054"
"644966","2","0.015","0.369","0.029"
"644971","2","0.086","0.405","0.008"
"644971","1","1.083","-0.455","0.619"
"644976","2","0.127","0.427","-0.009"
"644977","1","0.866","-0.202","0.513"
"644981","1","0.629","0.097","0.391"
"644981","2","0.147","0.433","-0.019"
"644986","2","0.140","0.424","-0.026"
"644986","1","0.382","0.340","0.301"
"644991","1","0.142","0.500","0.260"
"644991","2","0.101","0.410","-0.029"
"644996","2","0.045","0.388","-0.028"
"645001","2","-0.014","0.360","-0.021"
"645001","1","-0.129","0.690","0.266"
"645005","2","-0.069","0.330","-0.007"
"645006","1","-0.186","0.743","0.274"
"645010","1","-0.186","0.731","0.204"
"645011","2","-0.123","0.301","0.007"
"645015","1","-0.150","0.632","0.085"
"645016","2","-0.170","0.283","0.013"
"645020","1","-0.116","0.538","0.011"
"645025","2","-0.227","0.282","0.001"
"645026","1","-0.115","0.476","-0.031"
"645030","2","-0.233","0.284","-0.014"
"645031","1","-0.126","0.406","-0.048"
"645035","2","-0.225","0.290","-0.026"
"645036","1","-0.167","0.335","-0.059"
"645040","1","-0.208","0.276","-0.064"
"645041","2","-0.209","0.294","-0.037"
"645045","1","-0.278","0.202","-0.106"
"645045","2","-0.184","0.297","-0.046"
"645050","2","-0.155","0.301","-0.044"
"645055","2","-0.116","0.298","-0.036"
"645056","1","-0.399","0.126","-0.261"
"645060","1","-0.491","0.161","-0.294"
"645060","2","-0.074","0.291","-0.028"
"645065","2","-0.030","0.279","-0.017"
"645066","1","-0.619","0.183","-0.308"
"645070","2","0.011","0.261","-0.011"
"645070","1","-0.756","0.180","-0.314"
"645074","2","0.039","0.244","-0.009"
"645079","2","0.061","0.228","-0.005"
"645080","1","-0.941","0.295","-0.304"
"645084","1","-0.994","0.356","-0.224"
"645085","2","0.072","0.210","0.000"
"645089","2","0.071","0.192","0.012"
"645090","1","-1.035","0.409","-0.157"
"645094","1","-1.049","0.451","-0.205"
"645095","2","0.060","0.175","0.027"
"645099","1","-1.043","0.455","-0.262"
"645100","2","0.041","0.163","0.036"
"645106","1","-1.053","0.464","-0.290"
"645109","2","-0.023","0.146","0.051"
"645110","1","-1.053","0.480","-0.331"
"645114","1","-1.066","0.490","-0.391"
"645114","2","-0.057","0.145","0.049"
"645119","1","-1.094","0.496","-0.492"
"645119","2","-0.083","0.146","0.042"
"645124","1","-1.123","0.483","-0.496"
"645124","2","-0.096","0.145","0.036"
"645129","2","-0.100","0.139","0.035"
"645134","1","-1.127","0.418","-0.508"
"645134","2","-0.096","0.130","0.037"
"645139","2","-0.087","0.119","0.043"
"645139","1","-1.129","0.392","-0.561"
"645143","2","-0.070","0.105","0.053"
"645144","1","-1.114","0.352","-0.624"
"645148","2","-0.048","0.095","0.061"
"645149","1","-1.105","0.343","-0.683"
"645153","2","-0.031","0.087","0.066"
"645154","1","-1.142","0.369","-0.747"
"645159","1","-1.198","0.412","-0.820"
"645163","2","0.017","0.075","0.063"
"645164","1","-1.252","0.467","-0.888"
"645168","2","0.035","0.071","0.055"
"645169","1","-1.310","0.485","-0.919"
"645173","1","-1.357","0.519","-0.982"
"645174","2","0.052","0.063","0.054"
"645178","2","0.070","0.053","0.051"
"645179","1","-1.437","0.592","-1.033"
"645183","2","0.090","0.038","0.045"
"645188","2","0.105","0.012","0.043"
"645193","2","0.119","-0.015","0.042"
"645194","1","-1.563","0.634","-1.018"
"645198","1","-1.567","0.639","-1.030"
"645198","2","0.129","-0.047","0.041"
"645203","2","0.133","-0.077","0.043"
"645203","1","-1.575","0.685","-1.104"
"645208","1","-1.567","0.722","-1.122"
"645208","2","0.135","-0.104","0.043"
"645213","2","0.131","-0.133","0.040"
"645219","1","-1.497","0.825","-1.142"
"645219","2","0.123","-0.162","0.034"
"645223","2","0.108","-0.187","0.022"
"645223","1","-1.460","0.855","-1.129"
"645228","1","-1.401","0.879","-1.072"
"645228","2","0.095","-0.212","0.012"
"645232","2","0.072","-0.236","0.001"
"645233","1","-1.326","0.844","-1.000"
"645237","1","-1.194","0.766","-0.941"
"645238","2","0.047","-0.258","-0.012"
"645243","1","-1.071","0.686","-0.912"
"645247","1","-0.974","0.603","-0.883"
"645248","2","0.001","-0.290","-0.022"
"645252","2","-0.008","-0.302","-0.027"
"645253","1","-0.872","0.527","-0.917"
"645257","2","-0.010","-0.309","-0.035"
"645258","1","-0.740","0.489","-0.987"
"645262","2","-0.006","-0.316","-0.045"
"645263","1","-0.643","0.469","-1.098"
"645267","1","-0.569","0.442","-1.213"
"645273","1","-0.554","0.448","-1.255"
"645274","2","0.021","-0.336","-0.077"
"645284","2","0.051","-0.367","-0.110"
"645285","1","-0.544","0.483","-1.324"
"645297","1","-0.551","0.462","-1.149"
"645297","2","0.062","-0.460","-0.141"
"645298","1","-0.567","0.462","-1.149"
"645302","2","0.054","-0.499","-0.149"
"645302","1","-0.560","0.405","-1.108"
"645307","2","0.044","-0.537","-0.154"
"645311","2","0.038","-0.580","-0.156"
"645312","1","-0.439","0.302","-0.778"
"645317","2","0.027","-0.624","-0.156"
"645317","1","-0.336","0.191","-0.474"
"645321","2","0.012","-0.665","-0.154"
"645322","1","-0.165","0.050","-0.252"
"645326","2","-0.003","-0.690","-0.147"
"645327","1","0.055","-0.076","-0.094"
"645331","2","-0.021","-0.709","-0.142"
"645332","1","0.276","-0.254","0.118"
"645337","1","0.497","-0.393","0.404"
"645341","1","0.735","-0.469","0.641"
"645341","2","-0.066","-0.714","-0.128"
"645346","2","-0.086","-0.702","-0.125"
"645347","1","0.988","-0.543","0.710"
"645352","1","1.214","-0.636","0.696"
"645353","2","-0.106","-0.670","-0.123"
"645357","1","1.400","-0.722","0.696"
"645358","2","-0.130","-0.629","-0.125"
"645360","1","1.500","-0.818","0.757"
"645367","1","1.555","-0.906","0.928"
"645368","2","-0.186","-0.533","-0.153"
"645370","1","1.632","-0.983","1.171"
"645372","2","-0.206","-0.493","-0.169"
"645376","2","-0.226","-0.457","-0.177"
"645377","1","1.721","-1.086","1.206"
"645380","1","1.854","-1.260","1.087"
"645381","2","-0.234","-0.420","-0.174"
"645386","1","2.017","-1.475","1.451"
"645386","2","-0.243","-0.387","-0.162"
"645397","2","-0.255","-0.354","-0.104"
"645398","1","2.416","-1.867","1.602"
"645400","2","-0.230","-0.317","-0.062"
"645402","1","2.787","-2.089","1.750"
"645406","2","-0.200","-0.295","-0.024"
"645406","1","3.141","-2.388","2.802"
"645410","2","-0.183","-0.283","0.015"
"645411","1","3.438","-2.681","3.862"
"645415","1","3.698","-2.730","4.095"
"645415","2","-0.160","-0.244","0.068"
"645421","1","3.758","-2.514","3.644"
"645425","1","3.561","-2.070","2.984"
"645425","2","-0.009","0.066","0.169"
"645430","2","0.120","0.298","0.148"
"645435","1","3.172","-1.626","2.105"
"645435","2","0.240","0.506","0.074"
"645440","2","0.292","0.649","-0.042"
"645440","1","2.615","-1.306","1.257"
"645445","2","0.253","0.725","-0.153"
"645445","1","2.015","-1.125","0.573"
"645450","1","1.478","-0.763","0.142"
"645455","2","0.051","0.742","-0.233"
"645455","1","1.054","-0.200","0.080"
"645460","1","0.746","0.469","0.457"
"645460","2","-0.042","0.670","-0.180"
"645464","2","-0.107","0.587","-0.088"
"645465","1","0.496","0.969","0.378"
"645469","2","-0.127","0.509","-0.002"
"645470","1","0.263","1.125","-0.136"
"645474","2","-0.143","0.421","0.042"
"645480","2","-0.183","0.327","0.046"
"645480","1","-0.103","0.365","0.254"
"645485","2","-0.200","0.252","0.044"
"645485","1","0.001","0.065","0.303"
"645489","2","-0.178","0.213","0.056"
"645489","1","0.261","-0.028","0.227"
"645494","2","-0.132","0.205","0.084"
"645494","1","0.584","-0.060","0.224"
"645499","2","-0.082","0.228","0.108"
"645500","1","0.804","-0.068","0.228"
"645508","1","0.871","-0.073","0.258"
"645509","2","-0.027","0.314","0.096"
"645509","1","0.796","-0.023","0.231"
"645514","1","0.640","0.151","0.159"
"645514","2","-0.030","0.363","0.061"
"645518","2","-0.038","0.403","0.027"
"645519","1","0.439","0.353","0.126"
"645523","2","-0.055","0.430","0.003"
"645524","1","0.186","0.491","0.148"
"645528","2","-0.082","0.438","-0.011"
"645533","2","-0.110","0.429","-0.013"
"645534","1","-0.307","0.599","0.046"
"645538","2","-0.128","0.404","-0.005"
"645539","1","-0.480","0.615","-0.039"
"645543","2","-0.140","0.369","0.011"
"645544","1","-0.636","0.595","-0.132"
"645548","1","-0.745","0.563","-0.226"
"645549","2","-0.138","0.328","0.029"
"645553","2","-0.121","0.282","0.041"
"645554","1","-0.804","0.490","-0.254"
"645560","2","-0.104","0.242","0.050"
"645563","2","-0.081","0.206","0.059"
"645563","1","-0.842","0.408","-0.164"
"645569","2","-0.058","0.179","0.069"
"645569","1","-0.802","0.426","-0.120"
"645573","2","-0.035","0.168","0.079"
"645573","1","-0.755","0.474","-0.078"
"645578","2","-0.016","0.167","0.085"
"645578","1","-0.727","0.496","-0.099"
"645582","2","-0.008","0.169","0.083"
"645588","2","-0.013","0.178","0.076"
"645588","1","-0.676","0.435","-0.098"
"645592","1","-0.687","0.434","-0.086"
"645593","2","-0.029","0.186","0.065"
"645597","1","-0.742","0.422","-0.111"
"645598","2","-0.047","0.196","0.055"
"645602","2","-0.059","0.200","0.050"
"645603","1","-0.771","0.417","-0.105"
"645607","2","-0.064","0.201","0.048"
"645608","1","-0.821","0.410","-0.135"
"645616","2","-0.062","0.183","0.053"
"645617","2","-0.058","0.183","0.053"
"645618","1","-0.873","0.281","-0.170"
"645622","2","-0.057","0.171","0.062"
"645623","1","-0.895","0.243","-0.173"
"645627","2","-0.052","0.161","0.067"
"645628","1","-0.880","0.228","-0.210"
"645632","2","-0.041","0.152","0.071"
"645632","1","-0.820","0.233","-0.271"
"645637","2","-0.029","0.144","0.074"
"645642","2","-0.015","0.136","0.072"
"645642","1","-0.802","0.231","-0.302"
"645647","1","-0.784","0.240","-0.286"
"645647","2","0.003","0.132","0.069"
"645651","1","-0.785","0.220","-0.307"
"645652","2","0.017","0.128","0.064"
"645656","1","-0.778","0.210","-0.351"
"645657","2","0.031","0.128","0.058"
"645661","1","-0.764","0.230","-0.400"
"645662","2","0.040","0.130","0.049"
"645671","1","-0.772","0.244","-0.416"
"645672","2","0.056","0.135","0.038"
"645676","2","0.068","0.133","0.035"
"645677","1","-0.843","0.298","-0.427"
"645682","1","-0.885","0.362","-0.500"
"645682","2","0.072","0.129","0.031"
"645686","2","0.072","0.119","0.027"
"645687","1","-0.891","0.379","-0.567"
"645691","1","-0.921","0.380","-0.604"
"645692","2","0.067","0.107","0.021"
"645696","2","0.057","0.096","0.017"
"645702","1","-0.933","0.461","-0.644"
"645702","2","0.043","0.080","0.015"
"645706","2","0.027","0.064","0.018"
"645706","1","-0.898","0.482","-0.690"
"645711","1","-0.863","0.477","-0.699"
"645711","2","0.014","0.048","0.017"
"645716","2","0.009","0.031","0.016"
"645717","1","-0.822","0.461","-0.740"
"645721","1","-0.805","0.431","-0.758"
"645726","2","0.007","-0.005","0.013"
"645727","1","-0.765","0.385","-0.756"
"645731","1","-0.733","0.356","-0.785"
"645731","2","0.012","-0.019","0.006"
"645737","2","0.021","-0.030","0.002"
"645737","1","-0.703","0.346","-0.868"
"645740","2","0.038","-0.036","-0.004"
"645741","1","-0.703","0.336","-0.934"
"645746","2","0.055","-0.043","-0.007"
"645746","1","-0.723","0.366","-0.921"
"645755","1","-0.757","0.419","-0.897"
"645755","2","0.089","-0.082","-0.013"
"645756","1","-0.799","0.443","-0.842"
"645760","2","0.099","-0.105","-0.017"
"645761","1","-0.834","0.443","-0.756"
"645765","2","0.100","-0.130","-0.019"
"645765","1","-0.849","0.427","-0.719"
"645770","2","0.093","-0.151","-0.019"
"645770","1","-0.814","0.411","-0.667"
"645775","2","0.080","-0.171","-0.018"
"645782","2","0.065","-0.187","-0.014"
"645783","1","-0.739","0.405","-0.549"
"645785","2","0.050","-0.197","-0.013"
"645786","1","-0.702","0.365","-0.557"
"645790","2","0.037","-0.203","-0.017"
"645791","1","-0.667","0.338","-0.584"
"645797","2","0.026","-0.208","-0.026"
"645799","1","-0.620","0.289","-0.668"
"645800","2","0.015","-0.208","-0.034"
"645805","2","0.015","-0.209","-0.045"
"645809","2","0.018","-0.216","-0.053"
"645811","1","-0.625","0.305","-0.765"
"645814","2","0.025","-0.224","-0.061"
"645815","1","-0.639","0.317","-0.835"
"645819","2","0.035","-0.236","-0.068"
"645820","1","-0.669","0.349","-0.892"
"645824","2","0.052","-0.251","-0.074"
"645825","1","-0.708","0.399","-0.987"
"645829","2","0.066","-0.269","-0.080"
"645831","1","-0.702","0.469","-1.101"
"645834","1","-0.679","0.558","-1.149"
"645839","2","0.100","-0.321","-0.094"
"645840","1","-0.700","0.627","-1.197"
"645844","2","0.112","-0.357","-0.105"
"645845","1","-0.692","0.708","-1.212"
"645849","1","-0.639","0.788","-1.191"
"645850","2","0.122","-0.395","-0.117"
"645854","2","0.125","-0.435","-0.128"
"645854","1","-0.595","0.839","-1.161"
"645859","1","-0.524","0.836","-1.037"
"645864","2","0.099","-0.521","-0.149"
"645864","1","-0.432","0.809","-0.935"
"645869","1","-0.286","0.765","-0.828"
"645869","2","0.080","-0.564","-0.160"
"645874","2","0.056","-0.604","-0.167"
"645874","1","-0.103","0.716","-0.716"
"645878","1","0.097","0.587","-0.476"
"645879","2","0.029","-0.644","-0.173"
"645883","1","0.254","0.445","-0.125"
"645884","2","-0.001","-0.683","-0.181"
"645891","1","0.504","0.311","0.164"
"645893","1","0.746","0.130","0.401"
"645894","2","-0.081","-0.744","-0.187"
"645898","1","1.091","-0.095","0.423"
"645899","2","-0.121","-0.757","-0.184"
"645903","2","-0.161","-0.754","-0.176"
"645903","1","1.471","-0.298","0.552"
"645908","2","-0.203","-0.749","-0.166"
"645913","2","-0.249","-0.728","-0.157"
"645914","1","1.909","-0.644","0.472"
"645918","2","-0.282","-0.726","-0.153"
"645923","2","-0.335","-0.820","-0.148"
"645924","1","3.366","-1.637","0.824"
"645928","1","4.201","-2.495","4.602"
"645929","2","-0.442","-0.956","-0.078"
"645933","2","-0.517","-0.967","0.084"
"645934","1","5.104","-3.329","6.790"
"645938","1","5.876","-3.843","6.711"
"645938","2","-0.476","-0.743","0.288"
"645942","2","-0.314","-0.332","0.432"
"645948","2","-0.064","0.129","0.429"
"645949","1","5.914","-4.334","5.230"
"645953","2","0.201","0.519","0.263"
"645954","1","5.098","-4.074","3.672"
"645957","2","0.400","0.764","-0.006"
"645958","1","4.098","-3.502","2.371"
"645962","2","0.500","0.881","-0.264"
"645963","1","3.149","-2.583","1.799"
"645967","2","0.516","0.924","-0.420"
"645968","1","2.394","-1.398","1.318"
"645972","1","1.747","-0.235","0.592"
"645978","2","0.352","0.941","-0.389"
"645979","1","1.150","0.604","0.072"
"645982","2","0.192","0.911","-0.279"
"645983","1","0.544","1.067","-0.140"
"645987","2","0.005","0.833","-0.172"
"645988","1","-0.002","1.243","-0.230"
"645992","2","-0.168","0.682","-0.088"
"645992","1","-0.422","1.245","0.000"
"645997","2","-0.312","0.477","-0.025"
"646002","2","-0.389","0.279","0.023"
"646003","1","-0.449","0.651","0.279"
"646007","1","-0.132","0.159","0.284"
"646008","2","-0.387","0.124","0.064"
"646012","2","-0.345","0.032","0.107"
"646012","1","0.319","-0.327","0.572"
"646017","2","-0.270","0.015","0.150"
"646017","1","0.809","-0.697","0.766"
"646022","1","1.256","-0.929","0.757"
"646022","2","-0.167","0.069","0.185"
"646027","2","-0.058","0.172","0.194"
"646031","2","0.030","0.293","0.169"
"646032","1","1.805","-0.842","0.545"
"646036","2","0.096","0.408","0.113"
"646037","1","1.774","-0.543","0.445"
"646042","2","0.126","0.502","0.039"
"646042","1","1.542","-0.234","0.410"
"646046","2","0.107","0.567","-0.035"
"646047","1","1.224","0.052","0.366"
"646051","1","0.869","0.314","0.288"
"646056","2","0.009","0.618","-0.099"
"646057","1","0.508","0.511","0.207"
"646061","2","-0.037","0.604","-0.086"
"646062","1","0.182","0.607","0.150"
"646066","2","-0.073","0.560","-0.056"
"646066","1","-0.072","0.580","0.125"
"646071","1","-0.237","0.470","0.084"
"646071","2","-0.099","0.496","-0.018"
"646076","1","-0.314","0.324","0.029"
"646077","2","-0.114","0.418","0.015"
"646083","2","-0.116","0.343","0.045"
"646087","2","-0.108","0.285","0.069"
"646087","1","-0.215","0.069","0.009"
"646090","2","-0.093","0.247","0.084"
"646091","1","-0.084","0.019","-0.027"
"646096","2","-0.073","0.237","0.089"
"646096","1","0.062","-0.017","-0.077"
"646100","1","0.187","-0.023","-0.105"
"646101","2","-0.057","0.250","0.088"
"646105","2","-0.047","0.276","0.075"
"646110","2","-0.041","0.299","0.058"
"646111","1","0.209","0.010","-0.078"
"646115","2","-0.042","0.314","0.040"
"646116","1","0.123","-0.002","-0.050"
"646120","1","0.015","-0.032","-0.112"
"646120","2","-0.044","0.320","0.026"
"646125","2","-0.043","0.316","0.024"
"646126","1","-0.046","-0.079","-0.103"
"646130","1","-0.132","-0.094","-0.096"
"646130","2","-0.038","0.306","0.035"
"646135","2","-0.023","0.284","0.057"
"646141","2","0.001","0.258","0.081"
"646142","1","-0.251","-0.121","-0.145"
"646145","2","0.023","0.226","0.104"
"646145","1","-0.238","-0.134","-0.158"
"646151","2","0.047","0.198","0.125"
"646155","2","0.068","0.177","0.142"
"646155","1","-0.222","-0.111","-0.239"
"646160","2","0.085","0.159","0.152"
"646160","1","-0.210","-0.043","-0.291"
"646168","2","0.093","0.147","0.155"
"646170","2","0.096","0.136","0.153"
"646171","1","-0.220","0.038","-0.326"
"646175","1","-0.233","0.047","-0.294"
"646175","2","0.089","0.128","0.149"
"646179","1","-0.269","0.057","-0.261"
"646180","2","0.076","0.121","0.145"
"646184","1","-0.288","0.108","-0.222"
"646185","2","0.059","0.113","0.144"
"646189","2","0.036","0.105","0.149"
"646194","2","0.014","0.095","0.152"
"646196","1","-0.374","0.146","-0.367"
"646199","2","-0.007","0.082","0.153"
"646200","1","-0.411","0.089","-0.404"
"646204","1","-0.427","0.076","-0.423"
"646205","2","-0.023","0.065","0.152"
"646209","1","-0.456","0.052","-0.424"
"646210","2","-0.031","0.046","0.150"
"646214","1","-0.463","0.035","-0.410"
"646215","2","-0.031","0.027","0.152"
"646221","2","-0.022","0.007","0.157"
"646224","2","-0.007","-0.016","0.168"
"646226","1","-0.415","0.023","-0.481"
"646229","2","0.007","-0.033","0.176"
"646229","1","-0.389","0.008","-0.493"
"646234","2","0.020","-0.049","0.182"
"646234","1","-0.378","-0.019","-0.537"
"646239","1","-0.361","-0.040","-0.574"
"646239","2","0.033","-0.064","0.186"
"646243","2","0.042","-0.077","0.184"
"646249","2","0.056","-0.088","0.181"
"646249","1","-0.325","-0.027","-0.566"
"646253","1","-0.333","0.001","-0.541"
"646254","2","0.064","-0.098","0.176"
"646259","1","-0.330","0.029","-0.538"
"646260","2","0.066","-0.113","0.171"
"646264","2","0.072","-0.122","0.167"
"646264","1","-0.352","0.079","-0.577"
"646268","1","-0.392","0.114","-0.603"
"646269","2","0.076","-0.130","0.165"
"646277","1","-0.433","0.177","-0.577"
"646279","2","0.081","-0.154","0.157"
"646280","1","-0.472","0.177","-0.577"
"646283","2","0.077","-0.166","0.149"
"646284","1","-0.517","0.183","-0.569"
"646288","2","0.069","-0.178","0.144"
"646289","1","-0.554","0.164","-0.556"
"646296","2","0.066","-0.187","0.134"
"646296","1","-0.591","0.205","-0.540"
"646299","2","0.051","-0.192","0.125"
"646308","2","0.033","-0.213","0.116"
"646310","1","-0.646","0.250","-0.525"
"646313","2","0.026","-0.223","0.110"
"646313","1","-0.634","0.277","-0.494"
"646317","1","-0.609","0.307","-0.468"
"646318","2","0.012","-0.231","0.104"
"646322","2","-0.004","-0.241","0.098"
"646323","1","-0.595","0.318","-0.424"
"646328","2","-0.014","-0.245","0.092"
"646329","1","-0.590","0.316","-0.378"
"646332","2","-0.024","-0.245","0.083"
"646337","2","-0.031","-0.239","0.073"
"646339","1","-0.541","0.317","-0.339"
"646342","1","-0.540","0.311","-0.292"
"646343","2","-0.036","-0.229","0.062"
"646347","1","-0.579","0.304","-0.304"
"646348","2","-0.041","-0.221","0.044"
"646352","2","-0.053","-0.213","0.025"
"646352","1","-0.583","0.302","-0.316"
"646357","1","-0.573","0.330","-0.299"
"646362","2","-0.071","-0.202","-0.006"
"646362","1","-0.563","0.334","-0.267"
"646367","2","-0.081","-0.197","-0.021"
"646368","1","-0.582","0.306","-0.210"
"646372","2","-0.094","-0.193","-0.031"
"646373","1","-0.555","0.285","-0.182"
"646377","1","-0.552","0.256","-0.149"
"646377","2","-0.102","-0.189","-0.039"
"646381","2","-0.107","-0.184","-0.049"
"646382","1","-0.511","0.209","-0.137"
"646389","2","-0.108","-0.181","-0.056"
"646391","2","-0.104","-0.177","-0.064"
"646396","2","-0.095","-0.171","-0.074"
"646397","1","-0.408","0.080","-0.075"
"646401","1","-0.314","0.035","-0.015"
"646402","2","-0.080","-0.167","-0.076"
"646406","2","-0.063","-0.159","-0.081"
"646407","1","-0.262","0.053","-0.001"
"646411","2","-0.046","-0.148","-0.088"
"646412","1","-0.285","0.009","-0.011"
"646418","1","-0.233","-0.032","-0.056"
"646421","2","-0.019","-0.124","-0.104"
"646422","1","-0.208","-0.023","-0.031"
"646427","1","-0.201","-0.004","0.015"
"646427","2","-0.008","-0.120","-0.111"
"646431","1","-0.209","0.018","0.091"
"646432","2","0.001","-0.114","-0.113"
"646436","2","0.007","-0.114","-0.111"
"646436","1","-0.217","0.028","0.109"
"646440","2","0.008","-0.113","-0.109"
"646446","2","0.003","-0.114","-0.105"
"646446","1","-0.185","0.063","0.205"
"646451","1","-0.158","0.075","0.228"
"646452","2","-0.005","-0.113","-0.108"
"646456","2","-0.022","-0.109","-0.111"
"646456","1","-0.113","0.042","0.287"
"646460","1","-0.092","-0.004","0.287"
"646461","2","-0.039","-0.100","-0.110"
"646465","1","-0.070","0.008","0.254"
"646466","2","-0.055","-0.091","-0.109"
"646470","2","-0.063","-0.080","-0.107"
"646476","2","-0.065","-0.071","-0.104"
"646477","1","-0.010","0.091","0.167"
"646481","1","-0.000","0.075","0.124"
"646481","2","-0.060","-0.064","-0.105"
"646485","1","-0.032","0.029","0.119"
"646486","2","-0.050","-0.060","-0.105"
"646490","1","-0.054","0.024","0.144"
"646491","2","-0.039","-0.060","-0.107"
"646495","2","-0.028","-0.061","-0.106"
"646500","2","-0.018","-0.063","-0.099"
"646501","1","-0.060","0.034","0.243"
"646505","2","-0.014","-0.060","-0.092"
"646505","1","-0.074","0.044","0.199"
"646510","2","-0.007","-0.054","-0.087"
"646510","1","-0.074","0.021","0.104"
"646515","2","0.004","-0.051","-0.084"
"646515","1","-0.081","-0.011","0.062"
"646520","2","0.010","-0.049","-0.088"
"646520","1","-0.099","0.002","0.034"
"646527","1","-0.124","0.064","0.044"
"646529","2","0.034","-0.056","-0.095"
"646530","1","-0.144","0.120","0.116"
"646535","2","0.049","-0.062","-0.094"
"646535","1","-0.116","0.163","0.199"
"646539","2","0.056","-0.063","-0.090"
"646540","1","-0.088","0.200","0.274"
"646544","2","0.055","-0.061","-0.084"
"646545","1","-0.084","0.195","0.247"
"646549","2","0.049","-0.055","-0.080"
"646554","2","0.036","-0.044","-0.079"
"646556","1","-0.032","0.185","0.125"
"646559","2","0.026","-0.032","-0.084"
"646560","1","-0.058","0.184","0.129"
"646564","2","0.015","-0.020","-0.093"
"646565","1","-0.089","0.174","0.113"
"646569","2","0.003","-0.015","-0.103"
"646569","1","-0.157","0.196","0.118"
"646574","2","-0.004","-0.015","-0.111"
"646574","1","-0.195","0.182","0.178"
"646579","1","-0.174","0.167","0.211"
"646586","2","-0.013","-0.012","-0.110"
"646587","1","-0.159","0.147","0.207"
"646589","2","-0.008","-0.012","-0.100"
"646589","1","-0.131","0.111","0.174"
"646594","2","-0.001","-0.014","-0.090"
"646594","1","-0.097","0.073","0.148"
"646599","1","-0.090","0.052","0.133"
"646599","2","0.012","-0.010","-0.088"
"646604","1","-0.077","0.040","0.072"
"646610","2","0.031","-0.002","-0.094"
"646612","1","-0.097","0.041","0.041"
"646613","2","0.038","0.007","-0.102"
"646614","1","-0.104","0.117","0.040"
"646618","1","-0.116","0.176","0.059"
"646619","2","0.042","0.016","-0.107"
"646623","1","-0.143","0.224","0.060"
"646624","2","0.048","0.023","-0.110"
"646628","1","-0.146","0.246","0.012"
"646629","2","0.044","0.028","-0.112"
"646638","2","0.027","0.031","-0.114"
"646639","1","-0.199","0.215","-0.021"
"646644","1","-0.222","0.234","0.017"
"646645","2","0.018","0.024","-0.113"
"646648","2","0.015","0.022","-0.110"
"646649","1","-0.244","0.226","-0.020"
"646653","2","0.018","0.020","-0.112"
"646654","1","-0.246","0.197","-0.045"
"646658","2","0.020","0.015","-0.112"
"646658","1","-0.257","0.154","-0.050"
"646663","1","-0.242","0.179","0.011"
"646669","1","-0.218","0.169","-0.002"
"646669","2","0.028","0.010","-0.111"
"646673","1","-0.166","0.175","-0.058"
"646673","2","0.031","0.012","-0.112"
"646678","2","0.032","0.013","-0.110"
"646678","1","-0.130","0.180","-0.071"
"646682","1","-0.122","0.165","-0.094"
"646683","2","0.032","0.017","-0.110"
"646687","2","0.029","0.020","-0.113"
"646693","1","-0.158","0.129","-0.183"
"646694","2","0.029","0.024","-0.116"
"646698","2","0.033","0.026","-0.120"
"646698","1","-0.168","0.104","-0.181"
"646702","2","0.041","0.023","-0.119"
"646703","1","-0.176","0.081","-0.193"
"646707","2","0.052","0.015","-0.117"
"646708","1","-0.201","0.093","-0.165"
"646712","1","-0.178","0.080","-0.130"
"646713","2","0.063","0.007","-0.110"
"646720","2","0.076","0.000","-0.104"
"646723","2","0.078","-0.004","-0.097"
"646724","1","-0.171","0.017","-0.068"
"646727","2","0.073","-0.003","-0.088"
"646728","1","-0.141","0.010","-0.065"
"646732","2","0.064","-0.002","-0.087"
"646732","1","-0.118","0.004","-0.110"
"646737","2","0.052","0.006","-0.090"
"646737","1","-0.105","0.022","-0.136"
"646742","2","0.039","0.015","-0.091"
"646746","2","0.022","0.023","-0.095"
"646747","1","-0.084","0.004","-0.138"
"646752","1","-0.120","-0.018","-0.153"
"646753","2","0.013","0.027","-0.096"
"646756","2","0.004","0.027","-0.095"
"646757","1","-0.126","-0.029","-0.116"
"646761","1","-0.122","-0.050","-0.082"
"646762","2","0.002","0.026","-0.087"
"646766","1","-0.128","-0.094","-0.066"
"646767","2","0.003","0.025","-0.080"
"646777","2","0.008","0.023","-0.074"
"646779","1","-0.150","-0.171","-0.090"
"646781","2","0.020","0.022","-0.064"
"646782","1","-0.138","-0.186","-0.116"
"646786","2","0.028","0.024","-0.065"
"646787","1","-0.178","-0.189","-0.128"
"646794","2","0.031","0.028","-0.064"
"646796","1","-0.188","-0.138","-0.130"
"646797","2","0.032","0.029","-0.065"
"646798","1","-0.182","-0.093","-0.107"
"646805","1","-0.209","-0.069","-0.129"
"646806","2","0.027","0.028","-0.058"
"646807","1","-0.199","-0.027","-0.131"
"646812","2","0.010","0.028","-0.054"
"646812","1","-0.235","0.014","-0.140"
"646816","2","-0.008","0.027","-0.051"
"646816","1","-0.270","0.021","-0.133"
"646820","2","-0.031","0.023","-0.047"
"646821","1","-0.267","0.038","-0.089"
"646826","1","-0.263","0.035","-0.047"
"646831","2","-0.077","0.013","-0.033"
"646832","1","-0.238","0.051","-0.061"
"646835","2","-0.095","0.009","-0.021"
"646836","1","-0.197","0.016","-0.101"
"646840","2","-0.104","0.008","-0.013"
"646841","1","-0.161","-0.046","-0.151"
"646845","1","-0.139","-0.113","-0.184"
"646846","2","-0.103","0.009","-0.003"
"646850","1","-0.101","-0.148","-0.214"
"646850","2","-0.094","0.012","0.004"
"646857","2","-0.075","0.010","0.012"
"646860","2","-0.049","0.007","0.019"
"646861","1","-0.083","-0.142","-0.222"
"646865","1","-0.113","-0.121","-0.177"
"646866","2","-0.023","-0.001","0.024"
"646870","1","-0.114","-0.153","-0.130"
"646871","2","0.001","-0.006","0.033"
"646875","2","0.018","-0.010","0.040"
"646880","1","-0.095","-0.086","-0.050"
"646880","2","0.027","-0.015","0.047"
"646887","2","0.031","-0.019","0.053"
"646889","2","0.023","-0.020","0.058"
"646890","1","-0.086","-0.066","0.046"
"646895","1","-0.103","-0.075","0.088"
"646895","2","0.007","-0.018","0.060"
"646899","1","-0.083","-0.099","0.120"
"646900","2","-0.013","-0.017","0.064"
"646904","2","-0.029","-0.014","0.068"
"646905","1","-0.073","-0.108","0.113"
"646910","2","-0.040","-0.008","0.074"
"646914","1","0.001","-0.064","0.144"
"646916","2","-0.050","-0.000","0.079"
"646920","2","-0.053","0.008","0.083"
"646921","1","0.028","-0.062","0.129"
"646924","2","-0.050","0.013","0.082"
"646925","1","0.053","-0.072","0.068"
"646929","2","-0.047","0.016","0.077"
"646929","1","0.058","-0.084","0.027"
"646934","1","0.031","-0.123","-0.010"
"646934","2","-0.045","0.022","0.078"
