"825834","2","-0.108","-0.012","-0.067"
"825865","1","0.284","-0.174","-0.195"
"825867","2","-0.114","-0.008","-0.083"
"825897","2","-0.047","0.032","-0.174"
"825909","1","0.106","-0.149","-0.089"
"825912","1","0.127","-0.149","-0.089"
"825913","2","-0.050","0.042","-0.210"
"825925","2","-0.048","0.041","-0.243"
"825928","2","-0.048","0.041","-0.243"
"825930","1","0.260","-0.054","-0.160"
"825947","1","0.347","-0.078","-0.172"
"825959","2","-0.097","0.034","-0.334"
"825960","1","0.357","-0.023","-0.219"
"825964","2","-0.113","0.034","-0.385"
"825990","2","-0.175","0.014","-0.472"
"826026","1","0.517","-0.256","-0.271"
"826027","1","0.651","-0.256","-0.271"
"826029","2","-0.004","-0.013","-0.557"
"826040","1","1.020","0.134","-0.115"
"826059","2","-0.094","-0.015","-0.922"
"826060","1","1.803","0.585","-0.048"
"826106","2","-0.692","0.215","-1.836"
"826108","1","3.701","1.653","-0.663"
"826109","2","-0.782","0.268","-1.966"
"826113","2","-0.873","0.323","-2.101"
"826123","1","3.941","2.001","-0.811"
"826124","2","-1.048","0.414","-2.380"
"826128","2","-1.132","0.464","-2.496"
"826129","1","4.089","2.141","-0.884"
"826144","2","-1.404","0.614","-2.759"
"826146","1","4.415","2.336","-0.955"
"826160","2","-1.671","0.816","-3.011"
"826161","1","4.744","2.266","-0.955"
"826190","1","4.798","1.710","-1.005"
"826192","2","-2.093","1.316","-3.629"
"826195","1","4.816","1.236","-1.175"
"826195","2","-2.106","1.423","-3.882"
"826207","1","4.601","0.767","-0.990"
"826210","2","-2.054","1.660","-3.965"
"826211","1","4.464","0.574","-0.998"
"826225","2","-1.801","1.819","-4.225"
"826227","1","4.033","0.137","-0.881"
"826238","2","-1.687","1.893","-4.424"
"826242","1","3.725","-0.375","-0.797"
"826242","2","-1.411","1.925","-4.521"
"826243","1","3.649","-0.375","-0.797"
"826258","2","-1.051","1.995","-4.778"
"826261","2","-0.967","2.023","-4.859"
"826276","1","3.369","-0.629","-0.183"
"826277","2","-0.830","2.080","-5.061"
"826292","2","-0.823","2.130","-5.153"
"826293","1","3.203","-0.743","-0.387"
"826293","2","-0.849","2.151","-5.197"
"826294","1","3.113","-0.743","-0.387"
"826311","2","-1.187","2.221","-5.320"
"826324","1","3.031","-1.052","-0.580"
"826325","2","-1.395","2.306","-5.296"
"826325","2","-1.486","2.367","-5.238"
"826326","1","3.078","-1.352","-0.563"
"826339","2","-1.704","2.489","-5.117"
"826392","1","-0.222","-3.353","-0.766"
"826413","1","-0.403","-2.997","-0.737"
"826424","2","-1.009","2.162","-3.872"
"826425","1","-0.323","-2.997","-0.737"
"826439","2","-1.111","2.135","-3.621"
"826442","1","-0.315","-3.627","-0.509"
"826451","2","-1.180","2.100","-3.499"
"826451","1","-0.337","-3.403","-0.470"
"826459","1","-0.263","-2.868","-0.529"
"826460","2","-1.280","2.070","-3.389"
"826494","1","-0.522","-4.027","-1.534"
"826507","2","-1.524","2.163","-2.561"
"826514","1","-0.859","-3.822","-1.542"
"826523","2","-1.225","1.988","-2.245"
"826525","1","-0.967","-3.640","-1.438"
"826531","2","-1.183","1.956","-2.162"
"826536","1","-0.986","-3.237","-1.439"
"826537","2","-1.158","1.926","-2.078"
"826538","2","-1.166","1.898","-1.983"
"826539","1","-0.915","-3.242","-1.542"
"826543","1","-0.802","-3.360","-1.608"
"826554","2","-1.221","1.868","-1.745"
"826558","1","-0.751","-3.463","-2.518"
"826560","2","-1.182","1.818","-1.595"
"826570","1","-0.990","-3.186","-2.727"
"826572","2","-1.109","1.735","-1.520"
"826573","2","-1.062","1.679","-1.475"
"826574","1","-1.146","-3.030","-2.755"
"826586","2","-0.944","1.567","-1.346"
"826588","1","-1.369","-2.961","-2.451"
"826590","2","-0.886","1.519","-1.262"
"826591","1","-1.420","-2.894","-2.451"
"826594","2","-0.810","1.462","-1.175"
"826601","2","-0.722","1.399","-1.093"
"826603","1","-1.400","-2.996","-2.370"
"826604","2","-0.635","1.342","-1.007"
"826605","1","-1.250","-3.032","-2.370"
"826608","2","-0.547","1.294","-0.923"
"826609","1","-1.158","-2.911","-2.450"
"826622","1","-0.897","-2.585","-2.741"
"826662","2","-0.554","0.893","-0.674"
"826681","1","-0.884","-1.730","-2.778"
"826691","2","-0.094","0.562","-0.665"
"826696","1","-0.481","-1.554","-2.036"
"826705","1","-0.243","-1.321","-1.841"
"826707","2","0.212","0.404","-0.593"
"826708","1","0.042","-1.321","-1.662"
"826711","2","0.221","0.369","-0.555"
"826712","1","0.271","-1.107","-1.662"
"826715","2","0.197","0.343","-0.538"
"826731","2","0.002","0.332","-0.580"
"826741","1","0.798","-0.364","-1.367"
"826742","2","-0.180","0.354","-0.614"
"826745","2","-0.260","0.354","-0.635"
"826746","1","0.785","-0.483","-1.042"
"826752","1","0.799","-0.689","-0.773"
"826753","2","-0.323","0.347","-0.634"
"826759","2","-0.365","0.298","-0.577"
"826761","2","-0.363","0.298","-0.577"
"826762","1","1.040","-0.982","-0.767"
"826778","1","1.471","-1.306","-0.775"
"826780","2","-0.229","0.246","-0.496"
"826782","1","1.776","-1.247","-0.454"
"826782","2","-0.193","0.271","-0.472"
"826785","2","-0.168","0.295","-0.462"
"826786","1","1.796","-1.103","-0.479"
"826790","2","-0.172","0.327","-0.454"
"826795","1","1.847","-0.937","-0.543"
"826796","2","-0.206","0.354","-0.438"
"826802","2","-0.264","0.382","-0.415"
"826811","1","1.757","-0.927","-0.462"
"826812","2","-0.315","0.400","-0.395"
"826816","1","1.623","-0.986","-0.426"
"826821","2","-0.301","0.408","-0.354"
"826822","1","1.342","-1.042","-0.416"
"826831","1","1.368","-0.881","-0.234"
"826833","2","-0.198","0.398","-0.298"
"826837","2","-0.134","0.392","-0.264"
"826838","1","1.392","-0.748","-0.163"
"826843","2","-0.076","0.379","-0.241"
"826851","1","1.383","-0.505","0.111"
"826852","2","-0.022","0.351","-0.207"
"826852","1","1.388","-0.505","0.111"
"826857","2","-0.017","0.344","-0.181"
"826864","1","1.354","-0.458","-0.147"
"826867","2","-0.033","0.344","-0.144"
"826868","1","1.307","-0.417","-0.178"
"826869","2","-0.062","0.344","-0.144"
"826872","1","1.295","-0.389","-0.206"
"826873","2","-0.099","0.353","-0.136"
"826877","2","-0.135","0.361","-0.128"
"826882","2","-0.173","0.368","-0.124"
"826882","1","1.294","-0.254","-0.399"
"826887","2","-0.219","0.369","-0.112"
"826887","1","1.335","-0.151","-0.390"
"826893","2","-0.266","0.376","-0.086"
"826894","1","1.424","-0.099","-0.364"
"826897","2","-0.311","0.385","-0.066"
"826898","1","1.365","-0.154","-0.321"
"826902","2","-0.340","0.385","-0.067"
"826907","1","1.284","-0.354","-0.304"
"826907","2","-0.352","0.372","-0.076"
"826912","2","-0.345","0.350","-0.080"
"826912","1","1.274","-0.411","-0.214"
"826918","2","-0.314","0.320","-0.083"
"826919","1","1.303","-0.404","-0.156"
"826922","1","1.352","-0.352","-0.183"
"826923","2","-0.266","0.294","-0.081"
"826928","2","-0.220","0.271","-0.075"
"826928","1","1.383","-0.247","-0.293"
"826933","1","1.375","-0.147","-0.341"
"826942","1","1.228","-0.124","-0.573"
"826943","2","-0.148","0.181","-0.065"
"826948","2","-0.147","0.153","-0.071"
"826949","1","1.267","-0.281","-0.753"
"826952","2","-0.167","0.141","-0.062"
"826953","1","1.287","-0.247","-0.706"
"826958","2","-0.162","0.139","-0.073"
"826959","1","1.304","0.049","-0.609"
"826963","1","1.400","0.276","-0.544"
"826967","1","1.506","0.409","-0.443"
"826968","2","-0.168","0.139","-0.110"
"826975","2","-0.229","0.151","-0.119"
"826976","1","1.544","0.567","-0.359"
"826978","1","1.506","0.645","-0.307"
"826979","2","-0.288","0.157","-0.139"
"826983","2","-0.342","0.165","-0.170"
"826984","1","1.445","0.553","-0.266"
"826988","2","-0.377","0.181","-0.205"
"826989","1","1.431","0.420","-0.141"
"826998","1","1.480","0.177","-0.110"
"826998","2","-0.345","0.196","-0.221"
"827003","1","1.413","0.070","-0.023"
"827003","2","-0.278","0.187","-0.219"
"827008","2","-0.199","0.173","-0.221"
"827009","1","1.336","-0.023","-0.039"
"827013","2","-0.131","0.165","-0.235"
"827014","1","1.206","-0.084","-0.126"
"827018","2","-0.081","0.171","-0.269"
"827019","1","1.085","-0.112","-0.200"
"827023","1","1.032","-0.074","-0.345"
"827030","2","0.047","0.169","-0.334"
"827031","1","0.976","0.040","-0.323"
"827034","2","0.132","0.150","-0.338"
"827034","1","0.917","0.184","-0.029"
"827039","2","0.222","0.126","-0.335"
"827040","1","0.884","0.285","0.139"
"827044","2","0.285","0.110","-0.338"
"827044","1","0.889","0.262","0.113"
"827049","2","0.318","0.099","-0.323"
"827053","2","0.335","0.082","-0.292"
"827054","1","0.776","0.095","-0.094"
"827059","2","0.336","0.059","-0.266"
"827060","1","0.676","0.004","-0.133"
"827064","2","0.318","0.049","-0.248"
"827064","1","0.623","-0.050","-0.322"
"827069","2","0.286","0.057","-0.249"
"827069","1","0.619","-0.096","-0.524"
"827074","2","0.228","0.074","-0.250"
"827074","1","0.691","-0.139","-0.611"
"827079","1","0.765","-0.160","-0.514"
"827084","2","0.078","0.109","-0.209"
"827085","1","0.826","-0.166","-0.242"
"827090","2","0.014","0.114","-0.208"
"827091","1","0.895","-0.227","0.031"
"827094","2","-0.037","0.120","-0.236"
"827095","1","0.877","-0.377","0.174"
"827099","2","-0.066","0.126","-0.269"
"827100","1","0.762","-0.546","0.171"
"827105","2","-0.071","0.125","-0.305"
"827109","2","-0.065","0.117","-0.312"
"827110","1","0.621","-0.714","-0.051"
"827114","2","-0.062","0.110","-0.287"
"827116","1","0.492","-0.559","-0.096"
"827119","2","-0.064","0.096","-0.283"
"827120","1","0.297","-0.217","-0.032"
"827124","2","-0.094","0.084","-0.300"
"827125","1","0.168","0.003","-0.043"
"827129","2","-0.159","0.092","-0.317"
"827130","1","0.125","0.037","-0.144"
"827135","1","0.166","0.029","-0.209"
"827139","2","-0.294","0.102","-0.320"
"827140","1","0.230","0.042","-0.184"
"827145","2","-0.343","0.097","-0.312"
"827149","1","0.272","-0.040","-0.093"
"827150","2","-0.381","0.088","-0.301"
"827151","1","0.278","-0.040","-0.093"
"827155","2","-0.415","0.086","-0.295"
"827155","1","0.278","-0.077","-0.094"
"827160","2","-0.441","0.085","-0.292"
"827165","2","-0.464","0.084","-0.287"
"827165","1","0.246","-0.134","-0.080"
"827170","1","0.263","-0.099","0.002"
"827171","2","-0.482","0.082","-0.281"
"827176","2","-0.500","0.076","-0.262"
"827177","1","0.296","-0.021","-0.086"
"827180","2","-0.520","0.068","-0.236"
"827181","1","0.283","0.008","-0.249"
"827185","2","-0.569","0.064","-0.214"
"827186","1","0.218","-0.067","-0.327"
"827203","1","0.296","-0.622","-0.256"
"827204","2","-0.754","0.093","-0.176"
"827205","2","-0.775","0.089","-0.140"
"827206","1","0.362","-0.885","-0.200"
"827211","2","-0.780","0.081","-0.095"
"827217","2","-0.775","0.074","-0.087"
"827221","1","0.182","-1.470","-0.190"
"827222","2","-0.768","0.058","-0.101"
"827226","1","0.254","-1.514","-0.433"
"827227","2","-0.733","0.048","-0.067"
"827231","2","-0.675","0.028","-0.018"
"827235","2","-0.602","0.005","0.021"
"827237","1","0.158","-1.562","-0.287"
"827241","2","-0.534","0.003","0.041"
"827242","1","0.119","-1.569","-0.234"
"827246","2","-0.491","0.019","0.063"
"827251","1","0.099","-1.380","-0.108"
"827251","2","-0.473","0.039","0.089"
"827252","1","0.059","-1.020","0.041"
"827256","1","0.007","-0.664","0.109"
"827261","2","-0.482","0.053","0.100"
"827262","1","-0.029","-0.449","0.117"
"827266","2","-0.505","0.058","0.099"
"827268","1","-0.093","-0.379","0.079"
"827272","2","-0.542","0.078","0.089"
"827273","1","-0.175","-0.312","-0.008"
"827276","2","-0.575","0.112","0.066"
"827277","1","-0.204","-0.184","-0.094"
"827281","1","-0.192","-0.040","-0.143"
"827282","2","-0.594","0.143","0.043"
"827291","1","-0.199","0.006","-0.151"
"827292","1","-0.257","-0.162","-0.161"
"827293","2","-0.539","0.175","-0.032"
"827296","2","-0.441","0.180","-0.065"
"827298","1","-0.330","-0.390","-0.149"
"827301","2","-0.287","0.181","-0.108"
"827302","1","-0.290","-0.456","-0.169"
"827307","1","-0.105","-0.417","-0.307"
"827308","2","-0.079","0.164","-0.124"
"827312","2","0.139","0.138","-0.096"
"827316","1","0.189","-0.429","-0.220"
"827317","2","0.338","0.114","-0.050"
"827321","2","0.528","0.102","-0.013"
"827324","1","0.227","-0.506","-0.179"
"827327","2","0.704","0.113","-0.007"
"827327","1","0.142","-0.670","-0.238"
"827331","1","0.017","-0.775","-0.260"
"827332","2","0.848","0.133","-0.053"
"827337","1","0.069","-0.734","-0.411"
"827337","2","0.965","0.128","-0.106"
"827342","1","0.205","-0.629","-0.628"
"827346","1","0.170","-0.628","-0.670"
"827347","2","1.193","0.067","-0.075"
"827353","2","1.321","0.039","-0.086"
"827354","1","0.072","-0.803","-0.709"
"827357","2","1.452","0.032","-0.105"
"827358","1","0.092","-0.911","-0.587"
"827362","2","1.536","0.028","-0.085"
"827362","1","0.218","-0.839","-0.298"
"827367","2","1.596","0.003","-0.047"
"827372","1","0.323","-0.507","-0.095"
"827372","2","1.652","-0.035","-0.045"
"827377","2","1.682","-0.057","-0.050"
"827377","1","0.343","-0.127","-0.068"
"827382","1","0.234","0.231","-0.079"
"827383","2","1.672","-0.047","-0.066"
"827387","1","0.129","0.453","0.036"
"827388","2","1.637","0.004","-0.140"
"827392","2","1.550","0.061","-0.216"
"827393","1","0.183","0.661","0.258"
"827401","1","0.285","0.822","0.406"
"827403","2","1.180","0.085","-0.131"
"827405","1","0.301","0.926","0.445"
"827407","2","0.978","0.066","-0.081"
"827408","1","0.355","0.961","0.364"
"827412","2","0.815","0.066","-0.065"
"827413","1","0.375","0.910","0.156"
"827418","2","0.667","0.087","-0.102"
"827419","1","0.317","0.859","0.188"
"827423","2","0.529","0.114","-0.157"
"827427","2","0.421","0.129","-0.167"
"827428","1","0.366","0.559","0.175"
"827433","2","0.327","0.118","-0.119"
"827435","1","0.400","0.318","0.249"
"827438","2","0.229","0.096","-0.056"
"827439","1","0.345","0.173","0.334"
"827443","2","0.154","0.076","-0.045"
"827443","1","0.300","0.184","0.304"
"827448","1","0.360","0.266","0.329"
"827449","2","0.089","0.070","-0.074"
"827453","1","0.477","0.249","0.263"
"827458","2","-0.095","0.080","-0.080"
"827458","1","0.504","0.115","0.226"
"827463","2","-0.205","0.079","-0.063"
"827466","1","0.457","0.008","0.242"
"827468","2","-0.328","0.074","-0.035"
"827469","1","0.458","-0.032","0.291"
"827473","2","-0.462","0.070","-0.005"
"827474","1","0.487","-0.006","0.310"
"827479","2","-0.609","0.070","0.020"
"827483","2","-0.773","0.080","0.048"
"827484","1","0.578","0.367","0.271"
"827489","2","-0.967","0.102","0.096"
"827490","1","0.754","0.627","0.355"
"827493","2","-1.212","0.138","0.158"
"827494","1","0.840","0.858","0.471"
"827498","2","-1.508","0.181","0.194"
"827499","1","0.783","1.071","0.624"
"827504","2","-1.814","0.217","0.174"
"827504","1","0.584","1.233","0.807"
"827521","1","0.233","1.096","1.364"
"827522","2","-2.648","0.286","0.049"
"827524","1","0.278","0.831","1.307"
"827530","2","-3.108","0.286","0.100"
"827531","1","0.336","0.573","1.094"
"827535","2","-3.308","0.284","0.130"
"827536","1","0.281","0.361","0.818"
"827539","2","-3.412","0.284","0.088"
"827540","1","-0.005","0.044","0.245"
"827544","2","-3.420","0.284","0.002"
"827554","2","-3.319","0.333","-0.078"
"827555","1","-0.263","-0.226","-0.672"
"827560","2","-3.213","0.340","-0.125"
"827561","1","-0.400","-0.186","-0.686"
"827564","2","-3.086","0.323","-0.148"
"827565","1","-0.352","-0.031","-0.357"
"827569","2","-2.948","0.288","-0.139"
"827572","1","-0.314","0.026","-0.415"
"827574","2","-2.798","0.242","-0.126"
"827575","1","-0.361","-0.108","-0.415"
"827580","2","-2.649","0.210","-0.105"
"827584","2","-2.481","0.196","-0.077"
"827588","1","0.028","-0.269","-0.751"
"827591","2","-2.293","0.193","-0.078"
"827592","1","-0.035","-0.269","-0.751"
"827595","2","-2.056","0.185","-0.112"
"827595","1","-0.218","-0.443","-0.898"
"827599","2","-1.756","0.169","-0.154"
"827600","1","-0.275","-0.516","-1.138"
"827604","1","-0.244","-0.625","-1.421"
"827609","2","-1.106","0.128","-0.187"
"827610","1","-0.223","-0.718","-1.451"
"827615","1","-0.221","-0.751","-1.485"
"827616","2","-0.748","0.087","-0.183"
"827620","2","-0.376","0.036","-0.171"
"827620","1","-0.156","-0.899","-1.416"
"827625","1","-0.139","-1.156","-1.191"
"827625","2","-0.001","-0.006","-0.156"
"827630","1","-0.105","-1.327","-1.083"
"827630","2","0.361","-0.033","-0.113"
"827635","1","-0.021","-1.356","-1.100"
"827641","1","-0.044","-1.379","-1.099"
"827646","2","1.326","-0.116","-0.049"
"827646","1","-0.052","-1.392","-1.074"
"827650","2","1.563","-0.141","-0.042"
"827651","1","0.005","-1.426","-0.938"
"827655","2","1.749","-0.161","-0.023"
"827656","1","0.144","-1.405","-0.822"
"827660","2","1.876","-0.172","0.011"
"827661","1","0.284","-1.193","-0.789"
"827670","1","0.474","-0.954","-0.763"
"827671","2","1.952","-0.160","0.078"
"827676","1","0.578","-0.842","-0.574"
"827677","2","1.923","-0.139","0.090"
"827680","2","1.857","-0.117","0.108"
"827681","1","0.574","-0.591","-0.409"
"827685","2","1.780","-0.112","0.129"
"827686","1","0.476","-0.459","-0.383"
"827690","2","1.728","-0.116","0.130"
"827691","1","0.393","-0.586","-0.437"
"827700","1","0.138","-1.046","-0.721"
"827703","2","1.687","-0.124","0.124"
"827705","2","1.731","-0.137","0.129"
"827706","1","0.090","-1.001","-0.783"
"827711","2","1.865","-0.150","0.108"
"827711","1","0.051","-1.048","-0.939"
"827716","1","-0.096","-1.259","-1.072"
"827716","2","2.012","-0.151","0.098"
"827721","2","2.160","-0.131","0.110"
"827721","1","-0.202","-1.439","-0.962"
"827726","1","-0.321","-1.315","-0.626"
"827731","2","2.523","-0.133","0.094"
"827733","1","-0.485","-1.186","-0.585"
"827736","2","2.689","-0.171","0.096"
"827737","1","-0.344","-1.235","-0.506"
"827742","2","2.824","-0.198","0.123"
"827743","1","-0.377","-0.881","-0.412"
"827746","2","2.910","-0.229","0.134"
"827747","1","-0.625","-0.579","-0.448"
"827751","1","-0.745","-0.696","-0.335"
"827756","1","-0.906","-0.547","-0.325"
"827757","2","2.957","-0.203","0.057"
"827761","2","2.893","-0.187","-0.021"
"827762","1","-1.119","-0.152","-0.487"
"827766","2","2.704","-0.168","-0.029"
"827767","1","-0.827","0.610","-0.414"
"827772","2","2.469","-0.160","-0.031"
"827772","1","-0.442","1.932","-0.031"
"827777","1","-0.408","1.932","-0.031"
"827777","2","2.169","-0.150","-0.050"
"827793","1","0.050","2.449","0.581"
"827794","2","0.823","-0.063","-0.000"
"827798","2","0.391","-0.045","-0.015"
"827799","1","0.046","2.346","0.384"
"827802","2","0.029","-0.031","-0.042"
"827802","1","0.150","2.007","0.430"
"827807","2","-0.284","-0.014","-0.038"
"827807","1","0.365","1.399","0.603"
"827812","1","0.633","0.864","0.630"
"827812","2","-0.570","0.009","0.008"
"827822","1","0.853","0.196","0.554"
"827822","2","-0.956","0.039","0.012"
"827827","2","-1.067","0.043","0.015"
"827828","1","0.988","0.004","0.459"
"827832","2","-1.149","0.057","0.050"
"827833","1","1.110","-0.263","0.387"
"827838","2","-1.205","0.072","0.102"
"827838","1","1.125","-0.462","0.277"
"827842","2","-1.234","0.089","0.146"
"827843","1","1.093","-0.569","0.203"
"827847","1","1.017","-0.706","0.176"
"827855","2","-1.258","0.103","0.168"
"827856","1","0.960","-0.989","0.226"
"827861","2","-1.266","0.091","0.189"
"827865","1","1.074","-0.933","0.598"
"827866","2","-1.285","0.051","0.288"
"827868","2","-1.325","0.051","0.288"
"827869","1","0.996","-0.747","0.493"
"827873","1","0.839","-0.586","0.403"
"827874","2","-1.386","0.045","0.315"
"827878","2","-1.485","0.057","0.333"
"827883","2","-1.636","0.090","0.356"
"827883","1","0.611","-0.252","0.643"
"827888","2","-1.853","0.121","0.376"
"827888","1","0.481","0.167","0.908"
"827893","2","-2.131","0.152","0.401"
"827893","1","0.378","0.641","1.151"
"827898","2","-2.465","0.188","0.410"
"827898","1","0.141","0.826","1.033"
"827903","1","-0.044","0.971","0.798"
"827910","1","-0.193","0.954","0.516"
"827912","2","-3.158","0.268","0.333"
"827913","2","-3.463","0.322","0.284"
"827914","1","-0.323","0.760","0.468"
"827918","2","-3.694","0.369","0.241"
"827919","1","-0.436","0.635","0.301"
"827923","1","-0.683","0.514","0.086"
"827924","2","-3.820","0.400","0.190"
"827928","2","-3.832","0.419","0.130"
"827929","1","-0.733","0.342","0.235"
"827933","2","-3.766","0.425","0.074"
"827938","2","-3.634","0.431","0.061"
"827940","1","-0.708","0.308","0.224"
"827943","2","-3.483","0.425","0.077"
"827944","1","-0.646","0.291","0.255"
"827948","2","-3.336","0.425","0.081"
"827949","1","-0.567","0.253","0.117"
"827953","1","-0.576","0.273","0.010"
"827954","2","-3.184","0.421","0.072"
"827958","2","-3.046","0.414","0.061"
"827964","1","-0.629","0.316","-0.226"
"827965","2","-2.917","0.383","0.063"
"827969","2","-2.812","0.335","0.079"
"827969","1","-0.669","0.300","-0.376"
"827974","1","-0.693","0.352","-0.543"
"827975","2","-2.724","0.287","0.109"
"827979","1","-0.689","0.305","-0.734"
"827979","2","-2.634","0.242","0.130"
"827984","2","-2.529","0.207","0.105"
"827984","1","-0.627","0.264","-0.840"
"827989","2","-2.395","0.189","0.049"
"827994","2","-2.202","0.182","0.016"
"827996","1","-0.246","0.239","-1.635"
"828000","2","-1.925","0.155","-0.030"
"828001","1","-0.370","0.132","-1.752"
"828008","2","-1.541","0.107","-0.107"
"828009","1","-0.466","-0.199","-1.920"
"828009","2","-1.061","0.051","-0.170"
"828014","2","-0.490","0.002","-0.187"
"828015","1","-0.455","-0.375","-2.228"
"828019","2","0.131","-0.063","-0.183"
"828024","2","0.778","-0.147","-0.167"
"828025","1","-0.504","-0.590","-2.303"
"828029","2","1.454","-0.246","-0.169"
"828030","1","-0.384","-0.856","-2.077"
"828034","2","2.138","-0.341","-0.190"
"828035","1","-0.054","-1.063","-1.780"
"828039","2","2.764","-0.403","-0.170"
"828040","1","0.406","-0.847","-1.502"
"828044","2","3.289","-0.430","-0.089"
"828050","2","3.714","-0.461","0.000"
"828051","1","1.273","-0.439","-0.908"
"828055","2","3.991","-0.475","0.073"
"828055","1","1.461","-0.211","-0.571"
"828059","2","4.104","-0.495","0.127"
"828060","1","1.394","-0.303","-0.640"
"828064","2","4.120","-0.499","0.128"
"828065","1","1.325","-0.605","-0.462"
"828069","2","4.060","-0.485","0.102"
"828070","1","1.140","-0.612","-0.197"
"828078","1","0.778","-0.538","-0.044"
"828080","1","0.338","-0.500","0.087"
"828081","2","3.892","-0.424","0.051"
"828085","2","3.827","-0.412","0.015"
"828086","1","-0.135","-0.445","-0.031"
"828091","1","-0.438","-0.758","-0.191"
"828092","2","3.803","-0.425","-0.039"
"828095","2","3.851","-0.441","-0.099"
"828095","1","-0.668","-0.928","-0.580"
"828100","2","3.923","-0.438","-0.117"
"828105","2","4.057","-0.447","-0.120"
"828106","1","-0.717","-1.164","-0.642"
"828110","2","4.251","-0.453","-0.136"
"828111","1","-0.700","-1.229","-0.614"
"828115","2","4.465","-0.468","-0.157"
"828116","1","-0.769","-1.347","-0.645"
"828120","2","4.642","-0.471","-0.199"
"828121","1","-0.643","-0.969","-0.612"
"828125","2","4.730","-0.454","-0.243"
"828126","1","-0.432","0.063","-0.735"
"828134","1","-0.205","1.108","-0.553"
"828136","1","-0.081","2.128","-0.179"
"828137","2","4.468","-0.402","-0.264"
"828141","2","4.095","-0.367","-0.269"
"828141","1","0.127","2.962","0.262"
"828146","2","3.536","-0.307","-0.233"
"828146","1","0.191","3.428","0.708"
"828150","2","2.878","-0.240","-0.211"
"828151","1","0.159","3.536","0.958"
"828156","2","2.194","-0.174","-0.179"
"828161","2","1.470","-0.119","-0.075"
"828161","1","0.598","3.095","1.401"
"828166","2","0.776","-0.063","-0.003"
"828167","1","0.613","2.472","1.435"
"828172","2","0.196","-0.019","-0.052"
"828173","1","0.735","1.814","1.305"
"828176","2","-0.242","0.019","-0.140"
"828176","1","0.977","1.015","1.169"
"828181","1","1.112","0.355","1.170"
"828181","2","-0.563","0.031","-0.160"
"828191","1","1.248","-0.309","1.045"
"828193","2","-0.980","0.059","-0.031"
"828197","1","1.283","-0.303","1.044"
"828197","2","-1.146","0.085","0.009"
"828201","1","1.434","-0.096","1.118"
"828202","2","-1.348","0.107","0.027"
"828206","2","-1.604","0.135","0.073"
"828207","1","1.595","0.163","1.279"
"828211","1","1.603","0.293","1.510"
"828212","2","-1.926","0.173","0.146"
"828221","2","-2.720","0.296","0.197"
"828223","1","1.158","0.258","2.029"
"828226","1","0.986","0.495","2.395"
"828227","2","-3.188","0.357","0.172"
"828231","1","1.019","1.111","2.623"
"828232","2","-3.705","0.393","0.180"
"828238","1","1.016","1.758","2.530"
"828239","2","-4.266","0.403","0.269"
"828241","2","-4.872","0.407","0.380"
"828242","1","0.814","2.049","2.199"
"828251","1","0.598","1.949","1.804"
"828252","2","-6.091","0.462","0.465"
"828253","1","0.501","1.566","1.185"
"828257","2","-6.573","0.530","0.478"
"828258","1","0.252","1.052","0.502"
"828262","2","-6.923","0.591","0.477"
"828262","1","-0.072","0.488","0.244"
"828266","1","-0.147","0.378","-0.000"
"828267","2","-7.162","0.617","0.416"
"828272","2","-7.252","0.652","0.326"
"828277","1","-0.164","0.328","-0.518"
"828277","2","-7.242","0.680","0.227"
"828282","2","-7.118","0.724","0.166"
"828283","1","-0.305","0.533","-0.778"
"828287","1","-0.518","0.655","-1.221"
"828287","2","-6.883","0.777","0.069"
"828291","2","-6.561","0.824","-0.028"
"828292","1","-0.661","0.694","-1.475"
"828297","2","-6.147","0.796","-0.082"
"828298","1","-0.867","0.621","-1.754"
"828303","1","-1.022","0.324","-1.892"
"828312","2","-4.921","0.683","-0.285"
"828312","1","-1.207","-0.093","-2.517"
"828315","2","-4.102","0.626","-0.420"
"828318","2","-3.209","0.566","-0.471"
"828318","1","-1.205","-0.286","-2.835"
"828323","1","-1.159","-0.518","-2.872"
"828323","2","-2.308","0.500","-0.428"
"828327","1","-1.187","-0.777","-2.683"
"828328","2","-1.413","0.366","-0.324"
"828333","2","-0.540","0.193","-0.205"
"828337","2","0.272","0.018","-0.115"
"828340","1","-1.092","-1.801","-2.244"
"828344","2","1.056","-0.129","-0.073"
"828344","1","-0.928","-2.279","-1.773"
"828347","2","1.807","-0.252","-0.025"
"828348","1","-0.687","-2.398","-1.435"
"828353","2","2.500","-0.352","0.041"
"828353","1","-0.420","-2.329","-1.388"
"828358","2","3.098","-0.416","0.096"
"828364","2","3.562","-0.441","0.121"
"828364","1","0.090","-1.705","-1.361"
"828368","2","3.869","-0.448","0.148"
"828369","1","0.312","-1.020","-1.345"
"828373","2","4.031","-0.447","0.170"
"828374","1","0.460","-0.412","-1.309"
"828378","1","0.523","-0.028","-1.427"
"828379","2","4.096","-0.427","0.140"
"828383","1","0.562","0.198","-1.799"
"828383","2","4.092","-0.374","0.086"
"828388","2","4.089","-0.339","0.043"
"828393","2","4.101","-0.326","0.007"
"828394","1","0.608","-0.277","-2.293"
"828398","2","4.137","-0.330","-0.022"
"828399","1","0.679","-0.518","-2.200"
"828403","2","4.246","-0.346","-0.018"
"828404","1","0.706","-0.763","-2.136"
"828408","1","0.664","-1.305","-2.085"
"828409","2","4.408","-0.362","0.016"
"828413","2","4.648","-0.368","0.043"
"828419","1","0.005","-2.232","-1.540"
"828421","2","4.944","-0.403","0.034"
"828424","2","5.278","-0.473","-0.016"
"828425","1","-0.524","-2.450","-1.656"
"828429","2","5.611","-0.558","-0.067"
"828429","1","-0.775","-2.201","-1.815"
"828434","1","-0.761","-1.453","-1.986"
"828434","2","5.895","-0.671","-0.075"
"828439","2","6.034","-0.753","-0.041"
"828439","1","-0.745","-0.345","-2.114"
"828444","2","6.061","-0.803","-0.039"
"828450","1","-0.892","1.602","-1.716"
"828450","2","5.972","-0.791","-0.143"
"828454","2","5.724","-0.720","-0.274"
"828455","1","-0.831","2.344","-1.478"
"828459","2","5.316","-0.618","-0.355"
"828459","1","-0.665","3.071","-1.311"
"828464","1","-0.470","3.467","-0.984"
"828464","2","4.867","-0.573","-0.388"
"828469","1","-0.333","3.473","-0.713"
"828475","1","-0.174","3.349","-0.321"
"828476","2","4.002","-0.536","-0.360"
"828479","2","3.578","-0.507","-0.318"
"828480","1","-0.102","3.075","0.295"
"828484","2","3.248","-0.478","-0.325"
"828485","1","-0.088","2.629","0.653"
"828489","2","2.905","-0.420","-0.307"
"828490","1","0.199","2.270","1.061"
"828494","1","0.553","2.089","1.540"
"828494","2","2.550","-0.363","-0.207"
"828500","1","0.607","1.736","1.795"
"828505","1","0.539","1.065","2.033"
"828505","2","1.781","-0.292","-0.019"
"828510","2","1.312","-0.246","-0.016"
"828510","1","0.605","0.606","2.200"
"828514","2","0.783","-0.203","-0.003"
"828515","1","0.873","0.438","2.220"
"828519","2","0.203","-0.152","0.005"
"828520","1","1.136","0.081","2.287"
"828524","2","-0.368","-0.080","-0.005"
"828530","1","1.452","-0.274","2.564"
"828532","2","-0.912","0.015","0.033"
"828535","2","-1.470","0.101","0.078"
"828536","1","1.612","-0.262","2.535"
"828540","2","-2.042","0.182","0.130"
"828540","1","1.681","-0.231","2.492"
"828544","1","1.582","-0.248","2.387"
"828545","2","-2.607","0.248","0.218"
"828550","2","-3.146","0.307","0.313"
"828550","1","1.367","-0.395","2.273"
"828558","2","-3.662","0.355","0.373"
"828560","2","-4.151","0.355","0.373"
"828561","1","1.133","-0.315","2.082"
"828565","1","1.043","0.100","1.829"
"828566","2","-4.559","0.384","0.372"
"828570","2","-4.920","0.422","0.405"
"828571","1","0.912","0.337","1.697"
"828575","2","-5.305","0.483","0.466"
"828576","1","0.760","0.470","1.736"
"828580","1","0.516","0.727","1.851"
"828585","1","0.145","1.121","1.836"
"828586","2","-6.160","0.570","0.474"
"828590","2","-6.579","0.610","0.415"
"828591","1","-0.081","1.562","1.751"
"828595","1","-0.054","2.010","1.625"
"828596","2","-6.969","0.655","0.389"
"828600","1","-0.038","2.149","1.288"
"828601","2","-7.341","0.730","0.416"
"828605","2","-7.719","0.805","0.441"
"828606","1","-0.144","1.863","0.745"
"828611","2","-8.055","0.851","0.418"
"828616","2","-8.268","0.900","0.343"
"828617","1","-0.140","1.266","-0.330"
"828621","2","-8.358","0.921","0.257"
"828621","1","-0.213","0.748","-0.656"
"828626","1","-0.320","0.246","-0.857"
"828626","2","-8.330","1.004","0.104"
"828631","1","-0.246","0.207","-0.627"
"828631","2","-8.236","1.010","0.007"
"828636","1","-0.130","0.742","-0.302"
"828641","1","-0.066","1.209","-0.106"
"828642","2","-7.888","0.823","0.162"
"828646","1","-0.454","1.037","-0.339"
"828647","2","-7.710","0.689","0.230"
"828651","2","-7.492","0.592","0.157"
"828651","1","-0.875","0.801","-0.716"
"828656","2","-7.309","0.592","0.139"
"828656","1","-0.599","1.010","-0.874"
"828661","2","-7.102","0.581","0.222"
"828661","1","-0.405","0.966","-1.205"
"828666","1","-0.498","0.543","-1.688"
"828671","2","-6.504","0.556","0.059"
"828672","1","-0.245","0.545","-2.217"
"828676","2","-6.104","0.593","0.041"
"828677","1","0.121","0.501","-2.592"
"828681","2","-5.591","0.569","0.021"
"828682","1","0.035","0.151","-2.855"
"828686","2","-4.984","0.447","-0.078"
"828687","1","-0.234","-0.351","-2.971"
"828691","1","-0.396","-0.729","-3.238"
"828696","1","-0.174","-1.094","-3.431"
"828696","2","-3.410","0.228","-0.275"
"828702","2","-2.488","0.139","-0.252"
"828702","1","-0.028","-1.668","-3.678"
"828707","1","0.065","-2.197","-3.515"
"828707","2","-1.436","0.018","-0.179"
"828711","1","-0.010","-2.671","-3.085"
"828712","2","-0.295","-0.128","-0.082"
"828717","1","-0.123","-2.876","-2.646"
"828717","2","0.822","-0.294","0.024"
"828722","1","-0.155","-2.917","-2.438"
"828727","2","2.966","-0.494","0.095"
"828728","1","-0.106","-2.767","-2.066"
"828732","2","3.879","-0.543","0.171"
"828732","1","0.110","-2.195","-1.469"
"828737","1","0.350","-1.437","-1.035"
"828737","2","4.573","-0.566","0.281"
"828742","2","5.025","-0.572","0.352"
"828742","1","0.543","-0.650","-0.649"
"828747","1","0.704","0.220","-0.192"
"828755","2","5.241","-0.571","0.355"
"828757","1","0.765","1.005","0.073"
"828758","2","5.062","-0.513","0.285"
"828759","1","0.835","1.619","0.262"
"828762","2","4.745","-0.426","0.240"
"828763","1","0.936","2.264","0.235"
"828767","2","4.358","-0.365","0.224"
"828768","1","0.950","2.492","-0.153"
"828772","1","0.717","2.317","-0.585"
"828773","2","3.958","-0.326","0.160"
"828778","1","0.432","2.155","-0.859"
"828782","2","3.428","-0.324","-0.009"
"828783","1","0.312","1.724","-1.086"
"828788","2","3.348","-0.343","-0.036"
"828788","1","0.274","1.091","-1.313"
"828792","1","0.160","0.503","-1.544"
"828793","2","3.409","-0.375","-0.048"
"828798","2","3.581","-0.410","-0.055"
"828798","1","-0.023","-0.112","-1.577"
"828802","2","3.864","-0.446","-0.057"
"828808","2","4.229","-0.510","-0.036"
"828809","1","-0.368","-1.396","-1.212"
"828813","1","-0.620","-1.807","-1.248"
"828813","2","4.658","-0.595","-0.004"
"828818","2","5.109","-0.684","-0.013"
"828819","1","-0.880","-2.180","-1.418"
"828823","2","5.575","-0.776","-0.038"
"828823","1","-0.957","-2.125","-1.403"
"828828","2","5.946","-0.814","-0.059"
"828828","1","-0.922","-1.748","-1.338"
"828834","2","6.241","-0.830","-0.070"
"828838","2","6.424","-0.834","-0.093"
"828839","1","-0.904","0.249","-1.302"
"828844","2","6.478","-0.814","-0.167"
"828845","1","-0.983","0.902","-1.227"
"828848","2","6.424","-0.743","-0.273"
"828849","1","-0.938","1.463","-1.049"
"828854","2","6.320","-0.673","-0.371"
"828854","1","-0.810","1.940","-1.071"
"828858","2","6.195","-0.650","-0.425"
"828864","2","6.068","-0.657","-0.421"
"828864","1","-0.615","2.754","-0.989"
"828869","2","5.917","-0.680","-0.372"
"828869","1","-0.519","2.817","-0.910"
"828873","1","-0.266","2.776","-0.613"
"828874","2","5.738","-0.693","-0.285"
"828878","2","5.562","-0.694","-0.175"
"828879","1","0.164","2.568","-0.320"
"828883","2","5.267","-0.646","-0.079"
"828884","1","0.423","2.201","0.046"
"828889","1","0.653","2.089","0.702"
"828898","2","3.726","-0.486","0.042"
"828899","1","1.097","2.248","1.770"
"828904","2","2.861","-0.386","0.138"
"828908","1","1.282","1.923","2.780"
"828909","1","1.243","1.923","2.780"
"828910","2","1.865","-0.127","0.175"
"828915","2","0.891","-0.127","0.175"
"828915","1","1.050","1.889","3.251"
"828919","2","-0.041","-0.055","0.126"
"828925","1","1.145","0.667","3.913"
"828926","2","-0.957","0.024","0.080"
"828930","2","-1.855","0.161","0.099"
"828931","1","1.420","0.729","3.998"
"828939","1","1.230","0.772","3.747"
"828939","2","-3.554","0.430","0.134"
"828945","1","0.938","0.310","3.328"
"828949","2","-4.220","0.495","0.169"
"828950","1","0.846","-0.245","2.852"
"828950","2","-4.669","0.540","0.169"
"828960","1","0.775","-1.141","2.253"
"828965","2","-5.351","0.610","0.393"
"828965","1","0.615","-1.470","2.337"
"828969","2","-5.565","0.632","0.329"
"828970","1","0.389","-0.931","2.279"
"828975","1","0.393","0.572","1.917"
"828976","2","-5.763","0.627","0.326"
"828980","2","-6.086","0.659","0.440"
"828980","1","0.577","1.842","1.501"
"828985","2","-6.558","0.740","0.581"
"828990","2","-7.108","0.818","0.679"
"828991","1","0.420","2.912","0.989"
"828995","2","-7.688","0.897","0.653"
"828996","1","-0.032","2.761","0.799"
"829000","2","-8.214","0.954","0.523"
"829000","1","-0.227","2.703","0.634"
"829005","2","-8.588","1.019","0.380"
"829005","1","-0.410","2.570","-0.123"
"829010","2","-8.791","1.059","0.260"
"829010","1","-0.570","2.101","-0.823"
"829015","1","-0.706","1.587","-1.333"
"829019","2","-8.548","1.042","0.004"
"829022","1","-0.477","1.364","-1.418"
"829026","2","-8.129","0.930","-0.074"
"829026","1","-0.472","1.082","-1.503"
"829030","2","-7.520","0.806","-0.152"
"829031","1","-0.910","0.725","-1.719"
"829035","2","-6.849","0.680","-0.103"
"829036","1","-0.715","0.558","-1.703"
"829040","2","-6.147","0.528","-0.078"
"829046","2","-5.347","0.401","-0.074"
"829046","1","-0.820","-0.549","-2.534"
"829051","2","-4.541","0.352","-0.020"
"829051","1","-0.469","-0.899","-2.560"
"829055","2","-3.752","0.326","0.012"
"829056","1","-0.217","-1.285","-2.704"
"829060","2","-2.956","0.267","0.012"
"829061","1","-0.233","-1.264","-2.696"
"829065","2","-2.272","0.163","-0.024"
"829066","1","-0.303","-1.225","-2.281"
"829071","1","-0.345","-0.898","-1.910"
"829076","1","-0.086","-0.057","-1.411"
"829076","2","-1.278","0.025","-0.078"
"829081","1","0.132","0.426","-1.247"
"829081","2","-0.910","-0.012","-0.065"
"829086","1","0.369","0.475","-1.175"
"829087","2","-0.600","-0.032","-0.059"
"829091","2","-0.271","-0.038","-0.087"
"829091","1","0.470","0.570","-1.101"
"829096","2","0.110","-0.050","-0.138"
"829101","2","0.542","-0.067","-0.181"
"829101","1","0.345","0.503","-0.905"
"829106","1","0.246","0.161","-1.036"
"829107","2","0.991","-0.071","-0.203"
"829111","2","1.404","-0.081","-0.186"
"829112","1","0.169","-0.063","-1.142"
"829116","2","1.811","-0.112","-0.150"
"829117","1","0.215","0.201","-1.209"
"829121","2","2.241","-0.136","-0.156"
"829122","1","0.261","0.027","-1.452"
"829127","1","0.179","-0.522","-1.734"
"829132","2","3.192","-0.171","-0.201"
"829133","1","0.170","-0.709","-1.816"
"829137","2","3.708","-0.214","-0.178"
"829137","1","0.205","-0.877","-1.660"
"829141","2","4.217","-0.267","-0.134"
"829142","1","0.144","-0.988","-1.483"
"829146","2","4.697","-0.321","-0.059"
"829147","1","0.152","-0.939","-1.356"
"829151","2","5.111","-0.377","0.015"
"829157","2","5.417","-0.397","0.028"
"829157","1","0.084","-0.979","-0.909"
"829162","2","5.674","-0.415","0.018"
"829162","1","0.045","-0.657","-0.729"
"829167","2","5.829","-0.438","0.027"
"829168","1","0.104","-0.189","-0.421"
"829172","2","5.838","-0.458","0.048"
"829172","1","-0.118","-0.116","-0.356"
"829176","2","5.788","-0.470","0.037"
"829177","1","-0.137","-0.092","-0.255"
"829185","1","-0.434","-0.318","-0.802"
"829187","2","5.697","-0.509","-0.039"
"829187","1","-0.747","-0.623","-1.616"
"829192","2","5.664","-0.484","-0.120"
"829192","1","-0.876","-0.585","-1.859"
"829197","2","5.741","-0.480","-0.228"
"829198","1","-0.962","-0.214","-1.323"
"829202","2","5.852","-0.524","-0.306"
"829203","1","-1.013","-0.018","-1.366"
"829207","2","5.924","-0.585","-0.319"
"829212","2","5.982","-0.653","-0.309"
"829212","1","-0.965","0.383","-1.522"
"829218","2","6.077","-0.685","-0.323"
"829219","1","-0.902","0.520","-1.515"
"829222","2","6.195","-0.712","-0.346"
"829223","1","-0.903","0.416","-1.285"
"829227","2","6.294","-0.717","-0.365"
"829228","1","-1.035","0.257","-1.152"
"829232","1","-1.153","0.668","-0.840"
"829233","2","6.350","-0.704","-0.389"
"829238","1","-0.998","1.222","-0.641"
"829249","1","-0.434","2.054","0.068"
"829250","2","5.950","-0.645","-0.228"
"829253","2","5.497","-0.619","-0.144"
"829253","1","-0.263","2.040","0.602"
"829257","1","0.174","2.314","0.967"
"829258","2","4.912","-0.571","-0.152"
"829263","1","0.416","2.270","1.577"
"829263","2","4.170","-0.484","-0.159"
"829268","2","3.306","-0.370","-0.195"
"829273","2","2.353","-0.255","-0.159"
"829273","1","1.017","2.651","2.355"
"829278","2","1.374","-0.193","-0.061"
"829279","1","0.897","2.081","2.769"
"829283","2","0.405","-0.129","-0.007"
"829283","1","0.752","1.179","2.961"
"829288","2","-0.425","-0.081","-0.013"
"829288","1","1.054","0.463","3.047"
"829293","2","-1.148","-0.029","0.001"
"829294","1","1.438","-0.102","3.120"
"829298","1","1.686","-0.278","3.312"
"829303","2","-2.579","0.200","0.051"
"829303","1","1.665","-0.284","3.319"
"829309","2","-3.255","0.322","0.105"
"829309","1","1.452","-0.371","3.323"
"829313","2","-3.895","0.432","0.192"
"829314","1","1.360","-0.468","3.487"
"829318","2","-4.495","0.523","0.310"
"829319","1","1.441","-0.468","3.569"
"829323","2","-5.101","0.595","0.433"
"829329","2","-5.760","0.649","0.461"
"829329","1","1.364","-0.515","3.461"
"829333","2","-6.403","0.696","0.457"
"829334","1","1.408","0.141","3.430"
"829338","1","1.211","0.610","3.011"
"829339","2","-7.014","0.773","0.488"
"829343","2","-7.613","0.859","0.511"
"829344","1","0.955","0.955","2.385"
"829348","2","-8.159","0.945","0.559"
"829349","1","0.903","1.499","2.129"
"829354","1","0.753","2.181","1.731"
"829359","2","-9.140","1.088","0.551"
"829359","1","0.286","2.443","1.021"
"829364","2","-9.542","1.145","0.534"
"829365","1","-0.144","2.437","0.130"
"829369","2","-9.873","1.184","0.490"
"829369","1","-0.304","2.571","-0.635"
"829374","2","-10.015","1.173","0.434"
"829374","1","-0.669","2.221","-1.182"
"829378","2","-9.964","1.094","0.297"
"829384","2","-9.745","0.997","0.099"
"829385","1","-0.873","2.032","-1.754"
"829389","2","-9.375","0.896","0.051"
"829390","1","-0.728","1.813","-2.069"
"829394","2","-8.927","0.792","0.005"
"829395","1","-0.650","1.914","-2.368"
"829399","2","-8.374","0.757","-0.054"
"829399","1","-0.340","2.199","-2.661"
"829404","1","-0.476","1.839","-3.148"
"829405","2","-7.708","0.729","-0.048"
"829417","2","-6.017","0.460","-0.209"
"829418","1","-0.842","1.015","-3.687"
"829421","1","-0.652","0.549","-3.610"
"829421","2","-4.982","0.314","-0.270"
"829425","2","-3.844","0.162","-0.276"
"829425","1","-0.811","-0.422","-3.548"
"829429","2","-2.620","-0.010","-0.290"
"829430","1","-0.787","-1.286","-3.404"
"829435","2","-1.356","-0.141","-0.289"
"829435","1","-0.447","-1.682","-2.970"
"829443","2","-0.144","-0.245","-0.237"
"829446","2","1.005","-0.338","-0.172"
"829447","1","-0.049","-2.111","-1.894"
"829452","2","2.060","-0.409","-0.135"
"829452","1","0.090","-2.045","-1.536"
"829455","2","2.980","-0.454","-0.096"
"829456","1","0.371","-1.781","-1.297"
"829461","2","3.740","-0.473","-0.021"
"829461","1","0.695","-1.667","-0.957"
"829466","2","4.307","-0.467","0.057"
"829470","2","4.705","-0.446","0.105"
"829473","1","0.977","-0.738","-0.326"
"829476","2","4.968","-0.415","0.120"
"829476","1","1.005","-0.166","-0.158"
"829480","2","5.094","-0.373","0.115"
"829481","1","1.049","0.271","-0.202"
"829485","2","5.073","-0.321","0.112"
"829485","1","1.114","0.588","-0.282"
"829490","2","4.939","-0.293","0.131"
"829491","1","1.135","0.693","-0.573"
"829495","1","1.073","0.549","-0.812"
"829501","1","0.955","0.409","-1.035"
"829502","2","4.575","-0.289","0.140"
"829506","2","4.488","-0.291","0.114"
"829506","1","0.761","0.086","-1.266"
"829510","2","4.479","-0.301","0.064"
"829511","1","0.487","-0.296","-1.464"
"829515","2","4.544","-0.315","0.033"
"829516","1","0.113","-0.561","-1.771"
"829520","2","4.704","-0.316","0.011"
"829525","2","4.940","-0.321","-0.032"
"829526","1","-0.863","-0.863","-1.853"
"829532","1","-1.400","-0.907","-1.872"
"829532","2","5.223","-0.352","-0.063"
"829536","2","5.548","-0.431","-0.110"
"829537","1","-1.818","-0.936","-1.874"
"829541","1","-2.225","-0.701","-2.020"
"829541","2","5.910","-0.565","-0.146"
"829546","2","6.267","-0.707","-0.179"
"829546","1","-2.406","-0.491","-2.086"
"829551","1","-2.368","-0.135","-1.867"
"829556","2","6.804","-0.867","-0.274"
"829556","1","-1.904","0.656","-1.707"
"829561","2","6.962","-0.883","-0.253"
"829562","1","-1.398","1.646","-1.453"
"829566","2","6.953","-0.866","-0.194"
"829567","1","-0.978","2.189","-1.070"
"829571","1","-0.612","2.557","-0.618"
"829572","2","6.746","-0.808","-0.161"
"829576","1","-0.392","2.820","-0.133"
"829581","1","-0.194","3.052","0.424"
"829582","2","5.974","-0.673","-0.229"
"829586","2","5.419","-0.633","-0.224"
"829587","1","-0.055","3.206","0.776"
"829591","2","4.777","-0.595","-0.165"
"829592","1","0.108","3.112","1.045"
"829596","2","4.026","-0.540","-0.082"
"829597","1","0.319","2.805","1.633"
"829601","2","3.235","-0.472","-0.023"
"829602","1","0.486","2.492","2.082"
"829610","1","0.688","1.543","2.371"
"829612","2","1.651","-0.341","-0.010"
"829612","1","0.933","1.543","2.371"
"829617","1","1.215","1.108","2.619"
"829617","2","0.962","-0.260","-0.046"
"829621","1","1.493","0.573","2.905"
"829622","2","0.328","-0.202","-0.013"
"829626","1","1.514","0.235","3.056"
"829627","2","-0.371","-0.125","0.023"
"829631","2","-1.091","0.003","-0.014"
"829636","1","1.602","0.776","3.260"
"829639","2","-1.783","0.153","-0.037"
"829642","2","-2.518","0.301","0.005"
"829642","1","1.648","0.817","3.364"
"829647","2","-3.237","0.420","0.111"
"829648","1","1.500","0.738","3.340"
"829651","2","-3.892","0.504","0.204"
"829652","1","1.321","0.671","3.372"
"829657","2","-4.494","0.557","0.257"
"829657","1","1.224","0.490","3.293"
"829662","1","1.164","0.486","2.893"
"829668","1","1.079","0.710","2.525"
"829668","2","-5.585","0.638","0.220"
"829672","1","0.965","1.077","2.279"
"829673","2","-6.055","0.680","0.213"
"829677","1","0.681","1.552","1.784"
"829678","2","-6.511","0.758","0.188"
"829683","1","0.297","1.857","1.493"
"829684","2","-6.884","0.864","0.141"
"829687","1","-0.064","2.039","1.230"
"829692","2","-7.556","0.972","0.145"
"829693","1","-0.488","2.030","0.804"
"829697","1","-0.782","1.952","0.133"
"829698","2","-7.806","0.982","0.123"
"829703","2","-7.909","1.010","0.067"
"829703","1","-0.848","1.688","-0.312"
"829708","2","-7.915","0.995","-0.024"
"829708","1","-0.923","1.369","-0.745"
"829712","1","-0.928","1.338","-1.073"
"829713","2","-7.826","0.982","-0.118"
"829718","2","-7.638","0.917","-0.146"
"829723","2","-7.353","0.828","-0.118"
"829725","1","-0.852","1.164","-1.693"
"829728","2","-7.007","0.775","-0.219"
"829729","1","-0.973","0.996","-2.186"
"829733","1","-0.803","1.124","-2.728"
"829733","2","-6.510","0.751","-0.357"
"829738","2","-5.932","0.709","-0.410"
"829738","1","-0.568","1.038","-3.254"
"829743","1","-0.541","0.664","-3.531"
"829748","2","-4.368","0.521","-0.454"
"829749","1","-0.761","-0.067","-3.496"
"829753","1","-0.864","-0.769","-3.409"
"829754","2","-3.408","0.407","-0.516"
"829758","1","-0.810","-1.399","-3.391"
"829759","2","-2.343","0.257","-0.502"
"829763","2","-1.214","0.115","-0.422"
"829764","1","-0.720","-2.011","-3.303"
"829768","1","-0.601","-2.485","-2.985"
"829768","2","-0.090","-0.037","-0.293"
"829774","1","-0.568","-3.090","-2.742"
"829779","2","2.117","-0.307","-0.144"
"829781","1","-0.465","-3.762","-2.613"
"829784","2","3.192","-0.403","-0.070"
"829784","1","-0.146","-4.126","-2.276"
"829789","2","4.177","-0.498","0.067"
"829789","1","0.260","-4.042","-1.785"
"829793","1","0.611","-3.646","-1.342"
"829794","2","5.006","-0.567","0.208"
"829798","1","0.933","-2.976","-1.006"
"829804","2","6.109","-0.630","0.296"
"829805","1","1.228","-2.045","-0.953"
"829809","2","6.290","-0.574","0.298"
"829809","1","1.337","-1.172","-1.106"
"829814","2","6.266","-0.496","0.247"
"829814","1","1.313","-0.360","-1.223"
"829818","2","6.122","-0.425","0.184"
"829819","1","1.323","0.551","-1.157"
"829824","1","1.190","1.300","-1.172"
"829825","2","5.866","-0.407","0.147"
"829829","1","0.975","1.501","-1.277"
"829835","2","5.224","-0.423","0.081"
"829837","1","0.779","1.467","-1.058"
"829839","2","4.896","-0.437","0.078"
"829839","1","0.513","1.427","-0.864"
"829844","2","4.579","-0.453","0.081"
"829845","1","0.278","1.268","-0.838"
"829849","1","0.145","0.995","-0.792"
"829849","2","4.319","-0.464","0.072"
"829854","1","0.069","0.506","-0.771"
"829859","2","4.045","-0.513","0.065"
"829862","1","-0.091","-0.045","-0.727"
"829865","2","3.981","-0.527","0.060"
"829866","1","-0.368","-0.365","-0.698"
"829869","2","3.968","-0.543","0.075"
"829870","1","-0.665","-0.554","-0.869"
"829874","1","-0.951","-0.971","-1.117"
"829875","2","4.029","-0.561","0.072"
"829879","1","-1.257","-1.252","-1.145"
"829879","2","4.146","-0.589","0.029"
"829885","1","-1.525","-1.000","-1.166"
"829890","2","4.383","-0.633","-0.082"
"829890","1","-1.632","-0.512","-1.056"
"829895","2","4.443","-0.597","-0.142"
"829895","1","-1.466","0.091","-0.649"
"829900","2","4.474","-0.546","-0.171"
"829900","1","-1.130","0.799","-0.307"
"829905","2","4.411","-0.505","-0.156"
"829905","1","-0.860","1.396","-0.098"
"829910","1","-0.786","1.739","-0.020"
"829914","2","3.925","-0.398","-0.098"
"829915","1","-0.845","1.964","0.201"
"829920","2","3.572","-0.386","-0.074"
"829920","1","-0.778","2.140","0.634"
"829925","2","3.142","-0.368","-0.036"
"829925","1","-0.641","1.928","0.798"
"829930","1","-0.554","1.680","0.848"
"829930","2","2.670","-0.326","-0.037"
"829935","1","-0.261","1.721","1.029"
"829935","2","2.200","-0.279","-0.028"
"829943","2","1.672","-0.234","0.035"
"829945","2","1.044","-0.182","0.097"
"829945","1","0.401","1.668","1.667"
"829950","2","0.379","-0.125","0.101"
"829951","1","0.512","1.472","1.893"
"829955","1","0.603","1.178","2.015"
"829955","2","-0.245","-0.078","0.078"
"829960","2","-0.848","-0.003","0.088"
"829961","1","0.901","0.858","1.945"
"829965","1","1.265","0.700","2.010"
"829970","2","-2.043","0.218","0.182"
"829971","1","1.372","0.815","2.197"
"829976","2","-2.619","0.316","0.230"
"829982","1","0.931","0.802","2.468"
"829982","2","-3.216","0.392","0.230"
"829985","2","-3.763","0.452","0.235"
"829986","1","0.719","0.860","2.342"
"829990","2","-4.286","0.491","0.218"
"829991","1","0.676","0.868","2.232"
"829996","2","-4.819","0.553","0.198"
"830002","2","-5.331","0.610","0.200"
"830006","1","0.845","1.342","2.262"
"830007","1","0.740","1.697","2.172"
"830008","2","-5.835","0.661","0.194"
"830011","2","-6.263","0.758","0.127"
"830011","1","0.611","2.032","1.585"
"830016","2","-6.624","0.837","0.072"
"830016","1","0.563","2.130","0.762"
"830021","2","-6.845","0.905","0.063"
"830021","1","0.428","2.049","-0.174"
"830026","1","0.098","1.866","-1.056"
"830031","1","-0.133","1.641","-1.994"
"830032","2","-6.584","0.925","-0.129"
"830036","2","-6.007","0.888","-0.265"
"830037","1","-0.309","1.299","-2.430"
"830041","2","-5.215","0.822","-0.406"
"830042","1","-0.700","0.863","-2.640"
"830046","2","-4.179","0.716","-0.506"
"830047","1","-1.138","0.643","-2.956"
"830051","2","-2.984","0.537","-0.576"
"830056","2","-1.762","0.338","-0.648"
"830057","1","-1.459","0.442","-3.395"
"830062","2","-0.572","0.159","-0.636"
"830063","1","-1.000","0.563","-3.509"
"830066","2","0.539","0.026","-0.572"
"830067","1","-0.496","0.184","-3.312"
"830071","1","-0.132","-0.767","-2.672"
"830072","2","1.537","-0.078","-0.457"
"830076","2","2.418","-0.181","-0.292"
"830077","1","0.133","-1.746","-1.965"
"830084","2","3.168","-0.295","-0.113"
"830088","2","3.746","-0.421","0.035"
"830088","1","0.437","-2.653","-1.095"
"830092","2","4.172","-0.537","0.096"
"830092","1","0.461","-2.540","-0.860"
"830097","2","4.452","-0.596","0.062"
"830097","1","0.473","-2.019","-0.742"
"830101","1","0.660","-1.333","-0.756"
"830102","2","4.555","-0.602","0.011"
"830107","1","0.856","-0.893","-0.831"
"830118","1","0.856","-0.294","-0.524"
"830119","2","4.152","-0.401","-0.047"
"830122","2","4.065","-0.372","-0.062"
"830123","1","0.716","-0.548","-0.101"
"830127","1","0.646","-1.045","-0.035"
"830128","2","4.060","-0.387","-0.029"
"830132","2","4.133","-0.414","0.028"
"830133","1","0.544","-1.739","-0.131"
"830137","2","4.289","-0.417","0.036"
"830138","1","0.206","-2.508","-0.221"
"830142","1","-0.172","-2.981","-0.326"
"830148","1","-0.420","-3.241","-0.388"
"830149","2","4.746","-0.385","0.010"
"830152","2","4.947","-0.361","-0.003"
"830153","1","-0.525","-3.326","-0.417"
"830157","1","-0.618","-2.763","-0.142"
"830158","2","5.066","-0.360","0.005"
"830162","2","5.047","-0.396","0.027"
"830163","1","-0.773","-1.963","0.044"
"830168","2","4.847","-0.424","0.090"
"830172","2","4.560","-0.449","0.139"
"830173","1","-0.748","0.211","0.271"
"830178","2","4.143","-0.488","0.170"
"830178","1","-0.692","1.316","0.534"
"830183","2","3.526","-0.442","0.188"
"830183","1","-0.666","2.007","0.615"
"830188","2","2.790","-0.334","0.138"
"830188","1","-0.685","2.432","0.693"
"830193","1","-0.495","3.069","0.803"
"830193","2","1.999","-0.202","0.124"
"830200","2","1.134","-0.090","0.211"
"830203","2","0.227","-0.014","0.263"
"830203","1","-0.156","3.613","1.490"
"830209","2","-0.605","0.029","0.189"
"830209","1","-0.453","3.119","1.884"
"830213","1","-0.329","2.827","1.884"
"830214","2","-1.378","0.073","0.124"
"830218","1","0.392","2.820","2.132"
"830218","2","-2.124","0.129","0.209"
"830223","1","0.713","2.520","2.394"
"830229","1","0.513","2.016","2.527"
"830231","2","-3.747","0.324","0.343"
"830233","2","-4.575","0.461","0.262"
"830234","1","0.262","1.895","2.846"
"830238","2","-5.390","0.582","0.130"
"830239","1","0.265","1.868","3.027"
"830243","1","0.394","1.896","2.887"
"830244","2","-6.119","0.706","0.047"
"830248","2","-6.689","0.837","0.019"
"830249","1","0.552","1.705","2.644"
"830256","1","0.579","1.023","2.389"
"830259","2","-7.673","1.030","0.005"
"830260","1","0.532","0.744","2.309"
"830264","2","-8.010","1.018","-0.002"
"830264","1","0.458","1.231","2.151"
"830269","2","-8.235","0.995","0.037"
"830269","1","0.214","1.363","1.730"
"830273","1","-0.055","1.042","1.060"
"830274","2","-8.402","0.969","0.067"
"830279","2","-8.414","0.980","0.095"
"830283","1","-0.185","0.363","-1.342"
"830284","2","-8.208","0.952","0.088"
"830291","1","-0.646","-0.477","-2.419"
"830291","2","-7.800","0.969","-0.031"
"830294","2","-7.203","0.891","-0.170"
"830294","1","-0.699","-0.497","-2.730"
"830299","1","-0.675","0.215","-3.213"
"830299","2","-6.390","0.778","-0.270"
"830304","1","-0.724","0.531","-3.592"
"830304","2","-5.447","0.612","-0.331"
"830310","1","-0.970","0.357","-3.922"
"830314","2","-3.437","0.350","-0.404"
"830316","1","-0.929","0.402","-3.908"
"830319","2","-2.407","0.229","-0.379"
"830321","1","-0.955","0.201","-3.737"
"830324","2","-1.384","0.101","-0.391"
"830325","1","-1.059","-0.141","-3.348"
"830329","2","-0.304","-0.016","-0.385"
"830330","1","-0.792","-0.291","-3.146"
"830334","2","0.813","-0.134","-0.317"
"830339","2","1.895","-0.263","-0.154"
"830339","1","-0.200","-2.165","-2.550"
"830345","2","2.905","-0.392","0.042"
"830345","1","-0.029","-3.143","-2.375"
"830349","2","3.849","-0.505","0.209"
"830350","1","0.095","-3.515","-2.164"
"830354","2","4.663","-0.595","0.299"
"830355","1","0.357","-3.167","-1.766"
"830359","2","5.276","-0.641","0.287"
"830360","1","0.592","-2.599","-1.475"
"830365","1","0.893","-1.752","-1.366"
"830370","2","5.883","-0.574","0.212"
"830371","1","1.265","-0.885","-1.319"
"830375","2","5.917","-0.523","0.197"
"830375","1","1.558","-0.071","-1.011"
"830380","2","5.832","-0.495","0.200"
"830380","1","1.657","0.436","-0.800"
"830385","2","5.722","-0.484","0.180"
"830385","1","1.566","0.463","-0.907"
"830390","2","5.622","-0.502","0.157"
"830394","2","5.550","-0.538","0.158"
"830397","1","1.134","0.121","-0.779"
"830400","2","5.562","-0.594","0.142"
"830401","1","0.809","-0.231","-1.017"
"830405","2","5.665","-0.617","0.074"
"830406","1","0.418","-0.786","-1.383"
"830410","2","5.839","-0.620","-0.058"
"830411","1","-0.037","-1.413","-1.565"
"830415","1","-0.713","-1.329","-1.506"
"830415","2","6.057","-0.645","-0.167"
"830424","2","6.302","-0.686","-0.228"
"830426","2","6.520","-0.723","-0.262"
"830427","1","-1.187","-0.968","-1.735"
"830430","2","6.674","-0.733","-0.261"
"830431","1","-1.126","-0.435","-1.659"
"830436","2","6.674","-0.712","-0.217"
"830436","1","-0.889","0.276","-1.362"
"830440","2","6.526","-0.692","-0.160"
"830441","1","-0.835","1.335","-0.730"
"830446","2","6.223","-0.696","-0.098"
"830451","2","5.730","-0.673","-0.080"
"830451","1","-0.834","3.064","-0.054"
"830456","2","5.101","-0.607","-0.136"
"830456","1","-0.915","3.501","0.204"
"830461","2","4.389","-0.501","-0.144"
"830461","1","-0.505","4.112","0.452"
"830466","2","3.559","-0.401","-0.073"
"830466","1","-0.078","4.673","0.552"
"830471","2","2.639","-0.299","-0.053"
"830471","1","-0.293","4.398","1.127"
"830481","2","1.021","-0.172","-0.103"
"830486","1","-0.173","2.587","1.845"
"830486","2","0.390","-0.161","-0.096"
"830487","1","-0.119","1.413","1.829"
"830491","2","-0.137","-0.134","-0.094"
"830492","1","0.138","0.709","1.640"
"830496","1","0.496","0.414","1.722"
"830497","2","-0.546","-0.090","-0.051"
"830502","1","0.703","-0.029","1.850"
"830502","2","-0.879","-0.051","0.020"
"830508","1","0.745","-0.180","1.861"
"830511","2","-1.670","0.126","0.067"
"830512","1","0.863","-0.040","1.921"
"830517","2","-2.114","0.235","0.074"
"830518","1","0.780","-0.079","2.017"
"830522","2","-2.580","0.329","0.067"
"830523","1","0.707","-0.079","2.017"
"830526","2","-3.034","0.390","0.083"
"830527","1","0.698","0.072","1.960"
"830532","1","0.711","0.195","1.998"
"830538","2","-3.863","0.503","0.281"
"830543","1","0.522","0.319","2.240"
"830543","2","-4.308","0.503","0.281"
"830547","2","-4.804","0.537","0.291"
"830547","1","0.130","0.538","2.029"
"830552","2","-5.290","0.571","0.247"
"830552","1","-0.078","1.008","1.856"
"830556","1","-0.028","1.123","1.887"
"830557","2","-5.734","0.589","0.216"
"830562","2","-6.245","0.657","0.176"
"830567","2","-6.708","0.744","0.114"
"830567","1","0.007","1.485","0.775"
"830572","2","-7.021","0.867","0.045"
"830572","1","-0.108","1.445","0.299"
"830577","2","-7.224","0.985","0.036"
"830577","1","-0.261","0.883","-0.219"
"830582","2","-7.447","1.039","0.061"
"830582","1","-0.270","0.969","-1.438"
"830587","1","-0.432","1.166","-2.298"
"830587","2","-7.519","1.021","0.044"
"830592","2","-7.337","0.931","-0.014"
"830597","2","-7.001","0.815","-0.127"
"830598","1","-0.691","0.541","-2.928"
"830602","2","-6.512","0.728","-0.280"
"830603","1","-0.627","0.529","-3.455"
"830607","2","-5.819","0.648","-0.406"
"830608","1","-0.676","0.480","-3.444"
"830612","1","-0.820","0.071","-3.294"
"830613","2","-4.953","0.517","-0.440"
"830617","2","-3.972","0.382","-0.406"
"830622","2","-2.896","0.247","-0.341"
"830623","1","-0.876","-1.028","-2.759"
"830627","2","-1.822","0.123","-0.289"
"830628","1","-0.723","-1.356","-2.396"
"830632","2","-0.836","0.027","-0.281"
"830633","1","-0.564","-1.495","-2.234"
"830637","2","0.158","-0.041","-0.271"
"830638","1","-0.245","-1.951","-1.990"
"830643","1","0.058","-2.773","-1.581"
"830644","2","1.119","-0.110","-0.193"
"830648","2","1.962","-0.197","-0.049"
"830652","2","2.712","-0.264","0.101"
"830653","1","0.379","-3.034","-0.987"
"830658","2","3.346","-0.319","0.199"
"830659","1","0.458","-2.436","-0.499"
"830663","1","0.643","-1.710","-0.096"
"830663","2","3.807","-0.344","0.244"
"830668","2","4.077","-0.347","0.251"
"830668","1","0.863","-0.870","0.106"
"830673","2","4.165","-0.336","0.244"
"830678","2","4.135","-0.324","0.208"
"830679","1","0.829","0.369","-0.358"
"830683","2","4.077","-0.319","0.116"
"830684","1","0.653","0.405","-0.539"
"830688","2","4.037","-0.337","0.060"
"830689","1","0.620","0.282","-0.858"
"830694","2","4.052","-0.375","0.088"
"830695","1","0.699","-0.140","-1.517"
"830698","2","4.149","-0.431","0.125"
"830698","1","0.597","-0.824","-1.795"
"830706","1","0.245","-1.414","-1.772"
"830708","2","4.722","-0.531","0.043"
"830709","1","-0.069","-1.977","-1.765"
"830714","2","5.135","-0.562","-0.011"
"830714","1","-0.276","-2.427","-2.013"
"830719","2","5.563","-0.598","-0.020"
"830719","1","-0.483","-2.725","-2.179"
"830724","2","5.960","-0.637","-0.019"
"830724","1","-0.764","-2.762","-2.015"
"830729","2","6.335","-0.687","-0.054"
"830734","2","6.645","-0.745","-0.115"
"830735","1","-1.108","-1.463","-1.386"
"830739","2","6.794","-0.807","-0.129"
"830740","1","-0.947","-0.273","-1.058"
"830745","2","6.737","-0.855","-0.069"
"830745","1","-0.779","1.310","-0.559"
"830749","2","6.439","-0.855","-0.003"
"830749","1","-0.780","2.518","-0.103"
"830754","1","-0.667","3.522","0.272"
"830755","2","5.895","-0.769","-0.008"
"830759","2","5.121","-0.609","-0.005"
"830764","1","-0.416","4.982","1.615"
"830766","2","4.143","-0.438","0.013"
"830769","2","3.106","-0.275","-0.047"
"830770","1","-0.385","4.832","1.675"
"830774","2","2.141","-0.198","-0.085"
"830775","1","-0.109","4.379","1.647"
"830779","2","1.296","-0.179","-0.048"
"830780","1","-0.170","3.230","1.760"
"830784","2","0.598","-0.163","-0.040"
"830789","1","-0.370","0.892","1.116"
"830790","2","0.132","-0.164","-0.088"
"830794","2","-0.078","-0.168","-0.102"
"830795","1","0.059","0.096","0.531"
"830799","2","-0.183","-0.148","-0.078"
"830800","1","0.326","-0.680","0.281"
"830804","2","-0.273","-0.094","-0.055"
"830805","1","0.329","-1.023","0.273"
"830809","2","-0.298","-0.045","-0.057"
"830810","1","0.345","-1.027","0.242"
"830818","1","0.486","-1.127","0.172"
"830819","1","0.557","-1.268","0.144"
"830820","2","-0.262","0.003","-0.043"
"830825","2","-0.290","0.045","-0.027"
"830825","1","0.545","-1.201","0.288"
"830830","1","0.444","-0.973","0.274"
"830831","2","-0.309","0.076","-0.048"
"830835","2","-0.320","0.079","-0.082"
"830836","1","0.441","-0.787","0.021"
"830840","2","-0.351","0.069","-0.082"
"830845","2","-0.393","0.065","-0.048"
"830847","1","0.801","-0.381","-0.132"
"830850","2","-0.399","0.067","-0.021"
"830851","1","0.845","-0.138","-0.218"
"830855","1","0.987","0.030","-0.162"
"830856","2","-0.366","0.089","-0.027"
"830860","2","-0.330","0.118","0.018"
"830860","1","1.354","0.099","0.049"
"830865","2","-0.315","0.146","0.156"
"830867","1","1.295","-0.194","-0.346"
"830874","1","0.846","-0.633","-0.781"
"830875","1","0.481","-0.764","-0.704"
"830876","2","-0.210","0.181","0.301"
"830880","2","-0.122","0.171","0.284"
"830881","1","0.362","-0.623","-0.635"
"830885","2","-0.058","0.141","0.285"
"830886","1","0.468","-0.420","-0.750"
"830890","2","-0.037","0.109","0.337"
"830891","1","0.627","-0.397","-0.824"
"830895","2","-0.030","0.085","0.412"
"830900","2","-0.002","0.075","0.474"
"830901","1","0.726","-1.036","-1.056"
"830906","2","0.073","0.072","0.496"
"830906","1","0.725","-1.428","-1.080"
"830911","2","0.209","0.073","0.497"
"830911","1","0.733","-1.658","-0.947"
"830916","2","0.396","0.080","0.497"
"830916","1","0.843","-1.629","-0.729"
"830920","2","0.612","0.100","0.509"
"830921","1","0.978","-1.541","-0.583"
"830928","2","0.833","0.130","0.521"
"830930","2","1.040","0.157","0.538"
"830931","1","1.334","-1.608","-0.299"
"830936","2","1.211","0.191","0.587"
"830936","1","1.492","-1.780","-0.128"
"830941","2","1.331","0.218","0.654"
"830942","1","1.510","-1.943","0.018"
"830946","2","1.411","0.254","0.735"
"830947","1","1.548","-2.225","0.125"
"830951","2","1.484","0.288","0.798"
"830956","2","1.553","0.323","0.851"
"830956","1","1.577","-2.901","0.064"
"830961","1","1.534","-3.231","-0.030"
"830962","2","1.586","0.352","0.909"
"830966","1","1.484","-3.508","-0.020"
"830967","2","1.602","0.385","0.982"
"830971","1","1.439","-3.853","0.007"
"830972","2","1.635","0.413","1.062"
"830977","2","1.689","0.444","1.136"
"830978","1","1.416","-4.195","0.094"
"830985","2","1.638","0.456","1.288"
"830987","1","1.048","-3.983","0.131"
"830991","2","1.509","0.444","1.389"
"830992","1","0.882","-3.765","-0.033"
"830996","1","0.757","-3.761","-0.350"
"830997","2","1.334","0.430","1.500"
"831001","1","0.519","-3.875","-0.585"
"831002","2","1.131","0.422","1.597"
"831006","1","0.159","-3.823","-0.864"
"831008","2","0.883","0.391","1.688"
"831019","1","-0.319","-3.665","-1.597"
"831022","2","0.187","0.165","1.959"
"831022","1","-0.358","-3.681","-2.043"
"831027","2","-0.017","0.083","2.064"
"831027","1","-0.429","-3.713","-2.490"
"831032","2","-0.207","-0.016","2.163"
"831032","1","-0.533","-3.764","-2.859"
"831037","2","-0.370","-0.120","2.265"
"831038","1","-0.614","-3.807","-3.181"
"831042","2","-0.505","-0.226","2.368"
"831047","2","-0.604","-0.348","2.473"
"831048","1","-0.619","-3.933","-3.448"
"831052","2","-0.672","-0.480","2.588"
"831053","1","-0.590","-4.053","-3.380"
"831057","1","-0.573","-4.053","-3.380"
"831058","2","-0.738","-0.613","2.700"
"831062","1","-0.555","-4.026","-3.332"
"831063","2","-0.797","-0.742","2.805"
"831067","1","-0.542","-3.942","-3.386"
"831068","2","-0.844","-0.866","2.900"
"831074","2","-0.889","-0.979","2.985"
"831077","2","-0.949","-1.055","3.051"
"831078","1","-0.523","-3.855","-3.606"
"831083","2","-0.999","-1.141","3.119"
"831083","1","-0.538","-3.720","-3.574"
"831088","2","-1.024","-1.267","3.196"
"831088","1","-0.646","-3.571","-3.628"
"831093","2","-1.046","-1.392","3.274"
"831093","1","-0.754","-3.433","-3.750"
"831097","1","-0.821","-3.239","-3.805"
"831102","2","-1.077","-1.616","3.437"
"831103","1","-0.853","-3.001","-3.797"
"831108","2","-1.077","-1.715","3.505"
"831109","1","-0.831","-2.785","-3.729"
"831113","2","-1.082","-1.803","3.565"
"831113","1","-0.795","-2.616","-3.618"
"831118","2","-1.094","-1.888","3.609"
"831118","1","-0.737","-2.423","-3.423"
"831123","1","-0.640","-2.148","-3.235"
"831123","2","-1.117","-1.970","3.646"
"831128","2","-1.144","-2.052","3.674"
"831133","2","-1.176","-2.144","3.689"
"831133","1","-0.422","-1.518","-2.991"
"831138","2","-1.227","-2.217","3.697"
"831139","1","-0.297","-1.277","-2.868"
"831143","2","-1.302","-2.279","3.714"
"831144","1","-0.140","-1.081","-2.658"
"831148","2","-1.389","-2.338","3.736"
"831148","1","0.000","-0.934","-2.392"
"831153","2","-1.474","-2.398","3.748"
"831159","2","-1.549","-2.464","3.747"
"831159","1","0.205","-0.638","-1.945"
"831163","1","0.305","-0.488","-1.809"
"831164","2","-1.628","-2.522","3.746"
"831168","2","-1.700","-2.568","3.740"
"831169","1","0.435","-0.313","-1.819"
"831173","2","-1.765","-2.608","3.732"
"831174","1","0.538","-0.186","-1.960"
"831178","2","-1.835","-2.638","3.723"
"831179","1","0.623","-0.144","-2.136"
"831186","2","-1.905","-2.666","3.715"
"831189","2","-1.965","-2.703","3.715"
"831189","1","0.725","-0.125","-2.387"
"831194","1","0.751","-0.196","-2.506"
"831194","2","-2.010","-2.742","3.720"
"831199","1","0.783","-0.379","-2.573"
"831200","2","-2.040","-2.784","3.728"
"831204","2","-2.065","-2.839","3.743"
"831205","1","0.820","-0.676","-2.543"
"831209","2","-2.090","-2.894","3.781"
"831214","2","-2.115","-2.946","3.826"
"831215","1","1.138","-1.388","-2.264"
"831219","2","-2.123","-3.000","3.862"
"831220","1","1.334","-1.639","-2.235"
"831224","2","-2.119","-3.062","3.888"
"831225","1","1.580","-1.874","-2.229"
"831229","1","1.899","-2.162","-2.070"
"831229","2","-2.105","-3.138","3.909"
"831234","2","-2.088","-3.216","3.934"
"831235","1","2.285","-2.451","-1.852"
"831239","2","-2.051","-3.286","3.960"
"831244","2","-1.989","-3.338","3.976"
"831245","1","3.106","-2.900","-1.421"
"831249","2","-1.902","-3.381","3.990"
"831250","1","3.511","-3.155","-1.095"
"831254","2","-1.807","-3.410","4.002"
"831255","1","3.885","-3.361","-0.739"
"831259","2","-1.690","-3.417","4.008"
"831260","1","4.191","-3.397","-0.371"
"831264","2","-1.541","-3.416","4.002"
"831270","2","-1.386","-3.400","3.990"
"831271","1","4.626","-3.389","0.227"
"831274","2","-1.256","-3.361","3.989"
"831275","1","4.744","-3.365","0.430"
"831280","2","-1.132","-3.313","4.002"
"831280","1","4.735","-3.225","0.593"
"831285","2","-1.018","-3.280","4.016"
"831285","1","4.654","-3.106","0.739"
"831290","2","-0.922","-3.258","4.019"
"831290","1","4.537","-3.021","0.918"
"831298","1","4.411","-2.909","1.134"
"831300","2","-0.759","-3.222","4.025"
"831301","1","4.373","-2.642","1.431"
"831305","2","-0.667","-3.197","4.027"
"831305","1","4.377","-2.211","1.786"
"831310","1","4.411","-1.768","2.059"
"831311","2","-0.585","-3.158","4.037"
"831315","2","-0.523","-3.109","4.032"
"831316","1","4.444","-1.453","2.288"
"831320","2","-0.473","-3.046","4.009"
"831325","1","4.527","-1.007","2.539"
"831325","2","-0.428","-2.973","3.970"
"831330","2","-0.367","-2.896","3.928"
"831331","1","4.526","-0.707","2.384"
"831335","2","-0.300","-2.830","3.876"
"831336","1","4.544","-0.432","2.149"
"831340","2","-0.249","-2.756","3.819"
"831340","1","4.565","-0.191","1.886"
"831345","1","4.599","-0.020","1.744"
"831346","2","-0.220","-2.684","3.777"
"831354","2","-0.220","-2.611","3.735"
"831355","1","4.631","0.095","1.520"
"831356","2","-0.244","-2.539","3.735"
"831361","1","4.631","0.136","1.540"
"831361","2","-0.278","-2.468","3.718"
"831365","2","-0.308","-2.408","3.687"
"831366","1","4.584","0.213","1.785"
"831370","1","4.531","0.449","2.047"
"831371","2","-0.332","-2.349","3.633"
"831375","1","4.537","0.786","2.288"
"831381","1","4.552","1.157","2.710"
"831382","2","-0.387","-2.225","3.457"
"831386","2","-0.394","-2.155","3.344"
"831386","1","4.588","1.575","3.264"
"831391","2","-0.387","-2.072","3.217"
"831391","1","4.687","1.968","3.706"
"831396","2","-0.373","-1.982","3.085"
"831396","1","4.812","2.289","3.990"
"831401","2","-0.359","-1.896","2.943"
"831401","1","4.894","2.552","3.998"
"831406","2","-0.336","-1.809","2.794"
"831411","1","4.858","2.958","3.428"
"831412","2","-0.322","-1.725","2.657"
"831416","2","-0.321","-1.642","2.547"
"831417","1","4.860","3.032","2.924"
"831421","1","4.844","2.954","2.337"
"831422","2","-0.330","-1.564","2.453"
"831426","1","4.762","2.854","1.721"
"831427","2","-0.353","-1.490","2.376"
"831431","1","4.612","2.669","1.161"
"831437","2","-0.398","-1.402","2.200"
"831437","1","4.448","2.443","0.743"
"831442","2","-0.402","-1.379","2.100"
"831442","1","4.301","2.341","0.461"
"831446","2","-0.393","-1.356","2.009"
"831447","1","4.212","2.316","0.337"
"831451","1","4.194","2.372","0.334"
"831452","2","-0.375","-1.323","1.914"
"831456","1","4.184","2.542","0.503"
"831457","2","-0.351","-1.291","1.814"
"831462","2","-0.313","-1.258","1.702"
"831467","1","4.087","2.942","0.997"
"831467","2","-0.264","-1.215","1.584"
"831472","1","4.130","3.089","1.225"
"831472","2","-0.204","-1.168","1.449"
"831477","1","4.206","3.055","1.428"
"831477","2","-0.141","-1.114","1.298"
"831481","1","4.286","2.820","1.519"
"831482","2","-0.087","-1.054","1.153"
"831487","1","4.388","2.500","1.500"
"831493","2","0.024","-0.904","0.961"
"831495","1","4.498","2.151","1.382"
"831497","2","0.079","-0.830","0.895"
"831498","1","4.504","1.687","1.218"
"831502","2","0.144","-0.762","0.820"
"831502","1","4.392","1.246","1.053"
"831507","2","0.213","-0.712","0.746"
"831507","1","4.245","0.935","1.018"
"831512","2","0.271","-0.665","0.661"
"831512","1","4.028","0.826","0.990"
"831520","1","3.821","0.848","1.147"
"831523","2","0.386","-0.535","0.475"
"831524","1","3.711","0.801","1.727"
"831527","2","0.464","-0.417","0.401"
"831528","1","3.673","0.598","2.505"
"831532","2","0.564","-0.280","0.344"
"831533","1","3.595","0.250","3.125"
"831537","2","0.651","-0.157","0.278"
"831538","1","3.323","-0.096","3.223"
"831542","2","0.595","-0.241","0.091"
"831547","2","0.668","-0.398","-0.082"
"831548","1","2.659","0.405","2.551"
"831553","1","2.479","1.471","0.431"
"831553","2","0.828","-0.148","-0.077"
"831557","2","0.792","-0.078","-0.026"
"831558","1","2.157","1.746","0.621"
"831563","2","0.567","-0.073","0.001"
"831563","1","1.747","1.661","1.194"
"831567","1","1.382","1.782","0.997"
"831568","2","0.330","-0.063","-0.022"
"831576","1","1.142","1.976","0.854"
"831578","1","1.080","2.017","0.889"
"831578","2","-0.159","-0.046","-0.091"
"831583","2","-0.373","0.015","-0.124"
"831588","1","0.842","1.683","0.507"
"831588","2","-0.544","0.050","-0.151"
"831593","2","-0.703","0.063","-0.166"
"831593","1","0.708","1.174","0.498"
"831598","2","-0.842","0.071","-0.165"
"831599","1","0.506","0.509","0.461"
"831608","1","0.277","-0.338","0.291"
"831609","2","-0.995","0.067","-0.083"
"831613","2","-0.991","0.053","-0.042"
"831614","1","0.114","-0.522","0.060"
"831618","1","-0.086","-0.636","-0.274"
"831619","2","-0.922","0.026","-0.039"
"831623","1","-0.187","-0.852","-0.656"
"831624","2","-0.798","-0.012","-0.061"
"831628","1","-0.329","-1.209","-1.000"
"831629","2","-0.634","-0.059","-0.090"
"831633","1","-0.467","-1.593","-1.262"
"831639","1","-0.614","-1.828","-1.491"
"831640","2","-0.225","-0.185","-0.111"
"831645","1","-0.697","-1.919","-1.589"
"831645","2","-0.023","-0.259","-0.080"
"831649","2","0.141","-0.328","-0.031"
"831649","1","-0.761","-1.804","-1.550"
"831653","1","-0.763","-1.545","-1.425"
"831654","2","0.260","-0.378","0.026"
"831658","1","-0.757","-1.264","-1.258"
"831663","2","0.345","-0.425","0.090"
"831664","1","-0.763","-0.789","-1.139"
"831669","1","-0.794","-0.254","-0.988"
"831669","2","0.331","-0.441","0.096"
"831674","1","-0.783","0.101","-0.882"
"831674","2","0.274","-0.443","0.099"
"831679","2","0.197","-0.437","0.101"
"831679","1","-0.712","0.177","-0.719"
"831684","1","-0.639","0.142","-0.494"
"831684","2","0.142","-0.432","0.102"
"831689","1","-0.535","0.102","-0.364"
"831694","2","0.105","-0.415","0.119"
"831695","1","-0.483","0.044","-0.156"
"831699","1","-0.390","-0.043","0.085"
"831700","2","0.082","-0.404","0.131"
"831704","2","0.039","-0.393","0.139"
"831705","1","-0.341","-0.115","0.073"
"831709","1","-0.289","-0.137","0.039"
"831710","2","-0.007","-0.383","0.140"
"831714","2","-0.039","-0.374","0.141"
"831719","2","-0.049","-0.360","0.147"
"831720","1","-0.160","-0.233","-0.222"
"831724","2","-0.032","-0.348","0.150"
"831726","1","-0.107","-0.458","-0.250"
"831729","2","0.010","-0.343","0.160"
"831730","1","-0.087","-0.710","-0.207"
"831734","1","-0.090","-0.847","-0.237"
"831735","2","0.074","-0.343","0.175"
"831739","1","-0.065","-0.842","-0.111"
"831740","2","0.154","-0.344","0.188"
"831751","1","-0.036","-0.676","0.060"
"831752","2","0.277","-0.344","0.211"
"831756","1","-0.002","-0.590","0.081"
"831757","2","0.312","-0.336","0.218"
"831760","2","0.346","-0.327","0.219"
"831762","1","0.010","-0.470","0.157"
"831765","2","0.381","-0.325","0.219"
"831766","1","0.024","-0.416","0.318"
"831770","1","0.033","-0.488","0.501"
"831770","2","0.420","-0.312","0.215"
"831778","1","0.101","-0.493","0.400"
"831781","2","0.550","-0.264","0.238"
"831781","1","0.211","-0.597","0.400"
"831785","2","0.655","-0.252","0.233"
"831786","1","0.171","-0.760","0.397"
"831790","1","0.235","-0.810","0.199"
"831790","2","0.778","-0.242","0.225"
"831796","1","0.239","-0.900","-0.134"
"831797","2","0.902","-0.242","0.222"
"831800","2","1.016","-0.251","0.220"
"831805","2","1.112","-0.266","0.216"
"831805","1","0.233","-0.881","-0.093"
"831811","2","1.184","-0.277","0.216"
"831811","1","0.283","-0.721","-0.079"
"831815","1","0.292","-0.506","-0.071"
"831816","2","1.231","-0.285","0.220"
"831820","2","1.266","-0.299","0.204"
"831821","1","0.264","-0.073","-0.334"
"831825","1","0.200","0.796","-1.037"
"831826","2","1.270","-0.331","0.159"
"831831","2","1.269","-0.369","0.082"
"831835","2","1.274","-0.406","0.015"
"831837","1","0.365","1.710","0.136"
"831841","2","1.120","-0.375","-0.018"
"831841","1","0.550","1.876","0.611"
"831846","2","0.803","-0.318","-0.003"
"831846","1","1.028","2.150","0.750"
"831850","1","1.302","2.285","0.404"
"831851","2","0.422","-0.235","0.065"
"831856","1","1.310","2.000","0.288"
"831861","1","1.090","1.237","0.383"
"831862","2","-0.276","-0.040","0.074"
"831866","2","-0.543","0.014","-0.038"
"831867","1","1.006","0.644","0.175"
"831871","2","-0.741","0.040","-0.115"
"831872","1","0.926","0.373","-0.307"
"831876","1","0.786","0.325","-0.638"
"831877","2","-0.865","0.052","-0.122"
"831881","2","-0.919","0.052","-0.100"
"831882","1","0.701","0.251","-0.735"
"831887","1","0.678","0.200","-0.504"
"831891","2","-0.949","0.038","-0.110"
"831891","1","0.702","0.288","-0.175"
"831897","2","-0.975","0.048","-0.126"
"831898","1","0.764","0.427","0.317"
"831901","1","0.877","0.434","0.833"
"831902","2","-1.019","0.076","-0.128"
"831906","2","-1.095","0.112","-0.113"
"831907","1","0.977","0.302","1.216"
"831912","1","1.038","0.157","1.401"
"831916","2","-1.271","0.215","-0.074"
"831917","1","1.025","0.025","1.536"
"831921","1","1.059","-0.123","1.539"
"831922","2","-1.318","0.276","-0.072"
"831927","2","-1.322","0.345","-0.082"
"831927","1","1.032","-0.257","1.463"
"831932","2","-1.277","0.414","-0.103"
"831932","1","0.965","-0.382","1.367"
"831937","1","0.823","-0.475","1.226"
"831937","2","-1.177","0.473","-0.143"
"831944","1","0.658","-0.442","1.052"
"831947","2","-0.857","0.540","-0.237"
"831948","1","0.585","-0.315","0.983"
"831952","2","-0.631","0.546","-0.276"
"831952","1","0.522","-0.180","0.852"
"831957","1","0.426","-0.039","0.709"
"831957","2","-0.359","0.542","-0.310"
"831962","1","0.353","0.204","0.661"
"831962","2","-0.064","0.528","-0.354"
"831967","1","0.364","0.485","0.542"
"831973","2","0.404","0.472","-0.425"
"831973","1","0.426","0.730","0.379"
"831978","2","0.539","0.453","-0.448"
"831978","1","0.461","0.855","0.291"
"831982","1","0.523","0.979","0.190"
"831983","2","0.622","0.441","-0.470"
"831987","2","0.682","0.428","-0.505"
"831988","1","0.576","1.147","0.073"
"831992","2","0.722","0.414","-0.550"
"831993","1","0.622","1.343","-0.015"
"831998","1","0.628","1.523","-0.063"
"832003","1","0.608","1.631","-0.138"
"832003","2","0.716","0.372","-0.625"
"832008","2","0.673","0.343","-0.663"
"832008","1","0.524","1.701","-0.227"
"832012","1","0.487","1.710","-0.344"
"832013","2","0.627","0.308","-0.702"
"832018","2","0.584","0.271","-0.740"
"832018","1","0.447","1.637","-0.405"
"832023","2","0.540","0.233","-0.781"
"832028","2","0.503","0.193","-0.814"
"832029","1","0.338","1.401","-0.604"
"832033","2","0.480","0.149","-0.838"
"832033","1","0.310","1.267","-0.654"
"832038","2","0.477","0.103","-0.858"
"832038","1","0.315","1.086","-0.607"
"832043","2","0.492","0.063","-0.869"
"832043","1","0.313","0.850","-0.577"
"832048","2","0.516","0.028","-0.876"
"832048","1","0.310","0.663","-0.540"
"832053","1","0.276","0.568","-0.579"
"832058","2","0.627","-0.039","-0.915"
"832059","1","0.249","0.533","-0.551"
"832063","2","0.699","-0.083","-0.943"
"832064","1","0.204","0.475","-0.503"
"832068","2","0.761","-0.131","-0.965"
"832068","1","0.178","0.368","-0.524"
"832073","2","0.818","-0.181","-0.974"
"832074","1","0.143","0.168","-0.520"
"832078","2","0.872","-0.228","-0.967"
"832083","2","0.935","-0.274","-0.951"
"832086","1","0.057","-0.324","-0.553"
"832088","1","0.011","-0.610","-0.667"
"832089","2","1.007","-0.320","-0.931"
"832094","2","1.082","-0.373","-0.912"
"832094","1","-0.049","-0.830","-0.870"
"832099","2","1.139","-0.437","-0.883"
"832101","1","-0.109","-1.041","-1.013"
"832104","2","1.120","-0.496","-0.824"
"832104","1","-0.149","-1.420","-0.522"
"832109","1","-0.087","-1.635","0.258"
"832114","2","0.885","-0.537","-0.712"
"832117","1","-0.071","-1.194","0.234"
"832119","2","0.845","-0.560","-0.733"
"832120","1","-0.173","-0.600","-0.204"
"832125","2","0.801","-0.584","-0.763"
"832125","1","-0.161","-0.450","-0.242"
"832129","2","0.715","-0.588","-0.755"
"832130","1","0.038","-0.615","-0.113"
"832134","2","0.637","-0.565","-0.722"
"832139","2","0.597","-0.540","-0.697"
"832142","1","0.183","-1.178","-0.526"
"832144","2","0.616","-0.546","-0.676"
"832145","1","0.069","-1.385","-0.791"
"832149","2","0.697","-0.577","-0.645"
"832149","1","-0.041","-1.635","-0.925"
"832154","2","0.817","-0.621","-0.616"
"832154","1","-0.103","-1.906","-1.007"
"832159","2","0.948","-0.661","-0.577"
"832159","1","-0.139","-2.113","-1.051"
"832165","1","-0.220","-2.191","-1.075"
"832170","2","1.190","-0.767","-0.445"
"832171","1","-0.262","-2.102","-1.204"
"832174","2","1.377","-0.837","-0.347"
"832175","1","-0.235","-2.200","-1.473"
"832180","2","1.568","-0.851","-0.271"
"832181","1","-0.458","-2.670","-1.278"
"832184","2","1.637","-0.892","-0.273"
"832185","1","-0.622","-2.617","-0.837"
"832189","2","1.664","-0.975","-0.250"
"832194","2","1.652","-1.065","-0.199"
"832194","1","-0.658","-2.048","-0.420"
"832200","2","1.551","-1.110","-0.120"
"832201","1","-0.597","-1.849","-0.319"
"832204","2","1.397","-1.123","-0.032"
"832205","1","-0.501","-1.725","-0.319"
"832209","1","-0.403","-1.762","-0.343"
"832210","2","1.258","-1.115","0.058"
"832215","2","1.145","-1.098","0.142"
"832215","1","-0.385","-1.930","-0.352"
"832223","1","-0.496","-2.091","-0.311"
"832225","2","0.999","-1.123","0.270"
"832225","1","-0.654","-2.113","-0.327"
"832230","2","0.955","-1.152","0.323"
"832230","1","-0.789","-2.014","-0.366"
"832235","1","-0.950","-1.902","-0.334"
"832236","2","0.933","-1.176","0.348"
"832240","2","0.941","-1.205","0.355"
"832240","1","-1.064","-1.819","-0.226"
"832245","1","-1.084","-1.785","-0.163"
"832251","2","0.991","-1.278","0.404"
"832252","1","-1.081","-1.829","-0.175"
"832255","2","1.028","-1.310","0.457"
"832256","1","-1.073","-1.822","-0.259"
"832260","2","1.072","-1.338","0.527"
"832261","1","-1.041","-1.791","-0.360"
"832265","2","1.153","-1.364","0.599"
"832266","1","-0.962","-1.775","-0.566"
"832270","2","1.322","-1.391","0.671"
"832271","1","-0.953","-1.922","-0.713"
"832279","1","-1.026","-2.107","-0.624"
"832280","2","1.629","-1.469","0.693"
"832281","1","-0.992","-2.006","-0.583"
"832286","2","1.757","-1.500","0.702"
"832286","1","-0.861","-1.781","-0.585"
"832290","2","1.906","-1.551","0.724"
"832291","1","-0.783","-1.611","-0.586"
"832296","1","-0.732","-1.380","-0.626"
"832296","2","2.023","-1.596","0.745"
"832301","1","-0.619","-1.120","-0.653"
"832305","2","2.180","-1.642","0.829"
"832306","1","-0.477","-0.920","-0.719"
"832311","1","-0.329","-0.702","-0.700"
"832313","2","2.244","-1.656","0.876"
"832316","1","-0.182","-0.464","-0.628"
"832317","2","2.276","-1.669","0.930"
"832321","1","-0.154","-0.282","-0.487"
"832321","2","2.276","-1.667","0.975"
"832326","1","-0.120","-0.088","-0.429"
"832326","2","2.227","-1.657","0.999"
"832331","2","2.164","-1.640","1.010"
"832336","1","0.076","0.214","-0.483"
"832337","2","2.075","-1.608","0.990"
"832341","2","1.917","-1.543","0.949"
"832341","1","0.134","0.473","-0.399"
"832346","2","1.715","-1.492","0.925"
"832347","1","0.330","0.807","-0.310"
"832351","2","1.543","-1.466","0.950"
"832352","1","0.475","0.981","-0.252"
"832356","2","1.341","-1.411","0.985"
"832361","2","1.121","-1.334","1.006"
"832362","1","0.657","0.772","-0.246"
"832367","2","0.948","-1.248","1.013"
"832368","1","0.703","0.639","-0.251"
"832371","1","0.705","0.588","-0.144"
"832372","2","0.785","-1.171","1.003"
"832376","2","0.627","-1.103","0.980"
"832377","1","0.663","0.569","-0.034"
"832381","1","0.567","0.528","0.061"
"832382","2","0.496","-1.046","0.943"
"832390","1","0.511","0.516","0.141"
"832392","2","0.298","-0.930","0.856"
"832392","1","0.498","0.544","0.224"
"832397","2","0.236","-0.878","0.827"
"832397","1","0.533","0.608","0.285"
"832401","1","0.528","0.622","0.345"
"832402","2","0.198","-0.824","0.814"
"832407","2","0.172","-0.768","0.793"
"832407","1","0.469","0.566","0.391"
"832411","2","0.154","-0.717","0.766"
"832417","2","0.153","-0.677","0.739"
"832418","1","0.413","0.523","0.401"
"832422","2","0.154","-0.641","0.709"
"832423","1","0.415","0.483","0.383"
"832427","1","0.424","0.448","0.312"
"832427","2","0.157","-0.601","0.680"
"832432","2","0.154","-0.562","0.656"
"832432","1","0.430","0.404","0.249"
"832437","2","0.143","-0.529","0.627"
"832438","1","0.421","0.314","0.178"
"832445","1","0.389","0.252","0.080"
"832448","1","0.381","0.185","0.004"
"832449","2","0.117","-0.462","0.569"
"832452","2","0.104","-0.426","0.533"
"832453","1","0.405","0.100","-0.032"
"832457","2","0.097","-0.392","0.492"
"832458","1","0.420","0.039","-0.046"
"832462","2","0.093","-0.356","0.451"
"832463","1","0.444","0.014","-0.076"
"832467","1","0.471","0.002","-0.106"
"832473","2","0.085","-0.291","0.361"
"832473","1","0.468","-0.017","-0.117"
"832478","2","0.092","-0.255","0.311"
"832478","1","0.484","0.006","-0.119"
"832484","1","0.531","0.051","-0.122"
"832484","2","0.107","-0.222","0.270"
"832488","2","0.124","-0.192","0.235"
"832488","1","0.589","0.102","-0.124"
"832493","1","0.632","0.117","-0.080"
"832493","2","0.139","-0.153","0.209"
"832498","1","0.622","0.139","-0.028"
"832503","1","0.580","0.158","-0.011"
"832505","2","0.154","-0.084","0.166"
"832508","2","0.156","-0.056","0.142"
"832509","1","0.541","0.161","-0.014"
"832513","2","0.158","-0.033","0.118"
"832514","1","0.544","0.216","-0.013"
"832518","2","0.153","-0.004","0.098"
"832519","1","0.548","0.244","-0.007"
"832523","1","0.510","0.242","-0.041"
"832528","2","0.118","0.058","0.051"
"832529","1","0.492","0.251","-0.076"
"832534","1","0.520","0.278","-0.225"
"832534","2","0.095","0.078","0.039"
"832538","1","0.526","0.244","-0.470"
"832539","2","0.078","0.090","0.048"
"832543","2","0.058","0.113","0.061"
"832544","1","0.491","0.073","-0.492"
"832548","2","0.027","0.133","0.048"
"832549","1","0.425","-0.136","-0.400"
"832554","1","0.295","-0.206","-0.442"
"832559","1","0.201","-0.176","-0.530"
"832559","2","-0.040","0.139","-0.038"
"832564","2","-0.069","0.127","-0.051"
"832564","1","0.252","-0.121","-0.598"
"832568","2","-0.082","0.116","-0.039"
"832569","1","0.303","-0.147","-0.637"
"832573","2","-0.096","0.120","-0.023"
"832574","1","0.312","-0.275","-0.666"
"832578","2","-0.107","0.126","-0.007"
"832583","1","0.234","-0.552","-0.738"
"832586","2","-0.096","0.116","-0.005"
"832589","2","-0.070","0.105","-0.008"
"832589","1","0.169","-0.629","-0.756"
"832594","2","-0.035","0.089","-0.008"
"832595","1","0.123","-0.687","-0.718"
"832600","1","0.030","-0.740","-0.686"
"832600","2","0.006","0.071","-0.008"
"832605","2","0.051","0.044","-0.009"
"832605","1","-0.091","-0.752","-0.674"
"832610","2","0.099","0.008","0.003"
"832615","2","0.135","-0.030","0.024"
"832616","1","-0.167","-0.604","-0.535"
"832619","1","-0.163","-0.509","-0.452"
"832620","2","0.158","-0.054","0.043"
"832624","2","0.168","-0.071","0.061"
"832625","1","-0.177","-0.420","-0.351"
"832629","2","0.164","-0.086","0.068"
"832630","1","-0.152","-0.278","-0.278"
"832634","2","0.148","-0.094","0.066"
"832640","2","0.119","-0.093","0.062"
"832641","1","-0.043","0.009","-0.188"
"832650","1","-0.050","0.568","-0.897"
"832655","2","-0.020","-0.148","0.058"
"832656","1","-0.028","0.568","-0.897"
"832659","2","-0.155","-0.144","-0.067"
"832660","1","0.832","1.906","-2.435"
"832665","2","-0.352","0.181","-0.225"
"832671","1","0.947","-0.853","1.396"
"832673","2","-0.532","0.032","-0.136"
"832682","1","-0.924","-0.712","-0.364"
"832683","2","-0.382","-0.115","0.311"
"832687","1","-0.973","-1.102","0.433"
"832688","2","-0.253","-0.151","0.311"
"832690","1","-0.778","-1.443","0.314"
"832690","2","-0.138","-0.166","0.312"
"832695","2","-0.022","-0.162","0.276"
"832696","1","-0.415","-1.509","0.557"
"832700","1","-0.035","-1.307","0.859"
"832700","2","0.084","-0.158","0.234"
"832709","1","0.264","-1.055","0.829"
"832711","1","0.593","-0.894","0.829"
"832712","2","0.247","-0.153","0.104"
"832718","2","0.353","-0.151","0.068"
"832721","1","0.947","-0.905","0.630"
"832722","2","0.468","-0.138","0.081"
"832723","1","1.026","-0.869","0.536"
"832725","2","0.525","-0.128","0.102"
"832726","1","0.936","-0.471","0.596"
"832730","2","0.514","-0.094","0.112"
