"718334","2","-0.148","0.048","-0.169"
"718337","1","-0.408","-0.289","0.064"
"718338","2","-0.136","0.039","-0.148"
"718339","1","-0.329","-0.431","0.013"
"718345","2","-0.129","0.032","-0.128"
"718347","1","-0.294","-0.538","-0.022"
"718348","2","-0.123","0.032","-0.110"
"718353","1","-0.200","-0.545","-0.044"
"718354","2","-0.115","0.026","-0.095"
"718359","2","-0.105","0.020","-0.080"
"718362","2","-0.099","0.012","-0.063"
"718363","1","-0.192","-0.468","-0.114"
"718367","2","-0.099","0.003","-0.046"
"718367","1","-0.212","-0.417","-0.156"
"718372","2","-0.094","-0.009","-0.033"
"718372","1","-0.244","-0.348","-0.226"
"718379","1","-0.246","-0.269","-0.289"
"718380","2","-0.089","-0.020","-0.027"
"718381","2","-0.092","-0.034","-0.018"
"718382","1","-0.282","-0.201","-0.280"
"718389","2","-0.093","-0.050","-0.005"
"718393","2","-0.095","-0.066","0.002"
"718394","1","-0.334","-0.151","-0.352"
"718396","2","-0.093","-0.083","0.008"
"718397","1","-0.350","-0.101","-0.379"
"718401","2","-0.086","-0.104","0.016"
"718402","1","-0.363","-0.051","-0.344"
"718406","2","-0.081","-0.120","0.019"
"718406","1","-0.395","0.012","-0.316"
"718411","1","-0.365","0.043","-0.296"
"718416","2","-0.078","-0.151","0.028"
"718418","1","-0.354","0.089","-0.319"
"718421","2","-0.078","-0.162","0.028"
"718422","1","-0.353","0.156","-0.291"
"718426","1","-0.336","0.150","-0.214"
"718427","2","-0.074","-0.175","0.030"
"718431","1","-0.320","0.211","-0.226"
"718433","2","-0.074","-0.186","0.035"
"718436","2","-0.075","-0.194","0.035"
"718437","1","-0.301","0.235","-0.238"
"718446","2","-0.083","-0.207","0.030"
"718446","1","-0.333","0.274","-0.151"
"718451","1","-0.297","0.304","-0.105"
"718451","2","-0.081","-0.212","0.029"
"718456","1","-0.311","0.325","-0.087"
"718456","2","-0.074","-0.210","0.027"
"718460","2","-0.070","-0.209","0.020"
"718461","1","-0.363","0.342","-0.094"
"718466","1","-0.333","0.341","-0.087"
"718467","2","-0.068","-0.210","0.017"
"718473","2","-0.068","-0.210","0.014"
"718476","2","-0.069","-0.204","0.011"
"718476","1","-0.368","0.335","-0.056"
"718481","1","-0.351","0.298","-0.056"
"718481","2","-0.063","-0.197","0.009"
"718485","2","-0.049","-0.190","0.008"
"718486","1","-0.348","0.247","-0.034"
"718490","1","-0.346","0.197","0.014"
"718491","2","-0.042","-0.191","0.004"
"718495","2","-0.044","-0.192","0.002"
"718500","2","-0.043","-0.186","-0.004"
"718501","1","-0.299","0.129","0.156"
"718505","2","-0.049","-0.185","-0.017"
"718506","1","-0.262","0.172","0.220"
"718510","2","-0.053","-0.178","-0.030"
"718511","1","-0.181","0.217","0.264"
"718515","2","-0.056","-0.169","-0.044"
"718515","1","-0.112","0.246","0.320"
"718520","2","-0.066","-0.162","-0.060"
"718521","1","-0.062","0.265","0.325"
"718530","2","-0.079","-0.151","-0.087"
"718531","1","0.061","0.236","0.418"
"718535","2","-0.081","-0.145","-0.094"
"718535","1","0.126","0.180","0.479"
"718540","2","-0.068","-0.141","-0.099"
"718541","1","0.177","0.157","0.500"
"718544","2","-0.051","-0.135","-0.104"
"718545","1","0.244","0.155","0.488"
"718550","2","-0.031","-0.129","-0.106"
"718551","1","0.316","0.166","0.491"
"718555","2","-0.004","-0.122","-0.111"
"718560","2","0.019","-0.112","-0.117"
"718561","1","0.457","0.128","0.672"
"718564","2","0.038","-0.100","-0.117"
"718565","1","0.541","0.115","0.730"
"718569","2","0.061","-0.081","-0.126"
"718570","1","0.612","0.199","0.625"
"718575","2","0.101","-0.057","-0.145"
"718575","1","0.706","0.375","0.652"
"718579","2","0.142","-0.032","-0.155"
"718584","2","0.156","0.006","-0.137"
"718584","1","1.098","-0.135","1.709"
"718589","1","1.347","-0.831","2.180"
"718589","2","0.139","0.057","-0.097"
"718594","2","0.136","0.124","-0.068"
"718594","1","1.512","-1.299","2.199"
"718599","1","1.542","-1.271","1.885"
"718599","2","0.191","0.184","-0.077"
"718604","2","0.289","0.226","-0.107"
"718604","1","1.479","-0.908","1.523"
"718611","2","0.375","0.250","-0.128"
"718614","2","0.403","0.267","-0.145"
"718615","1","1.169","-0.290","0.890"
"718619","2","0.361","0.285","-0.161"
"718619","1","1.052","-0.150","0.855"
"718623","2","0.273","0.315","-0.171"
"718624","1","0.965","0.037","1.058"
"718628","2","0.182","0.356","-0.180"
"718629","1","0.908","0.264","1.330"
"718633","2","0.097","0.393","-0.192"
"718638","2","0.009","0.424","-0.211"
"718639","1","0.875","0.814","1.576"
"718643","2","-0.081","0.463","-0.243"
"718644","1","0.872","0.969","1.482"
"718648","1","0.897","0.962","1.415"
"718648","2","-0.159","0.512","-0.285"
"718653","2","-0.224","0.559","-0.333"
"718654","1","0.900","0.843","1.446"
"718658","2","-0.271","0.610","-0.374"
"718658","1","0.869","0.694","1.352"
"718668","1","0.745","0.504","0.920"
"718669","2","-0.239","0.692","-0.423"
"718673","2","-0.168","0.716","-0.436"
"718674","1","0.614","0.444","0.761"
"718678","2","-0.087","0.731","-0.437"
"718679","1","0.475","0.373","0.541"
"718682","2","-0.014","0.737","-0.428"
"718687","2","0.044","0.736","-0.421"
"718688","1","0.310","0.292","0.305"
"718692","2","0.098","0.731","-0.418"
"718697","2","0.146","0.723","-0.412"
"718698","1","0.059","0.242","-0.229"
"718702","1","-0.096","0.107","-0.395"
"718703","2","0.173","0.708","-0.410"
"718707","2","0.179","0.687","-0.406"
"718708","1","-0.234","0.056","-0.595"
"718712","2","0.168","0.666","-0.404"
"718713","1","-0.369","-0.025","-0.875"
"718717","2","0.136","0.646","-0.398"
"718717","1","-0.518","-0.107","-1.043"
"718724","1","-0.686","-0.139","-1.180"
"718727","2","0.020","0.600","-0.360"
"718728","1","-0.893","-0.161","-1.383"
"718732","2","-0.046","0.567","-0.353"
"718732","1","-1.100","-0.276","-1.575"
"718736","2","-0.110","0.529","-0.349"
"718737","1","-1.287","-0.415","-1.761"
"718742","1","-1.365","-0.549","-1.883"
"718742","2","-0.160","0.483","-0.341"
"718747","1","-1.389","-0.748","-2.090"
"718751","2","-0.198","0.384","-0.293"
"718752","1","-1.336","-0.930","-2.235"
"718757","2","-0.185","0.330","-0.238"
"718757","1","-1.269","-1.086","-2.315"
"718761","1","-1.189","-1.279","-2.448"
"718762","2","-0.155","0.273","-0.183"
"718766","2","-0.118","0.210","-0.133"
"718767","1","-1.097","-1.501","-2.620"
"718771","1","-1.051","-1.710","-2.821"
"718772","2","-0.082","0.149","-0.084"
"718779","1","-1.046","-1.826","-2.999"
"718781","2","-0.053","0.015","0.021"
"718782","1","-1.116","-1.840","-3.131"
"718786","2","-0.056","-0.057","0.076"
"718787","1","-1.279","-1.777","-3.249"
"718791","1","-1.450","-1.685","-3.272"
"718792","2","-0.069","-0.136","0.123"
"718796","2","-0.092","-0.222","0.167"
"718796","1","-1.539","-1.590","-3.061"
"718801","1","-1.513","-1.501","-2.664"
"718806","2","-0.195","-0.387","0.265"
"718807","1","-1.334","-1.428","-2.176"
"718811","2","-0.265","-0.457","0.312"
"718811","1","-1.051","-1.348","-1.695"
"718816","1","-0.760","-1.201","-1.663"
"718817","2","-0.317","-0.507","0.345"
"718821","2","-0.335","-0.541","0.355"
"718821","1","-0.589","-1.071","-2.100"
"718826","1","-0.576","-0.954","-2.407"
"718826","2","-0.319","-0.569","0.357"
"718831","1","-0.684","-0.849","-2.374"
"718836","2","-0.264","-0.678","0.441"
"718836","1","-0.831","-0.899","-2.236"
"718840","2","-0.225","-0.752","0.494"
"718841","1","-0.905","-0.977","-2.048"
"718845","2","-0.172","-0.820","0.544"
"718846","1","-0.870","-0.899","-1.792"
"718850","2","-0.110","-0.879","0.585"
"718851","1","-0.761","-0.690","-1.559"
"718855","2","-0.058","-0.928","0.611"
"718860","2","-0.025","-0.974","0.603"
"718861","1","-0.467","-0.170","-0.990"
"718865","2","-0.021","-1.001","0.586"
"718866","1","-0.249","0.118","-0.636"
"718870","2","-0.039","-1.010","0.575"
"718870","1","-0.063","0.386","-0.251"
"718875","1","0.072","0.517","0.111"
"718876","2","-0.054","-1.000","0.561"
"718880","2","-0.051","-0.980","0.541"
"718880","1","0.225","0.588","0.488"
"718887","1","0.345","0.632","0.771"
"718890","2","0.005","-0.918","0.469"
"718890","1","0.468","0.713","1.142"
"718894","2","0.065","-0.880","0.442"
"718895","1","0.635","0.817","1.570"
"718900","1","0.845","0.838","1.899"
"718901","2","0.128","-0.829","0.426"
"718905","2","0.184","-0.766","0.395"
"718905","1","1.033","0.823","2.120"
"718909","2","0.230","-0.689","0.345"
"718914","2","0.254","-0.606","0.285"
"718915","1","1.417","1.039","2.550"
"718919","2","0.256","-0.517","0.235"
"718920","1","1.641","1.303","2.833"
"718924","2","0.224","-0.423","0.212"
"718930","1","1.727","1.437","3.060"
"718930","2","0.168","-0.332","0.181"
"718934","1","1.824","1.396","3.334"
"718936","2","0.097","-0.234","0.123"
"718939","1","2.003","1.403","3.657"
"718944","2","-0.058","-0.021","-0.012"
"718945","1","2.144","1.367","3.856"
"718949","1","2.243","1.354","3.898"
"718950","2","-0.118","0.092","-0.084"
"718954","1","2.316","1.375","3.905"
"718954","2","-0.156","0.202","-0.141"
"718959","1","2.289","1.286","3.922"
"718959","2","-0.183","0.301","-0.184"
"718964","1","2.159","1.176","3.696"
"718964","2","-0.192","0.389","-0.227"
"718969","2","-0.174","0.458","-0.267"
"718973","2","-0.120","0.512","-0.308"
"718974","1","1.760","1.236","2.299"
"718979","1","1.595","1.279","2.093"
"718979","2","-0.062","0.550","-0.336"
"718983","2","-0.023","0.574","-0.339"
"718984","1","1.480","1.229","2.298"
"718988","1","1.498","1.096","2.463"
"718989","2","-0.017","0.607","-0.332"
"718993","2","-0.027","0.649","-0.341"
"718999","2","-0.032","0.696","-0.379"
"718999","1","1.549","1.136","2.440"
"719003","1","1.513","1.319","2.232"
"719004","2","-0.030","0.740","-0.433"
"719008","1","1.384","1.417","1.938"
"719010","2","-0.036","0.779","-0.496"
"719013","1","1.174","1.386","1.575"
"719014","2","-0.045","0.809","-0.547"
"719018","1","0.938","1.272","1.165"
"719019","2","-0.049","0.842","-0.580"
"719025","1","0.677","1.067","0.765"
"719028","2","-0.003","0.887","-0.607"
"719029","1","0.371","0.776","0.406"
"719033","2","0.040","0.892","-0.609"
"719033","1","0.080","0.501","0.098"
"719038","1","-0.173","0.264","-0.184"
"719038","2","0.093","0.879","-0.609"
"719042","2","0.143","0.852","-0.611"
"719043","1","-0.350","0.031","-0.490"
"719047","2","0.176","0.821","-0.607"
"719052","2","0.181","0.793","-0.591"
"719053","1","-0.570","-0.362","-1.148"
"719057","2","0.166","0.770","-0.568"
"719058","1","-0.704","-0.536","-1.479"
"719062","2","0.140","0.746","-0.553"
"719063","1","-0.890","-0.749","-1.795"
"719067","2","0.108","0.718","-0.551"
"719068","1","-1.125","-0.971","-2.129"
"719072","2","0.061","0.680","-0.544"
"719073","1","-1.390","-1.170","-2.471"
"719079","1","-1.671","-1.392","-2.767"
"719082","1","-1.930","-1.602","-3.006"
"719083","2","-0.037","0.560","-0.476"
"719087","2","-0.070","0.475","-0.416"
"719087","1","-2.131","-1.782","-3.180"
"719092","1","-2.221","-1.959","-3.357"
"719092","2","-0.096","0.376","-0.343"
"719097","2","-0.110","0.266","-0.268"
"719097","1","-2.219","-2.156","-3.562"
"719102","1","-2.108","-2.365","-3.756"
"719106","2","-0.091","0.038","-0.119"
"719107","1","-1.927","-2.553","-3.918"
"719111","1","-1.796","-2.740","-4.091"
"719112","2","-0.068","-0.071","-0.030"
"719117","1","-1.673","-2.807","-4.288"
"719117","2","-0.038","-0.176","0.053"
"719122","2","-0.006","-0.270","0.142"
"719122","1","-1.504","-2.739","-4.227"
"719126","1","-1.344","-2.589","-3.631"
"719127","2","0.010","-0.356","0.245"
"719132","2","-0.008","-0.446","0.345"
"719136","2","-0.048","-0.531","0.414"
"719137","1","-0.987","-2.196","-2.646"
"719141","1","-0.833","-1.854","-2.939"
"719142","2","-0.089","-0.603","0.439"
"719146","1","-0.748","-1.457","-3.119"
"719147","2","-0.120","-0.663","0.442"
"719151","1","-0.811","-1.160","-3.003"
"719151","2","-0.138","-0.721","0.454"
"719156","1","-0.930","-1.011","-2.688"
"719161","1","-0.947","-1.011","-2.256"
"719162","2","-0.147","-0.862","0.536"
"719166","2","-0.119","-0.936","0.583"
"719171","1","-0.839","-0.955","-1.731"
"719171","2","-0.050","-1.001","0.618"
"719176","1","-0.601","-0.719","-1.165"
"719176","2","0.046","-1.044","0.650"
"719180","1","-0.303","-0.469","-0.510"
"719181","2","0.146","-1.057","0.670"
"719185","1","0.016","-0.115","0.108"
"719191","2","0.293","-0.999","0.640"
"719191","1","0.345","0.257","0.632"
"719196","2","0.348","-0.932","0.588"
"719196","1","0.635","0.647","1.074"
"719200","1","0.866","1.056","1.473"
"719201","2","0.376","-0.841","0.529"
"719205","1","1.035","1.497","1.795"
"719206","2","0.376","-0.745","0.490"
"719210","2","0.355","-0.640","0.443"
"719211","1","1.166","1.771","2.154"
"719217","2","0.307","-0.535","0.360"
"719220","2","0.240","-0.426","0.259"
"719221","1","1.391","1.966","2.866"
"719226","1","1.607","2.160","3.229"
"719226","2","0.137","-0.308","0.192"
"719230","1","1.770","2.310","3.569"
"719231","2","0.003","-0.198","0.154"
"719235","2","-0.144","-0.087","0.117"
"719236","1","1.880","2.332","3.704"
"719240","2","-0.268","0.020","0.035"
"719245","2","-0.360","0.133","-0.075"
"719246","1","2.045","2.123","3.705"
"719250","2","-0.434","0.228","-0.162"
"719250","1","2.127","2.011","3.735"
"719255","2","-0.495","0.320","-0.213"
"719255","1","2.156","1.841","3.680"
"719259","2","-0.528","0.406","-0.244"
"719260","1","2.134","1.634","3.350"
"719264","2","-0.514","0.480","-0.275"
"719265","1","1.954","1.418","2.615"
"719270","1","1.693","1.252","1.779"
"719274","2","-0.325","0.560","-0.353"
"719275","1","1.493","1.135","1.416"
"719279","2","-0.206","0.562","-0.359"
"719280","1","1.355","1.002","1.672"
"719284","2","-0.109","0.566","-0.337"
"719285","1","1.336","0.865","2.059"
"719289","2","-0.044","0.581","-0.309"
"719290","1","1.435","0.787","2.183"
"719294","2","0.000","0.616","-0.311"
"719299","2","0.039","0.658","-0.354"
"719300","1","1.467","1.030","1.919"
"719304","2","0.058","0.697","-0.415"
"719305","1","1.284","1.179","1.550"
"719309","2","0.051","0.736","-0.475"
"719309","1","1.001","1.179","1.124"
"719313","2","0.033","0.764","-0.528"
"719314","1","0.643","1.048","0.689"
"719319","2","0.020","0.783","-0.567"
"719319","1","0.250","0.857","0.256"
"719324","1","-0.141","0.662","-0.180"
"719329","2","0.008","0.764","-0.571"
"719329","1","-0.480","0.349","-0.539"
"719334","1","-0.779","-0.006","-0.847"
"719335","2","-0.003","0.720","-0.551"
"719339","2","-0.009","0.668","-0.544"
"719339","1","-0.982","-0.368","-1.112"
"719343","2","-0.016","0.609","-0.539"
"719344","1","-1.062","-0.644","-1.371"
"719348","1","-1.094","-0.850","-1.662"
"719353","2","-0.012","0.509","-0.521"
"719354","1","-1.137","-1.042","-1.938"
"719358","2","-0.000","0.463","-0.500"
"719359","1","-1.200","-1.208","-2.250"
"719363","2","0.013","0.415","-0.465"
"719364","1","-1.304","-1.425","-2.556"
"719368","2","0.022","0.357","-0.420"
"719369","1","-1.498","-1.675","-2.876"
"719373","2","0.028","0.284","-0.365"
"719374","1","-1.726","-1.972","-3.132"
"719381","1","-1.948","-2.224","-3.314"
"719383","2","0.033","0.103","-0.239"
"719383","1","-2.107","-2.356","-3.469"
"719388","1","-2.151","-2.486","-3.608"
"719388","2","0.039","-0.007","-0.162"
"719392","2","0.039","-0.124","-0.078"
"719393","1","-2.155","-2.560","-3.680"
"719398","1","-2.051","-2.564","-3.771"
"719398","2","0.036","-0.237","0.003"
"719402","2","0.020","-0.337","0.083"
"719408","2","-0.017","-0.423","0.167"
"719413","2","-0.076","-0.501","0.254"
"719413","1","-1.579","-2.371","-3.040"
"719418","1","-1.187","-2.277","-2.293"
"719418","2","-0.135","-0.564","0.324"
"719422","2","-0.176","-0.614","0.363"
"719423","1","-0.834","-2.128","-2.051"
"719428","1","-0.590","-1.655","-2.796"
"719434","2","-0.184","-0.672","0.388"
"719434","1","-0.486","-1.655","-2.796"
"719446","2","-0.155","-0.781","0.478"
"719448","1","-0.838","-1.211","-2.139"
"719448","2","-0.127","-0.853","0.537"
"719453","2","-0.070","-0.920","0.585"
"719454","1","-0.779","-1.113","-1.666"
"719460","1","-0.626","-0.907","-1.226"
"719460","2","0.009","-0.976","0.604"
"719462","2","0.086","-1.005","0.615"
"719462","1","-0.327","-0.531","-0.804"
"719466","2","0.146","-1.015","0.617"
"719474","1","0.287","0.196","0.267"
"719475","2","0.189","-0.997","0.576"
"719477","2","0.229","-0.955","0.576"
"719478","1","0.572","0.554","0.708"
"719481","2","0.272","-0.896","0.520"
"719482","1","0.791","0.849","1.175"
"719487","2","0.317","-0.821","0.467"
"719487","1","0.975","1.126","1.550"
"719491","2","0.356","-0.738","0.434"
"719492","1","1.137","1.422","1.812"
"719497","1","1.258","1.580","2.095"
"719502","1","1.361","1.612","2.460"
"719502","2","0.402","-0.561","0.333"
"719506","2","0.403","-0.467","0.249"
"719507","1","1.491","1.668","2.847"
"719511","2","0.360","-0.361","0.193"
"719512","1","1.676","1.908","3.257"
"719516","2","0.273","-0.258","0.173"
"719517","1","1.859","2.183","3.619"
"719521","2","0.163","-0.144","0.146"
"719527","2","0.032","-0.023","0.087"
"719527","1","2.134","2.397","4.026"
"719531","1","2.189","2.400","4.071"
"719531","2","-0.109","0.101","-0.006"
"719536","2","-0.235","0.227","-0.123"
"719537","1","2.221","2.316","4.050"
"719541","1","2.218","2.164","3.852"
"719541","2","-0.342","0.350","-0.232"
"719546","1","2.100","2.028","3.261"
"719546","2","-0.418","0.460","-0.316"
"719553","2","-0.459","0.553","-0.373"
"719556","2","-0.446","0.625","-0.410"
"719556","1","1.542","1.786","1.744"
"719561","2","-0.395","0.669","-0.425"
"719561","1","1.296","1.531","1.965"
"719566","1","1.145","1.270","2.464"
"719566","2","-0.339","0.695","-0.415"
"719570","2","-0.288","0.720","-0.389"
"719571","1","1.121","1.095","2.636"
"719575","2","-0.228","0.763","-0.382"
"719580","2","-0.155","0.820","-0.420"
"719581","1","1.190","1.039","2.397"
"719586","2","-0.090","0.881","-0.491"
"719587","1","1.135","1.058","2.050"
"719590","2","-0.045","0.939","-0.560"
"719591","1","0.942","1.060","1.538"
"719595","2","-0.012","0.989","-0.603"
"719596","1","0.659","0.989","0.998"
"719600","1","0.331","0.763","0.423"
"719601","2","0.018","1.019","-0.619"
"719608","1","-0.064","0.390","-0.125"
"719609","1","-0.493","-0.031","-0.556"
"719610","2","0.053","1.022","-0.593"
"719615","2","0.056","0.989","-0.586"
"719616","1","-0.938","-0.423","-0.891"
"719620","2","0.057","0.940","-0.588"
"719620","1","-1.253","-0.724","-1.222"
"719625","1","-1.501","-0.942","-1.498"
"719625","2","0.050","0.876","-0.581"
"719630","1","-1.699","-1.172","-1.852"
"719635","1","-1.777","-1.339","-2.233"
"719635","2","0.010","0.732","-0.523"
"719639","1","-1.835","-1.517","-2.513"
"719640","2","-0.009","0.657","-0.486"
"719644","2","-0.025","0.575","-0.443"
"719649","1","-1.860","-1.760","-2.784"
"719650","2","-0.031","0.484","-0.398"
"719654","1","-1.788","-2.028","-3.056"
"719655","2","-0.027","0.382","-0.338"
"719660","2","-0.004","0.276","-0.265"
"719664","2","0.034","0.168","-0.186"
"719665","1","-1.674","-2.503","-3.424"
"719669","2","0.070","0.055","-0.106"
"719670","1","-1.606","-2.700","-3.639"
"719674","2","0.098","-0.059","-0.020"
"719674","1","-1.561","-2.809","-3.868"
"719679","1","-1.552","-2.767","-4.066"
"719679","2","0.114","-0.164","0.071"
"719684","1","-1.525","-2.589","-4.189"
"719684","2","0.123","-0.265","0.164"
"719689","2","0.115","-0.362","0.261"
"719694","2","0.077","-0.459","0.350"
"719694","1","-1.279","-2.309","-3.229"
"719699","1","-1.076","-2.179","-2.658"
"719699","2","0.020","-0.544","0.404"
"719704","1","-0.874","-1.952","-2.611"
"719704","2","-0.024","-0.608","0.418"
"719708","1","-0.709","-1.628","-2.887"
"719709","2","-0.044","-0.656","0.416"
"719714","1","-0.689","-1.274","-3.013"
"719718","1","-0.761","-0.975","-2.890"
"719719","2","-0.061","-0.746","0.460"
"719723","2","-0.067","-0.807","0.509"
"719724","1","-0.800","-0.879","-2.617"
"719728","2","-0.052","-0.875","0.547"
"719729","1","-0.806","-0.845","-2.302"
"719733","2","-0.016","-0.935","0.572"
"719734","1","-0.728","-0.730","-1.901"
"719738","2","0.036","-0.980","0.590"
"719739","1","-0.513","-0.542","-1.448"
"719743","1","-0.269","-0.286","-1.001"
"719748","1","-0.015","0.046","-0.550"
"719749","2","0.137","-1.020","0.595"
"719753","2","0.177","-1.006","0.583"
"719753","1","0.263","0.425","-0.013"
"719759","2","0.216","-0.970","0.560"
"719760","1","0.495","0.774","0.481"
"719763","1","0.677","1.059","0.835"
"719764","2","0.253","-0.910","0.517"
"719768","2","0.281","-0.836","0.467"
"719773","2","0.297","-0.756","0.437"
"719774","1","0.991","1.625","1.630"
"719778","2","0.305","-0.672","0.403"
"719778","1","1.068","1.734","2.088"
"719782","2","0.296","-0.586","0.344"
"719783","1","1.169","1.711","2.462"
"719787","2","0.282","-0.496","0.252"
"719788","1","1.343","1.722","2.786"
"719792","2","0.249","-0.397","0.186"
"719793","1","1.541","1.858","3.098"
"719797","1","1.722","1.995","3.270"
"719802","2","0.122","-0.189","0.122"
"719803","1","1.861","2.005","3.394"
"719807","2","0.036","-0.083","0.070"
"719808","1","1.964","1.938","3.541"
"719812","2","-0.062","0.026","0.005"
"719813","1","2.054","1.861","3.625"
"719817","2","-0.146","0.130","-0.066"
"719818","1","2.110","1.765","3.620"
"719822","2","-0.215","0.231","-0.141"
"719827","2","-0.260","0.317","-0.203"
"719827","1","2.117","1.401","3.534"
"719832","2","-0.283","0.395","-0.256"
"719832","1","1.964","1.278","2.914"
"719836","2","-0.277","0.457","-0.303"
"719837","1","1.739","1.317","1.994"
"719841","2","-0.238","0.505","-0.340"
"719842","1","1.517","1.337","1.562"
"719846","1","1.345","1.331","1.861"
"719847","2","-0.186","0.529","-0.364"
"719856","2","-0.129","0.554","-0.375"
"719857","1","1.338","1.211","2.188"
"719861","1","1.395","1.131","2.215"
"719862","2","-0.125","0.587","-0.386"
"719866","1","1.399","1.084","2.106"
"719867","2","-0.129","0.636","-0.415"
"719871","1","1.276","1.032","1.790"
"719872","2","-0.132","0.685","-0.462"
"719877","2","-0.139","0.728","-0.515"
"719877","1","1.017","0.946","1.323"
"719884","2","-0.142","0.767","-0.558"
"719885","2","-0.125","0.794","-0.583"
"719891","1","0.316","0.616","0.450"
"719891","2","-0.099","0.805","-0.589"
"719896","2","-0.063","0.799","-0.587"
"719897","1","-0.066","0.287","0.094"
"719901","2","-0.020","0.776","-0.586"
"719901","1","-0.426","-0.066","-0.342"
"719906","1","-0.705","-0.382","-0.742"
"719906","2","0.025","0.736","-0.581"
"719913","2","0.055","0.686","-0.561"
"719915","2","0.073","0.628","-0.535"
"719916","1","-1.080","-0.803","-1.388"
"719920","1","-1.166","-0.923","-1.694"
"719921","2","0.081","0.571","-0.507"
"719925","2","0.074","0.517","-0.479"
"719926","1","-1.248","-1.014","-2.035"
"719931","1","-1.325","-1.129","-2.367"
"719931","2","0.057","0.462","-0.451"
"719935","1","-1.364","-1.218","-2.684"
"719940","2","0.016","0.339","-0.381"
"719941","1","-1.506","-1.378","-3.010"
"719945","2","-0.005","0.265","-0.337"
"719946","1","-1.700","-1.560","-3.299"
"719950","1","-1.847","-1.771","-3.560"
"719951","2","-0.022","0.178","-0.276"
"719955","1","-1.977","-1.976","-3.738"
"719956","2","-0.032","0.081","-0.209"
"719960","2","-0.030","-0.032","-0.141"
"719960","1","-2.074","-2.120","-3.862"
"719965","2","-0.017","-0.152","-0.070"
"719970","1","-2.096","-2.249","-3.921"
"719970","2","0.003","-0.272","0.000"
"719975","1","-1.949","-2.253","-3.836"
"719975","2","0.020","-0.385","0.081"
"719980","1","-1.745","-2.293","-3.409"
"719980","2","0.009","-0.485","0.173"
"719986","2","-0.022","-0.573","0.255"
"719987","1","-1.515","-2.268","-2.810"
"719992","1","-1.265","-2.110","-2.810"
"719996","2","-0.047","-0.699","0.325"
"719996","1","-1.066","-1.892","-2.947"
"719999","2","-0.048","-0.744","0.345"
"720000","1","-0.984","-1.661","-3.018"
"720004","2","-0.054","-0.789","0.389"
"720005","1","-0.998","-1.502","-2.934"
"720009","2","-0.059","-0.845","0.450"
"720010","1","-1.071","-1.512","-2.698"
"720014","2","-0.053","-0.914","0.501"
"720015","1","-1.077","-1.557","-2.357"
"720021","1","-0.972","-1.456","-1.970"
"720024","2","0.044","-1.038","0.570"
"720025","1","-0.754","-1.236","-1.598"
"720029","2","0.124","-1.072","0.589"
"720029","1","-0.483","-0.941","-1.224"
"720034","2","0.197","-1.087","0.602"
"720035","1","-0.234","-0.611","-0.825"
"720039","2","0.260","-1.080","0.605"
"720039","1","-0.005","-0.259","-0.388"
"720044","2","0.313","-1.054","0.593"
"720049","2","0.358","-1.017","0.568"
"720049","1","0.370","0.480","0.560"
"720054","2","0.402","-0.964","0.529"
"720055","1","0.529","0.833","0.956"
"720059","2","0.430","-0.896","0.479"
"720059","1","0.662","1.156","1.362"
"720063","2","0.451","-0.826","0.426"
"720064","1","0.826","1.496","1.748"
"720068","2","0.454","-0.747","0.387"
"720070","1","1.015","1.794","2.201"
"720074","1","1.223","1.947","2.578"
"720078","2","0.354","-0.564","0.325"
"720079","1","1.436","2.018","2.948"
"720083","2","0.267","-0.457","0.273"
"720084","1","1.675","2.057","3.318"
"720088","2","0.166","-0.335","0.201"
"720089","1","1.937","2.098","3.582"
"720094","1","2.171","2.151","3.815"
"720095","2","0.058","-0.214","0.125"
"720098","2","-0.061","-0.087","0.056"
"720103","2","-0.184","0.043","-0.010"
"720103","1","2.420","2.137","4.139"
"720108","1","2.423","1.977","4.284"
"720109","2","-0.283","0.168","-0.087"
"720114","1","2.399","1.769","4.337"
"720114","2","-0.361","0.288","-0.168"
"720118","1","2.336","1.731","3.751"
"720118","2","-0.423","0.392","-0.240"
"720123","1","2.185","1.832","2.862"
"720123","2","-0.462","0.487","-0.298"
"720133","2","-0.445","0.637","-0.367"
"720133","1","2.017","1.771","2.597"
"720137","2","-0.427","0.688","-0.374"
"720138","1","1.847","1.516","2.883"
"720142","2","-0.415","0.728","-0.371"
"720143","1","1.752","1.188","3.053"
"720147","2","-0.393","0.767","-0.380"
"720148","1","1.700","0.874","3.072"
"720152","2","-0.345","0.809","-0.411"
"720153","1","1.714","0.696","3.035"
"720158","1","1.692","0.624","2.702"
"720162","2","-0.218","0.872","-0.491"
"720163","1","1.634","0.538","2.155"
"720167","2","-0.166","0.901","-0.521"
"720167","1","1.443","0.408","1.607"
"720172","1","1.167","0.375","1.062"
"720172","2","-0.110","0.922","-0.537"
"720177","2","-0.053","0.933","-0.538"
"720178","1","0.755","0.399","0.555"
"720182","2","-0.001","0.930","-0.535"
"720187","2","0.040","0.912","-0.530"
"720187","1","-0.156","0.189","-0.111"
"720192","1","-0.548","0.044","-0.482"
"720192","2","0.059","0.886","-0.524"
"720197","1","-0.886","-0.129","-0.855"
"720198","2","0.062","0.854","-0.526"
"720202","2","0.051","0.816","-0.528"
"720203","1","-1.134","-0.307","-1.153"
"720207","1","-1.316","-0.462","-1.466"
"720207","2","0.028","0.774","-0.505"
"720213","1","-1.417","-0.651","-1.845"
"720223","2","-0.069","0.631","-0.460"
"720224","1","-1.599","-1.148","-2.667"
"720227","2","-0.099","0.563","-0.424"
"720228","1","-1.712","-1.443","-3.100"
"720232","2","-0.122","0.484","-0.379"
"720233","1","-1.873","-1.724","-3.439"
"720237","2","-0.123","0.388","-0.322"
"720237","1","-2.020","-1.988","-3.671"
"720241","2","-0.109","0.277","-0.251"
"720246","2","-0.080","0.151","-0.169"
"720247","1","-2.183","-2.305","-3.974"
"720250","1","-2.192","-2.426","-4.155"
"720251","2","-0.044","0.019","-0.088"
"720258","1","-2.127","-2.503","-4.359"
"720258","2","-0.004","-0.116","-0.008"
"720260","1","-2.002","-2.518","-4.506"
"720260","2","0.034","-0.240","0.072"
"720265","2","0.067","-0.345","0.160"
"720266","1","-1.825","-2.464","-4.204"
"720272","2","0.068","-0.439","0.265"
"720275","2","0.048","-0.529","0.352"
"720276","1","-1.340","-2.103","-3.176"
"720280","1","-1.121","-1.886","-3.256"
"720281","2","0.030","-0.607","0.402"
"720285","1","-0.989","-1.653","-3.302"
"720285","2","0.019","-0.671","0.422"
"720290","2","0.003","-0.728","0.436"
"720290","1","-0.953","-1.419","-3.171"
"720295","1","-0.923","-1.245","-2.957"
"720300","2","-0.004","-0.849","0.509"
"720300","1","-0.881","-1.203","-2.658"
"720304","1","-0.817","-1.113","-2.290"
"720305","2","0.012","-0.908","0.549"
"720309","1","-0.683","-0.890","-1.951"
"720310","2","0.058","-0.960","0.572"
"720314","2","0.129","-1.000","0.588"
"720315","1","-0.474","-0.566","-1.600"
"720319","2","0.196","-1.028","0.598"
"720320","1","-0.217","-0.180","-1.162"
"720324","1","0.032","0.158","-0.636"
"720329","2","0.277","-1.027","0.598"
"720330","1","0.224","0.477","-0.082"
"720334","2","0.291","-0.997","0.576"
"720335","1","0.438","0.812","0.376"
"720339","2","0.292","-0.945","0.536"
"720339","1","0.633","1.088","0.854"
"720344","2","0.285","-0.886","0.486"
"720344","1","0.799","1.320","1.381"
"720349","2","0.263","-0.821","0.443"
"720354","2","0.230","-0.752","0.405"
"720354","1","1.207","1.490","2.320"
"720359","2","0.198","-0.671","0.359"
"720359","1","1.461","1.526","2.714"
"720363","2","0.169","-0.577","0.303"
"720364","1","1.731","1.502","3.069"
"720368","2","0.132","-0.474","0.240"
"720373","1","1.950","1.503","3.320"
"720374","2","0.097","-0.366","0.171"
"720378","2","0.065","-0.261","0.112"
"720383","2","0.014","-0.158","0.067"
"720384","1","2.313","1.813","3.639"
"720388","1","2.394","1.830","3.872"
"720389","2","-0.063","-0.044","0.018"
"720393","1","2.412","1.768","4.108"
"720394","2","-0.148","0.075","-0.047"
"720398","2","-0.221","0.196","-0.121"
"720399","1","2.448","1.734","4.241"
"720403","1","2.428","1.598","4.424"
"720403","2","-0.274","0.307","-0.186"
"720410","2","-0.302","0.408","-0.252"
"720413","2","-0.295","0.494","-0.313"
"720414","1","2.089","1.549","3.243"
"720418","2","-0.263","0.563","-0.358"
"720419","1","1.842","1.656","2.688"
"720423","2","-0.237","0.615","-0.377"
"720423","1","1.632","1.653","2.797"
"720428","1","1.502","1.460","2.960"
"720429","2","-0.224","0.657","-0.379"
"720433","1","1.435","1.207","2.920"
"720437","2","-0.205","0.736","-0.400"
"720438","1","1.406","1.072","2.824"
"720442","1","1.348","1.088","2.585"
"720443","2","-0.177","0.780","-0.438"
"720447","2","-0.140","0.825","-0.486"
"720448","1","1.214","1.147","2.180"
"720452","2","-0.118","0.870","-0.531"
"720453","1","0.967","1.153","1.766"
"720457","2","-0.104","0.911","-0.564"
"720458","1","0.658","1.116","1.429"
"720462","2","-0.089","0.938","-0.585"
"720467","2","-0.071","0.947","-0.594"
"720468","1","-0.059","0.769","0.787"
"720472","2","-0.047","0.943","-0.602"
"720473","1","-0.394","0.583","0.419"
"720477","1","-0.632","0.390","-0.010"
"720478","2","-0.022","0.935","-0.602"
"720482","2","0.001","0.918","-0.594"
"720482","1","-0.790","0.121","-0.386"
"720486","2","0.016","0.899","-0.584"
"720492","1","-1.036","-0.506","-0.964"
"720493","2","0.029","0.872","-0.574"
"720497","1","-1.118","-0.784","-1.277"
"720497","2","0.046","0.840","-0.555"
"720502","1","-1.200","-1.049","-1.646"
"720502","2","0.058","0.808","-0.530"
"720507","1","-1.322","-1.324","-2.021"
"720507","2","0.054","0.775","-0.495"
"720512","1","-1.489","-1.629","-2.374"
"720512","2","0.040","0.735","-0.459"
"720519","2","0.021","0.681","-0.420"
"720522","2","0.002","0.612","-0.371"
"720522","1","-1.836","-2.077","-3.051"
"720527","1","-1.955","-2.270","-3.290"
"720527","2","-0.016","0.529","-0.317"
"720531","2","-0.028","0.433","-0.251"
"720532","1","-2.049","-2.455","-3.525"
"720536","2","-0.039","0.329","-0.179"
"720537","1","-2.098","-2.622","-3.763"
"720541","1","-2.046","-2.708","-3.945"
"720546","2","-0.047","0.095","-0.009"
"720546","1","-1.923","-2.764","-4.056"
"720551","2","-0.046","-0.027","0.082"
"720552","1","-1.784","-2.800","-4.176"
"720556","2","-0.031","-0.145","0.163"
"720556","1","-1.606","-2.715","-4.301"
"720561","1","-1.336","-2.535","-4.009"
"720562","2","-0.001","-0.249","0.236"
"720566","1","-1.065","-2.323","-3.372"
"720566","2","0.007","-0.338","0.326"
"720573","1","-0.847","-2.111","-3.022"
"720578","2","-0.037","-0.491","0.474"
"720579","1","-0.656","-1.954","-3.077"
"720580","1","-0.520","-1.801","-3.017"
"720581","2","-0.061","-0.544","0.507"
"720585","2","-0.072","-0.594","0.520"
"720586","1","-0.532","-1.536","-2.912"
"720590","1","-0.553","-1.320","-2.825"
"720591","2","-0.070","-0.651","0.535"
"720595","2","-0.063","-0.713","0.559"
"720600","2","-0.046","-0.778","0.584"
"720601","1","-0.493","-0.924","-2.276"
"720605","2","-0.018","-0.836","0.598"
"720606","1","-0.346","-0.647","-1.883"
"720611","2","0.020","-0.880","0.605"
"720615","2","0.056","-0.911","0.610"
"720616","1","-0.151","-0.347","-1.471"
"720620","1","0.044","-0.032","-1.018"
"720621","2","0.081","-0.922","0.610"
"720625","2","0.105","-0.911","0.601"
"720631","2","0.131","-0.887","0.593"
"720631","1","0.313","0.664","-0.210"
"720636","1","0.393","0.958","0.281"
"720636","2","0.158","-0.857","0.573"
"720640","2","0.183","-0.812","0.531"
"720641","1","0.494","1.053","0.760"
"720644","1","0.617","1.250","1.217"
"720645","2","0.202","-0.761","0.481"
"720649","1","0.752","1.435","1.669"
"720650","2","0.226","-0.697","0.440"
"720654","2","0.251","-0.628","0.408"
"720660","2","0.265","-0.555","0.372"
"720661","1","1.135","1.619","2.544"
"720664","2","0.257","-0.466","0.326"
"720665","1","1.382","1.628","2.996"
"720669","2","0.222","-0.366","0.271"
"720670","1","1.618","1.652","3.368"
"720674","2","0.165","-0.257","0.211"
"720675","1","1.848","1.734","3.579"
"720679","2","0.076","-0.138","0.150"
"720685","1","2.057","1.977","3.874"
"720686","2","-0.033","-0.020","0.091"
"720689","2","-0.151","0.099","0.030"
"720690","1","2.060","2.054","4.003"
"720694","2","-0.261","0.206","-0.046"
"720695","1","1.993","2.005","4.074"
"720699","1","1.894","1.864","4.100"
"720699","2","-0.349","0.302","-0.125"
"720704","1","1.773","1.679","3.905"
"720704","2","-0.412","0.384","-0.189"
"720711","1","1.606","1.607","3.296"
"720715","2","-0.441","0.532","-0.269"
"720715","1","1.351","1.578","2.542"
"720719","1","1.076","1.456","2.273"
"720719","2","-0.402","0.581","-0.294"
"720724","1","0.869","1.190","2.506"
"720724","2","-0.363","0.622","-0.290"
"720729","2","-0.333","0.655","-0.275"
"720729","1","0.728","0.855","2.725"
"720733","1","0.668","0.595","2.729"
"720739","2","-0.235","0.729","-0.289"
"720740","1","0.629","0.517","2.523"
"720744","2","-0.154","0.763","-0.337"
"720744","1","0.580","0.552","2.157"
"720749","1","0.505","0.566","1.770"
"720749","2","-0.086","0.797","-0.386"
"720753","2","-0.042","0.834","-0.412"
"720754","1","0.340","0.551","1.410"
"720758","1","0.124","0.481","1.024"
"720758","2","-0.022","0.863","-0.416"
"720763","2","-0.003","0.884","-0.417"
"720768","2","0.019","0.890","-0.421"
"720769","1","-0.462","0.025","0.164"
"720773","2","0.039","0.878","-0.419"
"720774","1","-0.701","-0.272","-0.222"
"720778","1","-0.870","-0.516","-0.571"
"720778","2","0.056","0.840","-0.406"
"720783","1","-0.991","-0.736","-0.963"
"720783","2","0.064","0.789","-0.385"
"720788","2","0.064","0.736","-0.367"
"720793","2","0.052","0.685","-0.337"
"720794","1","-1.039","-1.033","-1.766"
"720798","2","0.028","0.634","-0.305"
"720798","1","-1.117","-1.184","-2.172"
"720803","2","-0.003","0.574","-0.276"
"720803","1","-1.234","-1.352","-2.610"
"720807","1","-1.376","-1.479","-2.876"
"720808","2","-0.035","0.510","-0.243"
"720812","1","-1.528","-1.588","-3.104"
"720813","2","-0.059","0.431","-0.204"
"720819","2","-0.074","0.337","-0.161"
"720822","2","-0.081","0.236","-0.107"
"720823","1","-1.755","-1.752","-3.535"
"720827","1","-1.743","-1.805","-3.694"
"720828","2","-0.077","0.136","-0.043"
"720832","2","-0.062","0.024","0.016"
"720833","1","-1.718","-1.830","-3.901"
"720837","2","-0.049","-0.088","0.075"
"720837","1","-1.627","-1.817","-4.058"
"720842","2","-0.043","-0.194","0.134"
"720847","2","-0.048","-0.293","0.210"
"720848","1","-1.156","-1.586","-3.612"
"720852","2","-0.078","-0.386","0.305"
"720857","1","-0.950","-1.570","-3.147"
"720857","2","-0.113","-0.466","0.395"
"720862","2","-0.135","-0.535","0.462"
"720862","1","-0.759","-1.596","-3.052"
"720866","2","-0.134","-0.599","0.506"
"720867","1","-0.680","-1.625","-3.171"
"720871","1","-0.735","-1.559","-3.217"
"720876","2","-0.070","-0.756","0.577"
"720877","1","-0.874","-1.344","-3.168"
"720882","1","-1.020","-1.143","-2.947"
"720882","2","-0.022","-0.847","0.631"
"720886","2","0.024","-0.937","0.679"
"720887","1","-1.092","-0.954","-2.668"
"720891","2","0.067","-1.020","0.720"
"720892","1","-1.081","-0.740","-2.311"
"720896","2","0.098","-1.093","0.745"
"720897","1","-1.015","-0.533","-1.882"
"720903","1","-0.824","-0.296","-1.449"
"720906","2","0.167","-1.173","0.777"
"720906","1","-0.579","-0.024","-0.920"
"720911","1","-0.338","0.214","-0.398"
"720912","2","0.209","-1.173","0.766"
"720916","2","0.255","-1.150","0.740"
"720916","1","-0.071","0.435","0.095"
"720921","2","0.304","-1.109","0.705"
"720922","1","0.180","0.664","0.552"
"720926","2","0.352","-1.053","0.667"
"720932","2","0.395","-0.983","0.631"
"720933","1","0.589","1.051","1.400"
"720936","2","0.427","-0.898","0.593"
"720936","1","0.785","1.184","1.866"
"720941","1","0.983","1.221","2.335"
"720941","2","0.441","-0.802","0.546"
"720945","2","0.444","-0.697","0.463"
"720946","1","1.213","1.209","2.742"
"720950","1","1.540","1.321","3.063"
"720951","2","0.421","-0.580","0.383"
"720958","2","0.369","-0.462","0.335"
"720961","2","0.292","-0.343","0.302"
"720962","1","2.199","1.639","3.516"
"720965","1","2.385","1.669","3.671"
"720966","2","0.188","-0.212","0.257"
"720970","2","0.064","-0.076","0.191"
"720971","1","2.494","1.657","3.814"
"720975","2","-0.056","0.065","0.101"
"720976","1","2.503","1.621","3.871"
"720981","2","-0.151","0.198","-0.005"
"720997","2","-0.286","0.483","-0.176"
"720998","1","2.000","1.566","2.975"
"721000","2","-0.281","0.543","-0.220"
"721000","1","1.758","1.461","2.196"
"721005","2","-0.245","0.593","-0.261"
"721006","1","1.613","1.337","1.852"
"721010","2","-0.207","0.625","-0.281"
"721010","1","1.515","1.150","1.996"
"721015","2","-0.172","0.654","-0.284"
"721015","1","1.505","0.937","2.154"
"721020","1","1.559","0.772","2.144"
"721025","2","-0.104","0.727","-0.280"
"721025","1","1.554","0.707","2.043"
"721029","2","-0.052","0.759","-0.317"
"721030","1","1.485","0.796","1.834"
"721034","1","1.329","0.915","1.520"
"721035","2","-0.001","0.790","-0.374"
"721040","2","0.029","0.814","-0.431"
"721041","1","1.100","1.013","1.117"
"721044","2","0.042","0.842","-0.472"
"721049","2","0.050","0.867","-0.495"
"721050","1","0.441","1.085","0.359"
"721054","2","0.057","0.881","-0.500"
"721055","1","0.038","0.860","0.010"
"721059","2","0.052","0.887","-0.503"
"721060","1","-0.302","0.440","-0.280"
"721064","2","0.045","0.874","-0.512"
"721064","1","-0.620","-0.024","-0.512"
"721069","2","0.043","0.846","-0.530"
"721070","1","-0.836","-0.354","-0.811"
"721076","1","-0.948","-0.558","-1.114"
"721080","1","-1.044","-0.787","-1.472"
"721080","2","0.049","0.766","-0.511"
"721084","1","-1.116","-1.091","-1.776"
"721084","2","0.048","0.726","-0.482"
"721089","2","0.032","0.683","-0.452"
"721094","1","-1.212","-1.301","-2.121"
"721094","2","0.006","0.641","-0.421"
"721099","1","-1.303","-1.441","-2.422"
"721099","2","-0.017","0.588","-0.392"
"721104","2","-0.041","0.514","-0.352"
"721109","2","-0.060","0.429","-0.298"
"721109","1","-1.501","-1.811","-2.847"
"721113","1","-1.588","-2.006","-3.084"
"721114","2","-0.070","0.333","-0.235"
"721118","1","-1.635","-2.182","-3.361"
"721119","2","-0.068","0.226","-0.155"
"721123","2","-0.055","0.106","-0.071"
"721124","1","-1.660","-2.315","-3.545"
"721128","1","-1.710","-2.397","-3.675"
"721133","2","0.010","-0.142","0.102"
"721134","1","-1.709","-2.395","-3.845"
"721138","1","-1.675","-2.307","-3.996"
"721139","2","0.055","-0.266","0.187"
"721143","2","0.072","-0.380","0.289"
"721144","1","-1.548","-2.183","-3.678"
"721148","1","-1.371","-1.999","-3.006"
"721148","2","0.060","-0.489","0.395"
"721153","1","-1.131","-1.802","-2.601"
"721153","2","0.046","-0.582","0.466"
"721158","1","-0.915","-1.664","-2.661"
"721163","2","0.028","-0.720","0.515"
"721164","1","-0.791","-1.484","-2.736"
"721168","1","-0.737","-1.263","-2.594"
"721168","2","0.033","-0.782","0.532"
"721173","1","-0.736","-1.079","-2.339"
"721173","2","0.056","-0.851","0.554"
"721178","1","-0.728","-0.946","-1.994"
"721178","2","0.095","-0.910","0.581"
"721182","2","0.147","-0.965","0.603"
"721187","1","-0.404","-0.626","-1.242"
"721188","2","0.216","-1.005","0.625"
"721192","1","-0.164","-0.342","-0.822"
"721193","2","0.290","-1.026","0.636"
"721197","1","0.068","0.011","-0.348"
"721198","2","0.357","-1.030","0.643"
"721202","1","0.271","0.359","0.080"
"721203","2","0.407","-1.018","0.639"
"721207","1","0.450","0.664","0.528"
"721208","2","0.451","-0.983","0.609"
"721214","2","0.477","-0.926","0.561"
"721217","1","0.790","1.405","1.398"
"721218","2","0.479","-0.858","0.525"
"721222","1","0.908","1.701","1.737"
"721222","2","0.469","-0.781","0.490"
"721226","1","1.029","1.883","2.092"
"721227","2","0.453","-0.691","0.426"
"721232","1","1.183","2.041","2.453"
"721232","2","0.408","-0.584","0.360"
"721237","1","1.336","2.113","2.807"
"721242","1","1.461","2.070","3.137"
"721242","2","0.238","-0.354","0.271"
"721247","2","0.140","-0.231","0.214"
"721248","1","1.567","2.038","3.403"
"721251","1","1.668","1.996","3.555"
"721252","2","0.032","-0.108","0.156"
"721256","2","-0.071","0.021","0.083"
"721257","1","1.747","1.891","3.611"
"721261","1","1.796","1.799","3.615"
"721262","2","-0.150","0.147","-0.006"
"721266","1","1.766","1.691","3.623"
"721271","2","-0.266","0.363","-0.161"
"721272","1","1.712","1.559","3.479"
"721276","2","-0.307","0.455","-0.216"
"721277","1","1.616","1.537","2.885"
"721281","2","-0.322","0.538","-0.256"
"721282","1","1.456","1.545","2.110"
"721286","1","1.293","1.393","1.834"
"721287","2","-0.308","0.606","-0.291"
"721291","2","-0.288","0.663","-0.305"
"721295","2","-0.277","0.709","-0.293"
"721296","1","1.074","0.671","2.379"
"721301","2","-0.269","0.756","-0.274"
"721301","1","1.029","0.337","2.406"
"721306","1","0.983","0.155","2.201"
"721306","2","-0.240","0.806","-0.281"
"721311","2","-0.174","0.847","-0.326"
"721311","1","0.903","0.204","1.875"
"721315","2","-0.091","0.885","-0.382"
"721316","1","0.741","0.306","1.501"
"721322","2","-0.015","0.920","-0.428"
"721325","2","0.041","0.951","-0.447"
"721326","1","0.258","0.322","0.688"
"721331","2","0.086","0.977","-0.449"
"721335","1","-0.061","0.227","0.292"
"721336","2","0.122","0.986","-0.435"
"721341","2","0.140","0.977","-0.415"
"721341","1","-0.348","0.050","-0.094"
"721345","1","-0.653","-0.196","-0.403"
"721345","2","0.149","0.951","-0.402"
"721352","2","0.143","0.910","-0.394"
"721355","1","-1.004","-0.642","-0.956"
"721356","2","0.117","0.867","-0.379"
"721360","2","0.075","0.820","-0.358"
"721360","1","-1.118","-0.707","-1.277"
"721364","1","-1.197","-0.723","-1.569"
"721365","2","0.025","0.764","-0.333"
"721370","2","-0.029","0.708","-0.305"
"721370","1","-1.292","-0.772","-1.897"
"721374","1","-1.366","-0.895","-2.250"
"721380","2","-0.148","0.577","-0.248"
"721380","1","-1.433","-1.009","-2.531"
"721384","2","-0.200","0.499","-0.202"
"721385","1","-1.521","-1.132","-2.771"
"721390","1","-1.591","-1.274","-2.968"
"721390","2","-0.231","0.403","-0.154"
"721394","1","-1.619","-1.424","-3.157"
"721395","2","-0.238","0.295","-0.098"
"721399","1","-1.613","-1.568","-3.286"
"721400","2","-0.228","0.177","-0.041"
"721405","1","-1.574","-1.675","-3.364"
"721409","2","-0.161","-0.074","0.078"
"721410","1","-1.455","-1.760","-3.427"
"721414","2","-0.107","-0.192","0.136"
"721415","1","-1.294","-1.766","-3.519"
"721419","2","-0.044","-0.299","0.204"
"721420","1","-1.065","-1.687","-3.486"
"721424","1","-0.829","-1.577","-3.046"
"721425","2","-0.005","-0.394","0.287"
"721429","1","-0.606","-1.469","-2.490"
"721434","1","-0.434","-1.421","-2.345"
"721435","2","0.014","-0.539","0.432"
"721439","2","0.018","-0.589","0.457"
"721440","1","-0.386","-1.454","-2.484"
"721444","2","0.018","-0.637","0.470"
"721445","1","-0.411","-1.401","-2.529"
"721449","2","0.030","-0.695","0.489"
"721449","1","-0.484","-1.240","-2.466"
"721454","2","0.056","-0.766","0.526"
"721454","1","-0.576","-1.119","-2.341"
"721461","1","-0.639","-1.048","-2.171"
"721464","2","0.111","-0.924","0.591"
"721464","1","-0.595","-0.889","-1.970"
"721469","2","0.142","-0.989","0.622"
"721469","1","-0.483","-0.633","-1.750"
"721473","2","0.173","-1.037","0.647"
"721474","1","-0.352","-0.301","-1.459"
"721478","2","0.196","-1.075","0.663"
"721479","1","-0.210","0.073","-1.063"
"721483","2","0.209","-1.099","0.666"
"721488","2","0.217","-1.105","0.655"
"721489","1","0.056","0.620","-0.153"
"721493","2","0.219","-1.088","0.628"
"721494","1","0.215","0.799","0.234"
"721498","2","0.226","-1.054","0.590"
"721499","1","0.377","0.930","0.619"
"721503","2","0.253","-1.005","0.537"
"721504","1","0.552","1.076","0.990"
"721508","2","0.291","-0.952","0.493"
"721509","1","0.746","1.231","1.429"
"721513","1","0.928","1.265","1.883"
"721518","2","0.389","-0.813","0.414"
"721519","1","1.130","1.213","2.268"
"721523","2","0.426","-0.721","0.353"
"721523","1","1.401","1.233","2.534"
"721528","2","0.441","-0.616","0.291"
"721528","1","1.681","1.355","2.641"
"721533","2","0.429","-0.496","0.235"
"721533","1","1.884","1.545","2.766"
"721538","2","0.384","-0.372","0.182"
"721543","2","0.296","-0.248","0.136"
"721543","1","2.084","1.832","3.350"
"721548","2","0.160","-0.119","0.082"
"721548","1","2.150","1.863","3.599"
"721552","2","-0.003","0.013","0.013"
"721553","1","2.176","1.780","3.786"
"721557","2","-0.155","0.141","-0.069"
"721558","1","2.222","1.571","3.859"
"721562","2","-0.283","0.264","-0.153"
"721563","1","2.250","1.319","3.789"
"721569","1","2.167","1.284","3.268"
"721572","2","-0.443","0.461","-0.276"
"721577","2","-0.447","0.537","-0.317"
"721577","1","1.992","1.261","2.321"
"721582","2","-0.419","0.604","-0.343"
"721583","1","1.825","1.140","1.818"
"721587","2","-0.391","0.652","-0.349"
"721588","1","1.663","0.970","2.021"
"721592","2","-0.358","0.692","-0.341"
"721592","1","1.508","0.791","2.294"
"721597","1","1.480","0.665","2.271"
"721602","2","-0.283","0.778","-0.364"
"721602","1","1.484","0.657","2.227"
"721606","2","-0.230","0.822","-0.420"
"721607","1","1.407","0.787","2.061"
"721611","2","-0.184","0.863","-0.472"
"721612","1","1.326","0.949","1.826"
"721617","2","-0.156","0.904","-0.513"
"721617","1","1.156","1.027","1.580"
"721621","2","-0.136","0.942","-0.537"
"721626","2","-0.113","0.973","-0.545"
"721627","1","0.725","1.029","0.904"
"721631","1","0.455","0.818","0.563"
"721632","2","-0.083","0.986","-0.559"
"721636","2","-0.047","0.987","-0.572"
"721637","1","0.198","0.481","0.266"
"721641","2","-0.017","0.975","-0.575"
"721641","1","0.029","0.149","0.075"
"721646","2","0.002","0.959","-0.566"
"721646","1","-0.137","-0.148","-0.160"
"721651","1","-0.281","-0.368","-0.473"
"721656","2","0.018","0.912","-0.559"
"721657","1","-0.443","-0.411","-0.755"
"721661","1","-0.577","-0.406","-0.998"
"721662","2","0.003","0.889","-0.557"
"721666","2","-0.023","0.860","-0.552"
"721666","1","-0.737","-0.427","-1.250"
"721670","1","-0.909","-0.523","-1.510"
"721671","2","-0.071","0.828","-0.544"
"721676","1","-1.086","-0.667","-1.789"
"721681","2","-0.152","0.742","-0.510"
"721681","1","-1.248","-0.834","-2.068"
"721685","2","-0.167","0.683","-0.481"
"721686","1","-1.395","-1.072","-2.388"
"721690","1","-1.495","-1.354","-2.713"
"721691","2","-0.163","0.614","-0.439"
"721695","1","-1.572","-1.622","-3.022"
"721696","2","-0.146","0.533","-0.380"
"721700","2","-0.128","0.444","-0.308"
"721701","1","-1.672","-1.863","-3.359"
"721707","2","-0.108","0.340","-0.227"
"721710","2","-0.090","0.219","-0.143"
"721711","1","-1.866","-2.268","-3.847"
"721715","1","-1.939","-2.342","-3.995"
"721716","2","-0.071","0.087","-0.055"
"721720","1","-1.983","-2.367","-4.101"
"721721","2","-0.046","-0.056","0.029"
"721725","2","-0.007","-0.194","0.105"
"721726","1","-1.975","-2.287","-4.254"
"721730","1","-1.850","-2.139","-4.127"
"721735","1","-1.612","-1.989","-3.354"
"721736","2","0.037","-0.440","0.272"
"721740","2","0.011","-0.549","0.352"
"721741","1","-1.296","-1.750","-2.554"
"721745","2","-0.019","-0.638","0.405"
"721745","1","-0.941","-1.512","-2.483"
"721750","2","-0.041","-0.700","0.435"
"721750","1","-0.680","-1.282","-2.794"
"721755","2","-0.055","-0.738","0.455"
"721755","1","-0.579","-1.068","-2.912"
"721760","1","-0.639","-0.909","-2.795"
"721765","2","-0.041","-0.850","0.516"
"721765","1","-0.775","-0.972","-2.632"
"721769","2","-0.016","-0.930","0.541"
"721770","1","-0.815","-1.045","-2.403"
"721775","2","0.033","-1.006","0.562"
"721775","1","-0.703","-0.941","-1.993"
"721779","2","0.107","-1.067","0.589"
"721780","1","-0.461","-0.647","-1.602"
"721784","2","0.186","-1.114","0.616"
"721789","2","0.251","-1.144","0.631"
"721789","1","0.005","0.079","-0.738"
"721794","1","0.220","0.530","-0.268"
"721794","2","0.291","-1.153","0.630"
"721799","1","0.367","0.962","0.085"
"721799","2","0.329","-1.140","0.605"
"721804","1","0.481","1.334","0.415"
"721804","2","0.370","-1.103","0.557"
"721809","1","0.597","1.547","0.838"
"721809","2","0.400","-1.052","0.503"
"721819","1","0.729","1.676","1.410"
"721819","2","0.421","-0.925","0.417"
"721823","1","0.882","1.696","1.978"
"721824","2","0.420","-0.859","0.364"
"721829","2","0.432","-0.784","0.287"
"721830","1","1.064","1.663","2.313"
"721833","2","0.438","-0.700","0.213"
"721834","1","1.306","1.638","2.579"
"721838","1","1.616","1.751","2.797"
"721839","2","0.426","-0.607","0.163"
"721844","1","1.851","1.855","2.972"
"721848","2","0.311","-0.405","0.086"
"721849","1","2.022","1.912","3.189"
"721853","1","2.159","1.901","3.376"
"721854","2","0.209","-0.297","0.023"
"721858","2","0.089","-0.186","-0.050"
"721859","1","2.268","1.889","3.593"
"721863","2","-0.041","-0.076","-0.113"
"721864","1","2.368","1.856","3.831"
"721868","2","-0.159","0.027","-0.182"
"721875","1","2.471","1.469","4.025"
"721876","2","-0.247","0.134","-0.255"
"721878","2","-0.309","0.228","-0.317"
"721878","1","2.437","1.168","3.950"
"721883","2","-0.339","0.306","-0.366"
"721883","1","2.297","0.956","3.490"
"721888","1","2.078","0.926","2.688"
"721888","2","-0.326","0.374","-0.396"
"721893","2","-0.275","0.420","-0.429"
"721894","1","1.824","0.896","2.008"
"721900","2","-0.216","0.442","-0.451"
"721903","2","-0.172","0.456","-0.461"
"721903","1","1.600","0.969","2.076"
"721907","1","1.601","1.089","2.251"
"721908","2","-0.144","0.481","-0.463"
"721912","2","-0.134","0.523","-0.476"
"721913","1","1.620","1.208","2.300"
"721917","1","1.587","1.291","2.218"
"721918","2","-0.157","0.578","-0.511"
"721922","2","-0.205","0.641","-0.563"
"721928","2","-0.252","0.700","-0.622"
"721928","1","1.278","1.371","1.799"
"721933","2","-0.290","0.755","-0.674"
"721933","1","1.071","1.368","1.530"
"721939","2","-0.316","0.802","-0.702"
"721939","1","0.850","1.321","1.197"
"721943","2","-0.323","0.836","-0.707"
"721944","1","0.623","1.095","0.873"
"721947","2","-0.308","0.865","-0.706"
"721948","1","0.417","0.657","0.576"
"721954","1","0.245","0.138","0.268"
"721957","2","-0.211","0.894","-0.734"
"721958","1","0.023","-0.316","-0.115"
"721962","2","-0.130","0.902","-0.748"
"721963","1","-0.225","-0.617","-0.555"
"721967","2","-0.047","0.903","-0.740"
"721967","1","-0.500","-0.800","-0.946"
"721972","2","0.025","0.892","-0.717"
"721972","1","-0.874","-0.957","-1.333"
"721977","2","0.066","0.870","-0.700"
"721982","2","0.077","0.839","-0.682"
"721982","1","-1.616","-1.221","-2.115"
"721987","2","0.057","0.790","-0.652"
"721987","1","-1.900","-1.390","-2.480"
"721991","2","0.008","0.716","-0.614"
"721992","1","-2.139","-1.592","-2.788"
"721996","2","-0.050","0.626","-0.571"
"721997","1","-2.255","-1.783","-3.072"
"722001","2","-0.113","0.525","-0.518"
"722002","1","-2.195","-1.945","-3.366"
"722008","1","-2.077","-2.104","-3.595"
"722011","2","-0.227","0.307","-0.360"
"722012","1","-1.972","-2.259","-3.788"
"722016","2","-0.259","0.192","-0.267"
"722017","1","-1.872","-2.367","-3.988"
"722021","2","-0.275","0.080","-0.169"
"722022","1","-1.796","-2.471","-4.123"
"722026","2","-0.266","-0.034","-0.077"
"722026","1","-1.762","-2.556","-4.171"
"722031","2","-0.229","-0.150","0.013"
"722036","2","-0.160","-0.256","0.099"
"722037","1","-1.745","-2.517","-4.423"
"722041","2","-0.094","-0.357","0.195"
"722042","1","-1.705","-2.422","-3.986"
"722047","2","-0.069","-0.459","0.298"
"722048","1","-1.672","-2.270","-3.136"
"722051","2","-0.078","-0.562","0.378"
"722052","1","-1.575","-1.884","-2.657"
"722056","2","-0.093","-0.658","0.416"
"722060","2","-0.109","-0.729","0.422"
"722066","2","-0.130","-0.779","0.422"
"722066","1","-1.260","-1.001","-2.998"
"722071","1","-1.224","-0.662","-2.942"
"722071","2","-0.161","-0.825","0.436"
"722075","1","-1.243","-0.543","-2.608"
"722076","2","-0.184","-0.877","0.462"
"722081","2","-0.178","-0.932","0.486"
"722081","1","-1.217","-0.468","-2.125"
"722085","2","-0.131","-0.977","0.508"
"722086","1","-1.044","-0.401","-1.543"
"722092","1","-0.767","-0.272","-1.054"
"722095","2","0.026","-1.002","0.537"
"722096","1","-0.410","-0.146","-0.660"
"722100","2","0.099","-0.983","0.528"
"722101","1","-0.107","0.040","-0.225"
"722105","2","0.163","-0.948","0.503"
"722105","1","0.208","0.313","0.234"
"722110","1","0.510","0.592","0.698"
"722111","2","0.211","-0.895","0.471"
"722115","1","0.723","0.909","1.160"
"722120","2","0.242","-0.749","0.398"
"722120","1","0.864","1.204","1.636"
"722125","2","0.227","-0.659","0.344"
"722125","1","0.994","1.408","2.033"
"722130","1","1.131","1.571","2.345"
"722130","2","0.191","-0.571","0.290"
"722135","1","1.259","1.687","2.609"
"722135","2","0.124","-0.484","0.234"
"722139","2","0.048","-0.395","0.178"
"722140","1","1.430","1.740","2.804"
"722145","1","1.601","1.791","2.970"
"722149","1","1.761","1.796","3.119"
"722150","2","-0.113","-0.205","0.062"
"722155","2","-0.183","-0.111","0.003"
"722156","1","1.876","1.721","3.215"
"722160","2","-0.237","-0.022","-0.054"
"722160","1","1.932","1.605","3.250"
"722164","2","-0.276","0.061","-0.111"
"722165","1","1.972","1.470","3.267"
"722169","2","-0.296","0.141","-0.164"
"722174","1","1.940","1.227","3.288"
"722175","2","-0.295","0.218","-0.208"
"722179","2","-0.279","0.282","-0.243"
"722180","1","1.878","1.114","3.242"
"722184","2","-0.244","0.338","-0.275"
"722184","1","1.771","0.984","2.931"
"722189","1","1.651","0.871","2.357"
"722189","2","-0.195","0.383","-0.307"
"722194","2","-0.142","0.416","-0.345"
"722194","1","1.530","0.823","1.830"
"722202","2","-0.093","0.433","-0.367"
"722204","2","-0.063","0.443","-0.379"
"722205","1","1.445","1.015","1.947"
"722209","2","-0.050","0.455","-0.391"
"722209","1","1.486","1.138","2.050"
"722214","1","1.523","1.217","2.012"
"722214","2","-0.055","0.477","-0.409"
"722218","2","-0.082","0.516","-0.451"
"722219","1","1.480","1.256","1.864"
"722224","1","1.336","1.283","1.636"
"722228","2","-0.170","0.620","-0.547"
"722229","1","1.066","1.265","1.366"
"722233","2","-0.203","0.662","-0.582"
"722234","1","0.754","1.137","1.066"
"722238","2","-0.212","0.693","-0.611"
"722239","1","0.469","0.913","0.792"
"722243","2","-0.206","0.706","-0.629"
"722244","1","0.162","0.585","0.428"
"722248","2","-0.175","0.708","-0.635"
"722249","1","-0.098","0.241","0.123"
"722253","1","-0.299","0.007","-0.106"
"722258","2","-0.080","0.677","-0.617"
"722259","1","-0.427","-0.155","-0.299"
"722263","1","-0.453","-0.344","-0.540"
"722264","2","-0.030","0.648","-0.602"
"722268","1","-0.456","-0.503","-0.837"
"722269","2","0.007","0.614","-0.585"
"722273","1","-0.432","-0.635","-1.046"
"722273","2","0.026","0.581","-0.565"
"722278","1","-0.440","-0.741","-1.310"
"722283","2","0.032","0.523","-0.521"
"722283","1","-0.518","-0.834","-1.630"
"722288","1","-0.677","-1.001","-2.031"
"722288","2","0.016","0.487","-0.488"
"722292","1","-0.925","-1.227","-2.380"
"722293","2","-0.007","0.440","-0.452"
"722297","2","-0.032","0.386","-0.415"
"722302","1","-1.300","-1.383","-2.693"
"722303","2","-0.055","0.318","-0.380"
"722307","1","-1.674","-1.536","-2.929"
"722312","2","-0.076","0.140","-0.290"
"722313","1","-2.017","-1.718","-3.143"
"722317","1","-2.296","-1.873","-3.241"
"722318","2","-0.064","0.034","-0.234"
"722322","1","-2.451","-2.057","-3.334"
"722323","2","-0.030","-0.084","-0.178"
"722327","1","-2.422","-2.174","-3.449"
"722328","2","0.023","-0.195","-0.122"
"722332","1","-2.270","-2.234","-3.456"
"722332","2","0.079","-0.297","-0.044"
"722337","2","0.107","-0.374","0.051"
"722342","2","0.117","-0.435","0.143"
"722342","1","-1.723","-2.241","-3.070"
"722347","1","-1.445","-2.136","-2.790"
"722347","2","0.112","-0.488","0.219"
"722351","1","-1.227","-1.932","-2.719"
"722352","2","0.094","-0.536","0.266"
"722356","2","0.076","-0.580","0.289"
"722357","1","-1.107","-1.691","-2.776"
"722361","1","-1.145","-1.473","-2.760"
"722366","2","0.044","-0.672","0.338"
"722367","1","-1.188","-1.267","-2.677"
"722372","2","0.016","-0.717","0.395"
"722372","1","-1.212","-1.134","-2.468"
"722376","2","-0.007","-0.774","0.458"
"722377","1","-1.265","-1.058","-2.152"
"722381","2","0.001","-0.835","0.497"
"722382","1","-1.244","-0.964","-1.851"
"722386","2","0.029","-0.891","0.517"
"722387","1","-1.081","-0.829","-1.575"
"722391","2","0.061","-0.935","0.528"
"722396","2","0.089","-0.962","0.541"
"722397","1","-0.572","-0.452","-1.008"
"722401","1","-0.281","-0.241","-0.686"
"722402","2","0.114","-0.975","0.550"
"722406","1","-0.034","-0.028","-0.340"
"722406","2","0.144","-0.974","0.551"
"722411","2","0.178","-0.963","0.542"
"722411","1","0.146","0.172","-0.019"
"722416","2","0.219","-0.943","0.518"
"722421","1","0.401","0.564","0.411"
"722421","2","0.263","-0.918","0.484"
"722427","2","0.306","-0.887","0.452"
"722428","1","0.500","0.795","0.665"
"722431","1","0.594","1.020","0.997"
"722431","2","0.346","-0.855","0.425"
"722435","1","0.642","1.164","1.323"
"722436","2","0.380","-0.818","0.401"
"722440","1","0.731","1.299","1.599"
"722441","2","0.400","-0.776","0.366"
"722448","2","0.405","-0.728","0.318"
"722450","2","0.387","-0.672","0.272"
"722451","1","1.056","1.599","2.197"
"722456","1","1.258","1.600","2.546"
"722456","2","0.336","-0.608","0.234"
"722460","1","1.488","1.509","2.842"
"722461","2","0.244","-0.535","0.201"
"722465","2","0.115","-0.446","0.168"
"722466","1","1.708","1.400","3.049"
"722470","1","1.902","1.354","3.191"
"722475","2","-0.185","-0.245","0.104"
"722476","1","2.041","1.202","3.372"
"722480","1","2.104","0.880","3.489"
"722481","2","-0.319","-0.138","0.062"
"722485","1","2.118","0.648","3.550"
"722486","2","-0.442","-0.035","0.013"
"722490","2","-0.572","0.065","-0.003"
"722490","1","2.122","0.505","3.586"
"722495","2","-0.705","0.165","0.006"
"722495","1","1.988","0.231","3.614"
"722500","1","1.820","-0.124","3.480"
"722505","2","-0.931","0.347","0.000"
"722505","1","1.621","-0.371","3.083"
"722509","1","1.437","-0.491","2.813"
"722510","2","-1.003","0.422","-0.023"
"722514","2","-1.037","0.491","-0.049"
"722519","1","1.121","-0.453","2.705"
"722520","2","-1.053","0.556","-0.057"
"722525","1","0.925","-0.456","2.471"
"722527","2","-1.060","0.626","-0.036"
"722532","2","-1.067","0.745","0.011"
"722535","2","-1.064","0.745","0.011"
"722536","1","0.367","-0.694","2.084"
"722539","2","-1.024","0.779","0.005"
"722544","2","-0.945","0.788","-0.007"
"722544","1","0.013","-0.867","1.833"
"722549","2","-0.829","0.788","0.006"
"722549","1","-0.224","-0.840","1.456"
"722554","2","-0.670","0.774","0.041"
"722554","1","-0.338","-0.803","0.929"
"722561","1","-0.490","-0.868","0.573"
"722564","2","-0.353","0.723","0.130"
"722564","1","-0.552","-1.026","0.354"
"722569","2","-0.225","0.691","0.176"
"722569","1","-0.582","-1.141","0.219"
"722573","2","-0.105","0.661","0.224"
"722574","1","-0.570","-1.154","0.039"
"722578","2","0.010","0.640","0.265"
"722579","1","-0.537","-1.165","-0.130"
"722583","2","0.114","0.618","0.296"
"722589","2","0.211","0.592","0.328"
"722590","1","-0.528","-1.223","-0.375"
"722594","2","0.290","0.572","0.366"
"722594","1","-0.589","-1.168","-0.469"
"722598","2","0.349","0.553","0.411"
"722599","1","-0.650","-1.069","-0.578"
"722603","2","0.386","0.531","0.442"
"722604","1","-0.765","-0.947","-0.733"
"722608","2","0.400","0.509","0.462"
"722609","1","-0.894","-0.826","-0.883"
"722613","1","-1.021","-0.703","-1.016"
"722618","2","0.383","0.450","0.486"
"722619","1","-1.157","-0.586","-1.083"
"722623","1","-1.255","-0.454","-1.124"
"722624","2","0.354","0.417","0.499"
"722628","2","0.319","0.381","0.509"
"722630","1","-1.341","-0.354","-1.179"
"722633","1","-1.372","-0.279","-1.176"
"722636","2","0.284","0.340","0.517"
"722638","2","0.245","0.296","0.523"
"722643","2","0.211","0.256","0.526"
"722643","1","-1.237","-0.159","-1.133"
"722648","2","0.187","0.225","0.529"
"722648","1","-1.096","-0.074","-1.176"
"722652","1","-0.938","0.025","-1.188"
"722653","2","0.182","0.204","0.533"
"722657","2","0.190","0.185","0.539"
"722658","1","-0.835","0.121","-1.163"
"722662","1","-0.737","0.198","-1.160"
"722663","2","0.208","0.169","0.545"
"722669","1","-0.643","0.246","-1.164"
"722672","2","0.276","0.130","0.557"
"722673","1","-0.600","0.314","-1.140"
"722677","1","-0.551","0.420","-1.147"
"722678","2","0.319","0.117","0.559"
"722682","2","0.361","0.100","0.560"
"722683","1","-0.510","0.530","-1.134"
"722687","1","-0.502","0.631","-1.036"
"722688","2","0.405","0.086","0.563"
"722692","2","0.438","0.073","0.571"
"722698","2","0.461","0.064","0.573"
"722699","1","-0.397","0.720","-0.903"
"722702","2","0.478","0.057","0.567"
"722703","1","-0.296","0.734","-0.850"
"722707","2","0.485","0.050","0.559"
"722707","1","-0.222","0.747","-0.789"
"722712","2","0.482","0.044","0.546"
"722712","1","-0.166","0.698","-0.736"
"722717","2","0.478","0.034","0.520"
"722717","1","-0.121","0.616","-0.674"
"722724","1","-0.029","0.611","-0.611"
"722726","2","0.471","0.012","0.470"
"722727","1","0.055","0.580","-0.527"
"722731","1","0.121","0.533","-0.457"
"722732","2","0.456","0.002","0.453"
"722736","2","0.444","-0.005","0.429"
"722737","1","0.215","0.505","-0.363"
"722741","2","0.425","-0.015","0.404"
"722742","1","0.281","0.539","-0.313"
"722746","1","0.322","0.609","-0.315"
"722751","1","0.375","0.659","-0.293"
"722752","2","0.376","-0.023","0.378"
"722756","2","0.351","-0.025","0.358"
"722757","1","0.408","0.660","-0.274"
"722761","1","0.399","0.617","-0.219"
"722761","2","0.330","-0.027","0.326"
"722766","2","0.311","-0.026","0.289"
"722767","1","0.388","0.603","-0.239"
"722771","2","0.299","-0.025","0.269"
"722771","1","0.403","0.692","-0.270"
"722778","1","0.312","0.707","-0.244"
"722781","2","0.271","-0.025","0.267"
"722786","1","0.221","0.612","-0.243"
"722786","2","0.251","-0.033","0.253"
"722791","1","0.142","0.494","-0.212"
"722791","2","0.230","-0.040","0.225"
"722796","2","0.213","-0.044","0.197"
"722796","1","0.169","0.435","-0.164"
"722800","1","0.206","0.391","-0.133"
"722801","2","0.191","-0.043","0.181"
"722807","2","0.165","-0.035","0.176"
"722811","2","0.133","-0.033","0.174"
"722811","1","0.262","0.358","-0.022"
"722815","2","0.098","-0.035","0.164"
"722816","1","0.272","0.269","0.105"
"722820","2","0.066","-0.030","0.147"
"722821","1","0.328","0.162","0.110"
"722825","1","0.379","0.094","0.085"
"722826","2","0.040","-0.026","0.133"
"722830","2","0.024","-0.017","0.125"
"722835","2","0.017","-0.012","0.122"
"722836","1","0.451","0.013","0.016"
"722840","1","0.412","0.005","0.036"
"722841","2","0.013","-0.010","0.121"
"722845","2","0.013","-0.011","0.123"
"722845","1","0.389","-0.027","0.075"
"722850","2","0.012","-0.012","0.122"
"722851","1","0.362","-0.054","0.065"
"722855","2","0.019","-0.010","0.118"
"722855","1","0.332","-0.073","0.025"
"722862","1","0.297","-0.016","-0.003"
"722865","2","0.049","-0.010","0.114"
"722865","1","0.240","0.045","-0.033"
"722870","2","0.067","-0.010","0.110"
"722870","1","0.167","0.080","-0.020"
"722874","2","0.078","-0.010","0.106"
"722875","1","0.085","0.114","-0.056"
"722880","2","0.090","-0.014","0.102"
"722880","1","0.034","0.167","-0.102"
"722884","2","0.099","-0.019","0.100"
"722890","2","0.103","-0.019","0.100"
"722890","1","-0.039","0.240","-0.189"
"722894","2","0.101","-0.019","0.099"
"722895","1","-0.040","0.259","-0.160"
"722899","2","0.103","-0.017","0.095"
"722900","1","-0.032","0.255","-0.079"
"722904","2","0.097","-0.015","0.093"
"722904","1","-0.000","0.230","-0.032"
"722909","2","0.092","-0.013","0.093"
"722910","1","0.061","0.219","-0.010"
"722917","1","0.103","0.212","-0.021"
"722919","2","0.072","0.001","0.089"
"722920","1","0.151","0.185","0.005"
"722924","2","0.063","0.005","0.081"
"722925","1","0.154","0.145","0.010"
"722929","2","0.057","0.013","0.075"
"722935","1","0.105","0.074","-0.026"
"722937","2","0.053","0.018","0.065"
"722939","1","0.044","0.079","-0.033"
"722940","2","0.052","0.021","0.056"
"722948","2","0.049","0.022","0.042"
"722948","1","-0.096","0.168","-0.024"
"722949","2","0.047","0.019","0.042"
"722954","2","0.046","0.017","0.034"
"722954","1","-0.134","0.163","-0.002"
"722958","2","0.044","0.013","0.028"
"722959","1","-0.158","0.158","0.044"
"722963","2","0.042","0.008","0.025"
"722964","1","-0.150","0.132","0.027"
"722968","2","0.045","0.006","0.022"
"722973","2","0.052","0.005","0.016"
"722974","1","-0.160","0.159","-0.016"
"722978","2","0.066","0.002","0.007"
"722979","1","-0.155","0.153","-0.027"
"722983","2","0.081","0.001","0.001"
"722984","1","-0.139","0.178","-0.050"
"722988","2","0.099","-0.005","-0.003"
"722989","1","-0.120","0.167","-0.078"
"722993","2","0.121","-0.010","-0.011"
"722993","1","-0.084","0.155","-0.061"
"722999","1","-0.068","0.149","-0.031"
"723006","2","0.147","-0.019","-0.023"
"723009","1","-0.033","0.170","-0.014"
"723011","2","0.151","-0.025","-0.033"
"723013","2","0.147","-0.033","-0.045"
"723013","1","0.001","0.152","-0.023"
"723017","2","0.138","-0.039","-0.058"
"723023","2","0.133","-0.052","-0.072"
"723023","1","0.032","0.163","-0.019"
"723027","1","0.046","0.172","0.006"
"723032","2","0.122","-0.068","-0.090"
"723033","1","0.086","0.084","0.002"
"723037","2","0.120","-0.079","-0.103"
"723038","1","0.122","-0.015","-0.011"
"723042","1","0.268","0.005","-0.085"
"723043","2","0.121","-0.087","-0.102"
"723047","2","0.123","-0.094","-0.104"
"723047","1","0.357","0.170","-0.347"
"723052","1","0.350","0.630","-1.096"
"723052","2","0.134","-0.104","-0.135"
"723057","1","0.339","1.460","-1.786"
"723062","2","0.177","-0.155","-0.179"
"723063","1","0.482","1.870","-1.389"
"723066","2","0.076","-0.159","-0.055"
"723067","1","0.964","1.109","0.204"
"723072","1","1.557","-0.694","1.503"
"723072","2","-0.115","-0.110","0.117"
"723077","1","1.848","-2.237","1.447"
"723077","2","-0.225","-0.023","0.200"
"723082","1","1.861","-2.446","0.711"
"723087","2","0.057","0.086","0.098"
"723088","1","1.722","-1.783","0.220"
"723092","2","0.180","0.077","0.043"
"723092","1","1.377","-0.973","-0.118"
"723098","1","0.962","-0.375","-0.537"
"723099","2","0.191","0.052","0.024"
"723101","2","0.126","0.030","0.009"
"723102","1","0.584","-0.143","-0.701"
"723107","2","0.037","0.020","0.006"
"723107","1","0.384","-0.182","-0.497"
"723114","2","-0.030","0.025","0.018"
"723118","2","-0.070","0.036","0.054"
"723118","1","0.315","-0.339","-0.336"
"723121","2","-0.094","0.042","0.098"
"723122","1","0.419","-0.315","-0.224"
"723127","2","-0.120","0.048","0.134"
"723127","1","0.544","-0.307","-0.000"
"723131","2","-0.153","0.055","0.150"
"723132","1","0.676","-0.375","0.111"
"723136","1","0.778","-0.489","0.100"
