"667149","2","0.425","1.001","-0.486"
"667150","1","-0.247","-0.604","-1.188"
"667152","2","0.504","1.009","-0.472"
"667153","1","0.045","-0.298","-1.090"
"667158","2","0.561","1.015","-0.462"
"667158","1","0.465","-0.298","-1.090"
"667162","2","0.582","1.019","-0.452"
"667167","2","0.572","1.017","-0.437"
"667170","1","1.355","0.380","-0.703"
"667172","1","1.816","0.380","-0.703"
"667177","1","2.201","0.532","-0.488"
"667178","2","0.449","0.998","-0.388"
"667182","1","2.515","0.593","-0.285"
"667183","2","0.345","0.988","-0.360"
"667186","1","2.654","0.525","0.010"
"667187","2","0.219","0.978","-0.336"
"667191","2","0.064","0.965","-0.323"
"667196","1","2.631","0.399","0.334"
"667196","2","-0.114","0.948","-0.325"
"667201","2","-0.294","0.929","-0.323"
"667206","2","-0.465","0.897","-0.309"
"667207","1","2.323","0.276","1.033"
"667211","2","-0.624","0.856","-0.281"
"667212","1","2.185","0.332","1.301"
"667216","2","-0.774","0.806","-0.244"
"667216","1","2.136","0.338","1.580"
"667220","2","-0.915","0.747","-0.204"
"667221","1","2.093","0.247","1.860"
"667226","2","-1.050","0.683","-0.168"
"667227","1","2.120","0.170","2.084"
"667230","1","2.185","0.111","2.292"
"667236","2","-1.261","0.537","-0.121"
"667237","1","2.181","0.036","2.569"
"667240","2","-1.314","0.461","-0.111"
"667241","1","2.080","-0.113","2.747"
"667245","2","-1.307","0.390","-0.101"
"667246","1","1.940","-0.229","2.751"
"667250","2","-1.241","0.320","-0.091"
"667251","1","1.782","-0.264","2.661"
"667255","2","-1.144","0.248","-0.088"
"667260","2","-1.024","0.175","-0.083"
"667261","1","1.688","-0.377","2.730"
"667265","2","-0.895","0.112","-0.071"
"667266","1","1.741","-0.341","2.802"
"667270","1","1.815","-0.258","2.867"
"667270","2","-0.764","0.053","-0.056"
"667275","2","-0.635","-0.009","-0.039"
"667275","1","1.884","-0.118","2.971"
"667280","2","-0.514","-0.061","-0.026"
"667280","1","1.986","0.056","3.084"
"667285","1","2.109","0.221","3.166"
"667291","2","-0.338","-0.151","-0.018"
"667292","1","2.246","0.375","3.175"
"667295","2","-0.287","-0.197","-0.021"
"667295","1","2.302","0.471","3.155"
"667300","2","-0.256","-0.237","-0.025"
"667301","1","2.248","0.502","3.111"
"667304","2","-0.233","-0.274","-0.026"
"667305","1","2.104","0.430","2.992"
"667309","2","-0.215","-0.301","-0.028"
"667315","2","-0.183","-0.322","-0.037"
"667315","1","1.549","0.081","2.545"
"667319","2","-0.118","-0.348","-0.044"
"667320","1","1.221","-0.079","2.320"
"667324","2","-0.024","-0.375","-0.046"
"667325","1","0.948","-0.262","2.092"
"667329","2","0.085","-0.394","-0.052"
"667330","1","0.727","-0.440","1.895"
"667334","1","0.552","-0.547","1.695"
"667334","2","0.199","-0.407","-0.051"
"667341","1","0.403","-0.569","1.458"
"667344","2","0.433","-0.415","-0.050"
"667345","1","0.263","-0.539","1.223"
"667349","2","0.529","-0.410","-0.043"
"667349","1","0.148","-0.459","0.899"
"667354","1","0.053","-0.427","0.494"
"667354","2","0.614","-0.397","-0.036"
"667359","2","0.674","-0.380","-0.039"
"667359","1","-0.060","-0.544","0.043"
"667365","2","0.697","-0.355","-0.056"
"667368","2","0.693","-0.317","-0.086"
"667369","1","-0.390","-1.076","-1.083"
"667374","1","-0.626","-1.353","-1.648"
"667374","2","0.676","-0.269","-0.127"
"667378","1","-0.899","-1.540","-2.242"
"667379","2","0.654","-0.213","-0.170"
"667383","2","0.639","-0.149","-0.208"
"667384","1","-1.092","-1.604","-2.807"
"667388","1","-1.255","-1.666","-3.309"
"667389","2","0.635","-0.076","-0.228"
"667393","2","0.627","0.009","-0.248"
"667400","1","-1.634","-1.977","-4.091"
"667401","2","0.603","0.107","-0.286"
"667403","2","0.554","0.208","-0.340"
"667404","1","-1.813","-1.981","-4.430"
"667408","2","0.482","0.314","-0.396"
"667409","1","-1.963","-1.860","-4.810"
"667418","2","0.327","0.523","-0.464"
"667418","1","-2.296","-1.601","-5.460"
"667423","2","0.246","0.635","-0.485"
"667437","2","0.119","0.859","-0.507"
"667438","1","-2.729","-1.000","-5.660"
"667439","2","0.077","0.968","-0.515"
"667442","2","0.048","1.068","-0.529"
"667443","1","-2.856","-0.798","-5.498"
"667447","2","0.034","1.162","-0.546"
"667448","1","-2.968","-0.591","-5.467"
"667452","2","0.023","1.257","-0.566"
"667453","1","-3.047","-0.409","-5.326"
"667457","1","-3.050","-0.296","-5.211"
"667463","2","-0.050","1.447","-0.631"
"667464","1","-3.071","-0.216","-5.071"
"667467","1","-3.129","-0.213","-5.040"
"667468","2","-0.115","1.534","-0.669"
"667472","2","-0.173","1.607","-0.697"
"667473","1","-3.138","-0.238","-5.118"
"667477","2","-0.210","1.669","-0.711"
"667477","1","-3.099","-0.128","-5.245"
"667482","2","-0.218","1.723","-0.709"
"667482","1","-2.959","0.034","-5.313"
"667489","1","-2.684","0.198","-5.320"
"667492","2","-0.156","1.842","-0.674"
"667493","1","-2.377","0.286","-5.305"
"667497","2","-0.096","1.904","-0.672"
"667498","1","-2.174","0.254","-5.229"
"667502","2","-0.031","1.959","-0.683"
"667502","1","-2.054","0.169","-5.118"
"667507","2","0.035","2.013","-0.695"
"667508","1","-1.938","0.111","-4.949"
"667512","2","0.090","2.057","-0.706"
"667517","2","0.139","2.077","-0.708"
"667518","1","-1.682","0.137","-4.066"
"667522","2","0.184","2.084","-0.706"
"667522","1","-1.515","0.133","-3.548"
"667526","2","0.219","2.095","-0.711"
"667527","1","-1.292","0.057","-3.026"
"667531","1","-1.050","-0.015","-2.367"
"667532","2","0.229","2.102","-0.726"
"667536","2","0.216","2.096","-0.747"
"667537","1","-0.799","0.053","-1.657"
"667543","2","0.198","2.076","-0.755"
"667546","2","0.179","2.038","-0.753"
"667548","1","-0.263","0.423","-0.384"
"667551","2","0.155","1.983","-0.745"
"667552","1","-0.054","0.465","0.222"
"667556","1","0.089","0.357","0.724"
"667556","2","0.120","1.914","-0.740"
"667561","2","0.089","1.835","-0.742"
"667562","1","0.187","0.120","1.121"
"667566","1","0.343","-0.070","1.440"
"667570","2","0.038","1.682","-0.755"
"667571","1","0.560","-0.130","1.656"
"667576","2","0.057","1.593","-0.738"
"667577","1","0.784","-0.158","1.823"
"667580","1","1.018","-0.208","1.944"
"667581","2","0.102","1.500","-0.714"
"667587","1","1.263","-0.256","2.045"
"667587","2","0.170","1.410","-0.691"
"667591","2","0.237","1.325","-0.678"
"667591","1","1.455","-0.245","2.156"
"667596","1","1.622","-0.110","2.281"
"667601","2","0.372","1.126","-0.651"
"667602","1","1.784","0.023","2.467"
"667605","2","0.419","1.014","-0.634"
"667606","1","1.888","0.134","2.702"
"667610","2","0.430","0.907","-0.619"
"667611","1","1.946","0.228","2.944"
"667615","1","1.921","0.296","3.321"
"667616","2","0.405","0.802","-0.606"
"667620","2","0.358","0.684","-0.590"
"667625","2","0.287","0.552","-0.571"
"667626","1","1.673","0.194","4.034"
"667630","2","0.210","0.428","-0.557"
"667631","1","1.587","0.131","4.179"
"667635","2","0.132","0.327","-0.541"
"667635","1","1.557","0.059","4.312"
"667640","2","0.043","0.245","-0.526"
"667640","1","1.479","0.022","4.279"
"667645","1","1.488","0.147","4.115"
"667645","2","-0.057","0.171","-0.509"
"667650","2","-0.159","0.110","-0.486"
"667655","2","-0.259","0.053","-0.462"
"667656","1","1.319","0.456","4.086"
"667660","2","-0.357","-0.006","-0.439"
"667660","1","1.148","0.674","4.223"
"667664","2","-0.437","-0.072","-0.413"
"667665","1","0.940","0.839","4.342"
"667669","2","-0.487","-0.140","-0.384"
"667674","2","-0.509","-0.200","-0.354"
"667675","1","0.796","1.024","4.242"
"667681","2","-0.496","-0.261","-0.318"
"667685","2","-0.458","-0.326","-0.275"
"667686","1","0.781","1.375","4.052"
"667689","2","-0.400","-0.384","-0.226"
"667690","1","0.942","1.531","3.886"
"667694","2","-0.326","-0.440","-0.177"
"667695","1","1.119","1.612","3.762"
"667699","2","-0.236","-0.491","-0.135"
"667699","1","1.407","1.622","3.597"
"667704","2","-0.136","-0.543","-0.101"
"667709","2","-0.040","-0.595","-0.082"
"667710","1","1.767","1.482","3.419"
"667714","2","0.061","-0.639","-0.070"
"667714","1","1.831","1.361","3.253"
"667718","2","0.166","-0.671","-0.058"
"667719","1","1.835","1.343","3.091"
"667724","1","1.784","1.415","3.030"
"667725","2","0.263","-0.696","-0.037"
"667728","2","0.338","-0.716","-0.011"
"667729","1","1.710","1.557","3.048"
"667734","2","0.377","-0.736","0.009"
"667738","2","0.369","-0.756","0.015"
"667739","1","1.298","1.546","3.148"
"667743","2","0.315","-0.773","0.010"
"667744","1","1.050","1.398","3.135"
"667748","2","0.227","-0.783","0.004"
"667749","1","0.826","1.191","3.023"
"667753","1","0.697","0.963","2.881"
"667754","2","0.121","-0.787","0.005"
"667758","2","0.013","-0.785","0.014"
"667763","2","-0.097","-0.781","0.017"
"667764","1","0.526","0.417","2.622"
"667768","2","-0.203","-0.770","0.010"
"667769","1","0.399","0.168","2.524"
"667773","2","-0.305","-0.758","-0.007"
"667774","1","0.278","-0.016","2.406"
"667778","2","-0.403","-0.749","-0.027"
"667778","1","0.114","-0.165","2.289"
"667783","1","-0.096","-0.319","2.197"
"667783","2","-0.502","-0.747","-0.051"
"667788","1","-0.265","-0.451","2.120"
"667793","2","-0.674","-0.735","-0.099"
"667794","1","-0.367","-0.508","1.998"
"667799","2","-0.705","-0.725","-0.118"
"667799","1","-0.408","-0.475","1.835"
"667802","1","-0.440","-0.461","1.723"
"667803","2","-0.706","-0.719","-0.134"
"667807","2","-0.699","-0.714","-0.157"
"667808","1","-0.445","-0.466","1.650"
"667813","2","-0.679","-0.705","-0.182"
"667817","2","-0.651","-0.695","-0.207"
"667819","1","-0.379","-0.327","1.417"
"667822","1","-0.318","-0.215","1.319"
"667823","2","-0.613","-0.685","-0.223"
"667827","1","-0.259","-0.104","1.184"
"667828","2","-0.572","-0.669","-0.238"
"667833","1","-0.229","-0.022","1.031"
"667834","2","-0.531","-0.663","-0.249"
"667837","2","-0.486","-0.661","-0.258"
"667838","1","-0.216","0.021","0.879"
"667842","1","-0.213","0.091","0.663"
"667848","2","-0.360","-0.650","-0.261"
"667849","1","-0.190","0.132","0.407"
"667852","2","-0.276","-0.639","-0.257"
"667853","1","-0.184","0.199","0.158"
"667857","2","-0.187","-0.625","-0.255"
"667858","1","-0.177","0.289","-0.003"
"667864","2","-0.099","-0.600","-0.253"
"667864","1","-0.153","0.432","-0.099"
"667867","2","-0.031","-0.573","-0.250"
"667872","2","0.017","-0.547","-0.248"
"667873","1","-0.230","0.862","-0.295"
"667876","2","0.053","-0.523","-0.240"
"667877","1","-0.250","1.093","-0.436"
"667881","1","-0.214","1.301","-0.607"
"667882","2","0.080","-0.498","-0.221"
"667886","2","0.099","-0.472","-0.194"
"667887","1","-0.108","1.458","-0.778"
"667891","2","0.108","-0.443","-0.166"
"667892","1","0.022","1.542","-0.974"
"667896","1","0.163","1.584","-1.193"
"667901","1","0.352","1.692","-1.397"
"667902","2","0.097","-0.370","-0.117"
"667906","1","0.510","1.835","-1.529"
"667907","2","0.092","-0.333","-0.051"
"667911","2","0.092","-0.296","-0.051"
"667916","1","0.543","1.827","-1.569"
"667918","2","0.092","-0.260","-0.013"
"667921","2","0.089","-0.224","0.018"
"667921","1","0.545","1.822","-1.642"
"667928","2","0.092","-0.190","0.044"
"667931","2","0.084","-0.155","0.058"
"667932","1","0.477","1.673","-1.482"
"667936","2","0.060","-0.122","0.074"
"667936","1","0.434","1.500","-1.312"
"667941","2","0.038","-0.090","0.097"
"667942","1","0.382","1.419","-1.157"
"667946","2","0.025","-0.067","0.125"
"667946","1","0.281","1.371","-0.941"
"667950","2","0.017","-0.055","0.152"
"667955","2","0.005","-0.052","0.168"
"667957","1","0.050","0.870","-0.424"
"667960","2","-0.000","-0.047","0.163"
"667961","1","-0.112","0.504","-0.307"
"667965","1","-0.189","0.226","-0.267"
"667966","2","0.001","-0.035","0.160"
"667970","1","-0.170","0.106","-0.205"
"667971","2","0.017","-0.024","0.162"
"667975","1","-0.114","0.136","-0.168"
"667976","2","0.029","-0.011","0.174"
"667980","1","-0.120","0.195","-0.094"
"667985","1","-0.190","0.225","-0.060"
"667986","2","0.033","0.008","0.186"
"667990","2","0.013","0.009","0.178"
"667991","1","-0.297","0.256","-0.046"
"667995","2","-0.007","0.017","0.169"
"667995","1","-0.390","0.300","-0.023"
"668000","1","-0.437","0.422","-0.009"
"668000","2","-0.037","0.033","0.161"
"668005","2","-0.070","0.046","0.158"
"668010","2","-0.116","0.051","0.159"
"668011","1","-0.530","0.669","0.090"
"668015","2","-0.174","0.051","0.162"
"668015","1","-0.609","0.668","0.189"
"668020","2","-0.240","0.046","0.160"
"668020","1","-0.707","0.549","0.302"
"668024","1","-0.763","0.375","0.363"
"668025","2","-0.301","0.040","0.155"
"668029","2","-0.354","0.030","0.154"
"668030","1","-0.815","0.143","0.430"
"668035","2","-0.392","0.009","0.153"
"668040","2","-0.408","-0.015","0.153"
"668040","1","-0.838","-0.354","0.669"
"668045","2","-0.399","-0.038","0.151"
"668045","1","-0.814","-0.615","0.805"
"668049","2","-0.361","-0.065","0.143"
"668050","1","-0.823","-0.913","0.943"
"668054","2","-0.317","-0.088","0.116"
"668055","1","-0.853","-1.219","1.113"
"668059","2","-0.272","-0.114","0.077"
"668064","2","-0.212","-0.139","0.041"
"668065","1","-0.958","-1.539","1.280"
"668069","2","-0.148","-0.152","0.020"
"668070","1","-0.876","-1.460","1.294"
"668074","2","-0.089","-0.167","0.011"
"668075","1","-0.809","-1.259","1.316"
"668079","1","-0.739","-1.041","1.333"
"668079","2","-0.045","-0.186","0.006"
"668083","1","-0.689","-0.829","1.277"
"668084","2","-0.016","-0.206","-0.002"
"668089","2","0.004","-0.230","-0.014"
"668094","2","0.028","-0.251","-0.021"
"668094","1","-0.601","-0.465","0.942"
"668099","2","0.060","-0.264","-0.021"
"668099","1","-0.480","-0.358","0.737"
"668103","2","0.103","-0.269","-0.016"
"668104","1","-0.344","-0.243","0.534"
"668108","2","0.153","-0.264","-0.012"
"668109","1","-0.237","-0.162","0.292"
"668113","2","0.199","-0.256","-0.008"
"668119","2","0.248","-0.243","-0.009"
"668120","1","0.058","-0.021","-0.168"
"668123","2","0.295","-0.222","-0.007"
"668124","1","0.229","0.060","-0.338"
"668128","2","0.329","-0.200","-0.003"
"668129","1","0.319","0.088","-0.473"
"668133","1","0.415","0.091","-0.645"
"668134","2","0.355","-0.180","-0.006"
"668138","1","0.469","0.072","-0.790"
"668138","2","0.375","-0.155","-0.015"
"668145","1","0.490","0.073","-0.870"
"668147","2","0.385","-0.100","-0.034"
"668149","1","0.491","0.142","-0.973"
"668153","2","0.382","-0.069","-0.039"
"668158","1","0.470","0.184","-0.973"
"668158","2","0.375","-0.035","-0.043"
"668163","2","0.355","-0.004","-0.043"
"668163","1","0.469","0.298","-0.992"
"668167","1","0.436","0.412","-0.917"
"668168","2","0.335","0.026","-0.047"
"668174","1","0.384","0.437","-0.866"
"668177","2","0.300","0.074","-0.043"
"668178","1","0.375","0.514","-0.881"
"668183","2","0.284","0.100","-0.035"
"668183","1","0.406","0.554","-0.806"
"668187","2","0.262","0.123","-0.026"
"668188","1","0.451","0.561","-0.783"
"668192","1","0.535","0.604","-0.927"
"668193","2","0.240","0.142","-0.012"
"668197","1","0.667","0.727","-1.109"
"668203","1","0.788","0.798","-1.240"
"668204","2","0.228","0.174","0.034"
"668208","1","0.894","0.797","-1.303"
"668209","2","0.233","0.188","0.050"
"668212","1","0.913","0.775","-1.310"
"668212","2","0.247","0.200","0.062"
"668217","1","0.865","0.807","-1.260"
"668217","2","0.265","0.213","0.071"
"668222","2","0.293","0.224","0.087"
"668222","1","0.794","0.832","-1.172"
"668229","2","0.325","0.229","0.108"
"668233","2","0.363","0.239","0.137"
"668233","1","0.666","0.770","-1.075"
"668237","2","0.409","0.254","0.165"
"668237","1","0.668","0.743","-0.969"
"668241","1","0.646","0.730","-0.830"
"668242","2","0.446","0.262","0.186"
"668246","2","0.477","0.261","0.213"
"668247","1","0.650","0.741","-0.689"
"668251","2","0.496","0.268","0.243"
"668256","2","0.501","0.275","0.280"
"668257","1","0.805","0.865","-0.500"
"668261","1","0.877","0.882","-0.402"
"668262","2","0.492","0.275","0.317"
"668266","1","0.967","0.969","-0.439"
"668268","2","0.485","0.283","0.357"
"668271","1","1.047","1.079","-0.514"
"668272","2","0.482","0.310","0.387"
"668276","1","1.126","1.259","-0.529"
"668276","2","0.467","0.344","0.408"
"668281","1","1.161","1.461","-0.518"
"668287","1","1.014","1.387","-0.395"
"668288","2","0.414","0.397","0.428"
"668291","2","0.359","0.398","0.405"
"668292","1","0.609","0.873","-0.294"
"668296","2","0.282","0.399","0.357"
"668296","1","0.183","0.438","-0.951"
"668301","1","-0.146","1.392","-3.267"
"668301","2","0.270","0.465","0.343"
"668306","2","0.447","0.636","0.353"
"668310","2","0.496","0.684","0.168"
"668311","1","-2.501","0.242","0.219"
"668316","2","-0.003","0.625","-0.078"
"668317","1","-2.312","-1.406","0.982"
"668321","1","-2.644","-1.393","1.900"
"668321","2","-0.426","0.519","-0.103"
"668325","1","-3.273","-2.749","2.564"
"668326","2","-0.414","0.300","0.034"
"668330","2","-0.341","0.161","0.148"
"668331","1","-3.545","-4.876","2.783"
"668335","2","-0.184","0.121","0.134"
"668341","2","0.111","0.093","0.005"
"668342","1","-3.586","-5.922","3.390"
"668345","2","0.361","0.060","-0.151"
"668346","1","-3.144","-5.300","3.693"
"668350","2","0.470","0.014","-0.260"
"668351","1","-2.553","-4.072","3.486"
"668355","1","-1.917","-2.680","2.916"
"668356","2","0.473","-0.042","-0.304"
"668360","2","0.404","-0.100","-0.306"
"668367","2","0.282","-0.157","-0.301"
"668368","1","-0.828","-0.515","1.218"
"668369","2","0.156","-0.207","-0.289"
"668370","1","-0.306","0.200","0.462"
"668375","2","0.045","-0.243","-0.255"
"668376","1","0.189","0.727","-0.231"
"668380","2","-0.031","-0.260","-0.212"
"668380","1","0.427","1.035","-0.708"
"668384","1","0.486","1.235","-0.957"
"668385","2","-0.072","-0.267","-0.178"
"668391","1","0.583","1.462","-1.252"
"668395","2","-0.079","-0.257","-0.136"
"668404","2","-0.059","-0.228","-0.132"
"668405","1","0.560","2.128","-0.839"
"668409","2","-0.144","-0.213","-0.141"
"668410","1","0.769","2.088","-0.582"
"668414","2","-0.199","-0.211","-0.111"
"668415","1","1.077","2.438","-0.664"
"668419","1","1.102","2.531","-0.646"
"668419","2","-0.215","-0.222","-0.053"
"668427","1","1.132","2.240","-0.709"
"668429","2","-0.147","-0.184","0.060"
"668430","1","1.171","1.876","-0.709"
"668434","2","-0.015","-0.154","0.104"
"668435","1","1.193","1.571","-0.575"
"668439","2","0.143","-0.098","0.136"
"668440","1","1.249","1.162","-0.382"
"668444","1","1.354","0.764","-0.141"
"668445","2","0.285","-0.037","0.164"
"668449","2","0.398","0.014","0.202"
"668454","2","0.481","0.062","0.242"
"668454","1","1.461","0.824","0.228"
"668459","2","0.511","0.114","0.258"
"668459","1","1.423","0.878","0.138"
"668464","2","0.477","0.161","0.242"
"668464","1","1.372","0.820","0.107"
"668468","1","1.455","0.815","-0.016"
"668469","2","0.399","0.208","0.220"
"668474","2","0.302","0.267","0.221"
"668474","1","1.593","0.920","-0.233"
"668481","2","0.220","0.312","0.241"
"668485","1","1.223","0.696","-0.477"
"668486","2","0.163","0.326","0.255"
"668488","2","0.133","0.341","0.255"
"668489","1","0.820","0.255","-0.807"
"668493","2","0.156","0.401","0.250"
"668494","1","0.358","0.288","-1.882"
"668498","2","0.271","0.512","0.219"
"668499","1","-0.445","0.472","-2.031"
"668503","1","-1.223","-0.681","-0.714"
"668508","2","-0.113","0.570","-0.117"
"668509","1","-1.475","-2.150","0.074"
"668513","2","-0.398","0.490","-0.199"
"668514","1","-1.878","-2.661","0.794"
"668518","1","-2.251","-3.303","1.064"
"668519","2","-0.451","0.339","-0.118"
"668523","2","-0.392","0.265","-0.022"
"668524","1","-2.394","-4.430","1.003"
"668528","1","-2.625","-5.276","1.398"
"668528","2","-0.257","0.249","-0.048"
"668535","2","-0.096","0.217","-0.174"
"668539","1","-2.555","-4.667","2.161"
"668539","2","0.023","0.175","-0.305"
"668543","2","0.052","0.139","-0.384"
"668543","1","-1.936","-3.397","2.062"
"668548","2","-0.001","0.086","-0.402"
"668548","1","-1.344","-1.912","1.801"
"668553","2","-0.088","-0.020","-0.393"
"668553","1","-0.966","-0.729","1.360"
"668557","2","-0.185","-0.133","-0.376"
"668563","2","-0.248","-0.215","-0.348"
"668564","1","-0.180","0.122","0.207"
"668567","2","-0.242","-0.291","-0.328"
"668568","1","0.020","0.058","-0.306"
"668572","1","0.215","0.212","-0.929"
"668573","2","-0.139","-0.353","-0.301"
"668577","1","0.267","0.477","-0.835"
"668578","2","0.061","-0.370","-0.266"
"668582","2","0.261","-0.372","-0.269"
"668582","1","0.478","0.763","-0.627"
"668589","1","0.792","1.311","-0.815"
"668593","2","0.504","-0.378","-0.301"
"668594","1","1.031","1.829","-0.778"
"668597","2","0.572","-0.378","-0.301"
"668598","1","1.221","1.990","-0.554"
"668602","2","0.584","-0.371","-0.283"
"668603","1","1.228","1.934","-0.349"
"668607","2","0.589","-0.371","-0.259"
"668607","1","1.170","1.668","-0.225"
"668612","1","1.248","1.369","-0.009"
"668617","2","0.687","-0.313","-0.169"
"668618","1","1.261","1.204","0.171"
"668622","2","0.772","-0.271","-0.108"
"668622","1","1.158","1.147","0.224"
"668626","1","1.088","1.229","0.108"
"668627","2","0.849","-0.232","-0.050"
"668632","2","0.872","-0.175","0.008"
"668636","1","1.125","1.468","-0.057"
"668637","2","0.821","-0.100","0.054"
"668641","2","0.698","-0.020","0.091"
"668646","2","0.518","0.061","0.129"
"668647","1","1.326","2.223","-0.664"
"668651","2","0.315","0.135","0.171"
"668652","1","1.512","2.396","-1.092"
"668656","2","0.125","0.219","0.213"
"668657","1","1.620","2.305","-1.567"
"668661","2","-0.023","0.314","0.256"
"668662","1","1.683","2.189","-1.903"
"668666","1","1.643","2.094","-1.992"
"668667","2","-0.117","0.406","0.298"
"668673","2","-0.176","0.495","0.332"
"668676","1","1.175","1.731","-1.671"
"668676","2","-0.216","0.568","0.348"
"668682","2","-0.240","0.609","0.361"
"668682","1","0.721","1.471","-1.469"
"668686","1","0.149","1.064","-1.569"
"668686","2","-0.249","0.611","0.384"
"668691","2","-0.193","0.664","0.419"
"668691","1","-0.608","1.060","-2.828"
"668695","2","-0.041","0.717","0.343"
"668701","1","-2.959","-1.142","0.582"
"668702","2","-0.216","0.689","0.133"
"668706","1","-2.387","-2.714","0.532"
"668706","2","-0.689","0.699","-0.059"
"668710","2","-0.900","0.595","-0.059"
"668711","1","-2.360","-2.199","0.643"
"668715","2","-0.856","0.359","0.095"
"668716","1","-3.092","-2.365","1.568"
"668720","1","-3.215","-3.623","1.356"
"668721","2","-0.790","0.254","0.194"
"668726","1","-3.261","-4.507","1.513"
"668730","1","-3.133","-4.432","1.743"
"668731","2","-0.466","0.165","0.002"
"668735","2","-0.319","0.123","-0.102"
"668736","1","-2.494","-3.612","1.832"
"668740","2","-0.271","0.061","-0.149"
"668740","1","-1.727","-2.469","1.860"
"668745","1","-1.073","-1.411","1.580"
"668745","2","-0.273","-0.056","-0.142"
"668750","2","-0.275","-0.173","-0.111"
"668754","2","-0.250","-0.263","-0.092"
"668755","1","0.011","-0.578","0.273"
"668760","2","-0.161","-0.320","-0.076"
"668760","1","0.429","-0.271","-0.460"
"668765","1","0.638","0.081","-0.705"
"668765","2","-0.013","-0.358","-0.070"
"668770","2","0.121","-0.388","-0.088"
"668770","1","0.829","0.421","-0.737"
"668775","1","1.183","0.850","-0.984"
"668775","2","0.224","-0.400","-0.112"
"668782","1","1.508","1.196","-1.179"
"668784","1","1.799","1.394","-1.196"
"668785","2","0.381","-0.410","-0.127"
"668789","1","2.044","1.505","-1.179"
"668790","2","0.415","-0.391","-0.136"
"668794","1","2.235","1.551","-1.062"
"668796","2","0.428","-0.371","-0.145"
"668799","2","0.427","-0.345","-0.140"
"668800","1","2.331","1.475","-0.827"
"668804","1","2.263","1.214","-0.560"
"668809","1","2.152","0.926","-0.318"
"668811","2","0.436","-0.281","-0.117"
"668814","2","0.496","-0.222","-0.072"
"668815","1","2.103","0.718","-0.177"
"668819","1","1.898","0.632","-0.084"
"668819","2","0.561","-0.150","-0.002"
"668824","2","0.595","-0.080","0.056"
"668824","1","1.626","0.684","-0.027"
"668828","2","0.575","0.006","0.093"
"668829","1","1.466","0.769","-0.007"
"668839","2","0.317","0.192","0.142"
"668839","1","1.308","0.925","-0.258"
"668844","2","0.125","0.277","0.156"
"668844","1","1.381","1.006","-0.487"
"668849","1","1.418","1.173","-0.717"
"668849","2","-0.064","0.361","0.167"
"668854","2","-0.210","0.428","0.184"
"668854","1","1.372","1.188","-0.810"
"668859","2","-0.304","0.478","0.198"
"668859","1","1.256","0.967","-0.815"
"668872","1","0.869","0.220","-0.434"
"668873","2","-0.405","0.641","0.212"
"668878","2","-0.397","0.649","0.203"
"668879","1","0.405","-0.072","-0.591"
"668883","2","-0.268","0.728","0.241"
"668884","1","-0.099","0.753","-3.615"
"668889","2","-0.098","0.783","0.142"
"668889","1","-1.696","1.716","-2.554"
"668893","2","-0.454","0.739","-0.120"
"668894","1","-3.003","-1.324","1.411"
"668898","2","-1.022","0.720","-0.268"
"668903","2","-1.086","0.551","-0.148"
"668904","1","-1.762","-1.316","0.048"
"668908","1","-2.608","-1.423","1.152"
"668908","2","-0.914","0.338","0.052"
"668913","2","-0.804","0.303","0.105"
"668913","1","-2.671","-3.310","0.728"
"668918","2","-0.583","0.287","0.005"
"668919","1","-2.835","-3.970","1.014"
"668923","1","-2.904","-3.533","1.485"
"668927","2","-0.152","0.186","-0.218"
"668929","1","-2.457","-2.861","1.878"
"668933","2","-0.138","0.130","-0.274"
"668934","1","-1.836","-1.962","2.218"
"668937","1","-1.352","-0.982","2.118"
"668938","2","-0.173","0.016","-0.280"
"668942","1","-0.906","-0.414","1.560"
"668943","2","-0.197","-0.106","-0.255"
"668947","1","-0.380","-0.274","0.837"
"668947","2","-0.170","-0.193","-0.225"
"668952","1","0.096","-0.169","0.133"
"668957","1","0.427","0.064","-0.260"
"668958","2","0.136","-0.282","-0.180"
"668962","1","0.616","0.397","-0.112"
"668962","2","0.315","-0.308","-0.194"
"668967","1","0.824","0.876","-0.092"
"668968","2","0.447","-0.331","-0.215"
"668972","2","0.551","-0.358","-0.218"
"668972","1","1.020","1.499","-0.232"
"668977","1","1.101","1.881","-0.171"
"668982","2","0.619","-0.404","-0.207"
"668983","1","1.151","2.015","-0.084"
"668986","1","1.253","2.066","-0.072"
"668987","2","0.590","-0.417","-0.199"
"668992","2","0.545","-0.420","-0.182"
"668993","1","1.340","1.982","-0.021"
"668996","2","0.480","-0.410","-0.159"
"668997","1","1.309","1.753","0.067"
"669001","2","0.416","-0.392","-0.137"
"669002","1","1.235","1.446","0.204"
"669007","2","0.358","-0.362","-0.099"
"669012","2","0.294","-0.324","-0.034"
"669012","1","1.123","0.943","0.253"
"669016","2","0.225","-0.275","0.037"
"669017","1","1.022","0.942","0.127"
"669021","1","0.920","0.916","-0.113"
"669022","2","0.174","-0.212","0.096"
"669026","1","0.854","0.640","-0.361"
"669027","2","0.114","-0.128","0.129"
"669031","2","0.046","-0.031","0.149"
"669036","2","-0.001","0.076","0.177"
"669037","1","1.156","0.280","-1.023"
"669041","2","-0.037","0.182","0.201"
"669041","1","1.235","0.291","-1.308"
"669046","2","-0.073","0.279","0.203"
"669046","1","1.243","0.369","-1.364"
"669051","1","1.299","0.590","-1.320"
"669051","2","-0.107","0.372","0.210"
"669055","1","1.221","0.734","-1.148"
"669056","2","-0.135","0.450","0.222"
"669064","2","-0.152","0.498","0.215"
"669065","2","-0.165","0.538","0.198"
"669066","1","0.727","0.280","-0.721"
"669070","2","-0.174","0.576","0.182"
"669071","1","0.377","-0.115","-0.687"
"669075","1","-0.041","0.088","-2.090"
"669076","2","-0.153","0.583","0.173"
"669080","2","-0.020","0.620","0.197"
"669081","1","-1.053","0.950","-2.212"
"669085","1","-2.133","-0.594","0.308"
"669090","2","0.022","0.663","-0.056"
"669091","1","-1.734","-2.315","0.655"
"669095","2","-0.366","0.656","-0.222"
"669096","1","-1.597","-1.565","0.097"
"669100","1","-2.354","-1.348","1.310"
"669101","2","-0.494","0.535","-0.216"
"669105","1","-2.648","-2.390","1.257"
"669105","2","-0.499","0.372","-0.104"
"669110","2","-0.523","0.290","-0.058"
"669110","1","-3.017","-3.107","1.807"
"669120","2","-0.368","0.116","-0.184"
"669121","1","-2.935","-3.156","2.276"
"669125","1","-2.343","-2.815","2.358"
"669125","2","-0.291","0.043","-0.233"
"669130","1","-1.667","-2.214","2.314"
"669130","2","-0.237","-0.041","-0.253"
"669135","1","-1.045","-1.576","1.909"
"669135","2","-0.178","-0.145","-0.236"
"669139","1","-0.568","-1.175","1.307"
"669140","2","-0.090","-0.234","-0.211"
"669144","2","0.021","-0.285","-0.187"
"669150","2","0.148","-0.316","-0.172"
"669150","1","0.297","-0.538","0.120"
"669154","2","0.275","-0.342","-0.160"
"669155","1","0.610","-0.020","-0.288"
"669159","2","0.401","-0.370","-0.149"
"669160","1","0.727","0.651","-0.615"
"669164","2","0.477","-0.384","-0.162"
"669165","1","0.798","1.080","-0.671"
"669169","1","0.995","1.433","-0.987"
"669173","2","0.499","-0.379","-0.191"
"669175","1","1.186","1.844","-1.140"
"669178","2","0.461","-0.375","-0.180"
"669179","1","1.279","2.040","-1.082"
"669184","1","1.359","2.089","-1.121"
"669184","2","0.398","-0.358","-0.156"
"669189","2","0.336","-0.334","-0.126"
"669189","1","1.361","2.079","-1.090"
"669194","1","1.313","1.930","-0.967"
"669194","2","0.278","-0.300","-0.091"
"669199","1","1.186","1.687","-0.852"
"669204","1","1.007","1.379","-0.664"
"669205","2","0.209","-0.201","-0.013"
"669209","1","0.850","1.095","-0.477"
"669209","2","0.223","-0.142","0.039"
"669213","2","0.259","-0.077","0.105"
"669214","1","0.708","0.826","-0.337"
"669219","1","0.624","0.618","-0.159"
"669219","2","0.295","-0.007","0.169"
"669224","2","0.314","0.072","0.223"
"669228","2","0.303","0.149","0.258"
"669230","1","0.728","0.570","0.011"
"669234","2","0.250","0.213","0.272"
"669234","1","0.790","0.564","-0.004"
"669238","2","0.167","0.271","0.277"
"669239","1","0.874","0.668","-0.046"
"669243","1","0.992","0.826","-0.006"
"669244","2","0.073","0.335","0.290"
"669248","2","-0.040","0.390","0.294"
"669249","1","0.995","0.786","0.162"
"669253","2","-0.163","0.411","0.279"
"669258","2","-0.258","0.402","0.257"
"669259","1","0.569","0.148","0.100"
"669263","2","-0.304","0.391","0.254"
"669264","1","0.274","0.133","-1.426"
"669268","1","-0.598","0.496","-1.845"
"669269","2","-0.225","0.453","0.271"
"669273","1","-1.719","-0.917","-0.207"
"669273","2","-0.111","0.505","0.175"
"669278","1","-1.634","-2.704","-0.076"
"669282","2","-0.804","0.557","-0.249"
"669283","1","-1.515","-2.345","-0.152"
"669287","2","-0.932","0.410","-0.208"
"669288","1","-2.095","-1.797","0.478"
"669292","2","-0.882","0.245","-0.042"
"669293","1","-2.366","-2.465","0.274"
"669297","1","-2.607","-3.270","0.570"
"669298","2","-0.806","0.221","0.011"
"669302","2","-0.646","0.176","-0.072"
"669303","1","-2.718","-3.378","0.993"
"669309","2","-0.425","0.100","-0.169"
"669312","2","-0.237","0.056","-0.235"
"669313","1","-1.848","-2.359","1.270"
"669317","1","-1.337","-1.520","1.204"
"669317","2","-0.113","0.008","-0.266"
"669322","1","-0.805","-0.806","0.868"
"669323","2","-0.003","-0.084","-0.259"
"669327","1","-0.176","-0.406","0.354"
"669327","2","0.104","-0.165","-0.230"
"669332","1","0.384","0.059","-0.328"
"669337","2","0.355","-0.249","-0.166"
"669338","1","0.510","0.436","-0.408"
"669342","1","0.575","0.499","-0.408"
"669343","2","0.483","-0.298","-0.162"
"669347","1","0.907","0.736","-0.755"
"669348","2","0.576","-0.322","-0.184"
"669352","2","0.662","-0.320","-0.200"
"669357","1","1.129","1.150","-0.992"
"669358","2","0.733","-0.311","-0.202"
"669362","2","0.750","-0.296","-0.208"
"669367","2","0.710","-0.274","-0.214"
"669369","1","1.224","1.443","-0.842"
"669372","1","1.278","1.537","-0.788"
"669372","2","0.640","-0.249","-0.196"
"669376","1","1.211","1.471","-0.716"
"669376","2","0.555","-0.211","-0.156"
"669381","2","0.484","-0.165","-0.102"
"669382","1","1.060","1.284","-0.640"
"669386","1","0.930","1.162","-0.554"
"669386","2","0.448","-0.103","-0.031"
"669391","1","0.941","1.162","-0.428"
"669396","2","0.370","0.046","0.104"
"669397","1","0.893","1.235","-0.248"
"669401","1","0.876","1.408","-0.102"
"669402","2","0.288","0.123","0.162"
"669406","2","0.182","0.197","0.214"
"669406","1","0.961","1.603","-0.042"
"669411","2","0.065","0.263","0.252"
"669411","1","1.017","1.604","-0.125"
"669415","1","1.000","1.423","-0.226"
"669420","2","-0.152","0.389","0.296"
"669421","1","0.984","1.178","-0.219"
"669426","1","0.892","0.826","0.155"
"669426","2","-0.228","0.445","0.300"
"669431","1","0.682","0.321","0.690"
"669431","2","-0.321","0.495","0.275"
"669435","1","0.357","-0.140","1.068"
"669436","2","-0.422","0.509","0.225"
"669440","2","-0.503","0.479","0.173"
"669441","1","0.013","-0.556","1.148"
"669446","2","-0.547","0.447","0.170"
"669450","2","-0.408","0.471","0.201"
"669451","1","-0.886","0.069","-1.181"
"669455","2","-0.311","0.477","0.119"
"669456","1","-1.725","-0.998","0.484"
"669460","1","-1.605","-2.702","0.417"
"669461","2","-0.613","0.477","-0.086"
"669465","1","-1.590","-2.784","-0.072"
"669466","2","-0.921","0.428","-0.247"
"669470","1","-2.030","-2.587","0.437"
"669475","2","-0.893","0.110","-0.095"
"669476","1","-2.039","-3.126","0.286"
"669480","2","-0.765","0.082","-0.058"
"669480","1","-2.041","-3.677","0.455"
"669485","2","-0.561","0.019","-0.125"
"669485","1","-2.089","-3.575","1.014"
"669490","1","-1.852","-2.989","1.496"
"669490","2","-0.344","-0.047","-0.208"
"669494","1","-1.369","-2.258","1.804"
"669495","2","-0.205","-0.108","-0.285"
"669500","2","-0.148","-0.185","-0.322"
"669504","2","-0.105","-0.284","-0.321"
"669505","1","-0.310","-0.659","1.369"
"669509","2","-0.085","-0.358","-0.309"
"669510","1","0.267","-0.355","1.082"
"669514","1","0.703","-0.114","0.499"
"669515","2","-0.065","-0.422","-0.294"
"669519","2","0.024","-0.491","-0.270"
"669520","1","0.938","0.169","0.029"
"669524","2","0.177","-0.537","-0.248"
"669529","2","0.329","-0.539","-0.247"
"669530","1","1.260","0.346","-0.604"
"669534","2","0.456","-0.514","-0.271"
"669535","1","1.424","0.664","-0.781"
"669539","2","0.547","-0.506","-0.297"
"669540","1","1.496","1.147","-0.802"
"669544","2","0.607","-0.500","-0.297"
"669544","1","1.573","1.553","-0.782"
"669549","2","0.620","-0.471","-0.290"
"669549","1","1.644","1.811","-0.783"
"669556","1","1.677","1.963","-0.780"
"669558","2","0.518","-0.419","-0.270"
"669559","1","1.684","2.019","-0.758"
"669564","2","0.451","-0.381","-0.239"
"669564","1","1.667","1.962","-0.729"
"669569","2","0.395","-0.337","-0.194"
"669570","1","1.561","1.833","-0.757"
"669574","2","0.375","-0.281","-0.134"
"669574","1","1.411","1.603","-0.832"
"669578","2","0.385","-0.208","-0.060"
"669583","2","0.404","-0.126","0.007"
"669584","1","0.896","1.149","-0.811"
"669589","2","0.400","-0.034","0.068"
"669589","1","0.817","1.167","-0.767"
"669593","2","0.358","0.067","0.113"
"669598","1","0.835","1.401","-0.763"
"669599","2","0.290","0.162","0.151"
"669603","2","0.204","0.238","0.184"
"669604","1","0.819","1.598","-0.741"
"669608","2","0.123","0.308","0.213"
"669613","2","0.061","0.371","0.233"
"669613","1","0.595","1.460","-0.768"
"669618","2","0.022","0.431","0.244"
"669619","1","0.494","1.068","-0.559"
"669623","2","-0.004","0.494","0.234"
"669623","1","0.380","0.570","-0.388"
"669628","1","0.142","0.109","-0.257"
"669628","2","-0.014","0.525","0.197"
"669633","2","-0.016","0.531","0.147"
"669633","1","-0.189","-0.350","-0.110"
"669638","2","-0.022","0.561","0.129"
"669643","2","0.103","0.662","0.141"
"669643","1","-0.849","0.333","-3.204"
"669647","2","0.167","0.723","-0.009"
"669648","1","-2.192","0.312","-1.574"
"669652","1","-2.434","-1.883","0.628"
"669653","2","-0.304","0.718","-0.274"
"669657","1","-1.629","-1.740","-0.143"
"669658","2","-0.877","0.685","-0.348"
"669662","1","-1.861","0.030","-0.087"
"669667","2","-0.970","0.276","0.021"
"669668","1","-2.596","-0.875","0.916"
"669672","2","-1.026","0.210","0.048"
"669673","1","-2.815","-2.746","1.058"
"669677","1","-2.970","-3.268","1.476"
"669678","2","-0.903","0.133","-0.026"
"669682","1","-2.689","-3.068","1.751"
"669683","2","-0.662","0.048","-0.086"
"669687","2","-0.478","0.001","-0.118"
"669688","1","-1.934","-2.769","1.884"
"669692","1","-1.163","-2.193","1.824"
"669697","2","-0.218","-0.186","-0.127"
"669698","1","-0.510","-1.426","1.412"
"669702","2","-0.066","-0.266","-0.093"
"669702","1","0.096","-0.756","0.696"
"669707","1","0.468","-0.206","0.061"
"669707","2","0.093","-0.299","-0.074"
"669711","2","0.232","-0.343","-0.096"
"669712","1","0.585","0.220","-0.126"
"669716","1","0.804","0.591","-0.272"
"669721","2","0.397","-0.386","-0.148"
"669722","1","1.130","0.947","-0.543"
"669726","2","0.469","-0.386","-0.152"
"669727","1","1.351","1.159","-0.798"
"669731","2","0.526","-0.371","-0.152"
"669732","1","1.508","1.184","-0.905"
"669736","2","0.561","-0.334","-0.152"
"669737","1","1.654","1.157","-0.863"
"669741","2","0.575","-0.288","-0.148"
"669742","1","1.693","1.137","-0.734"
"669747","1","1.633","1.098","-0.552"
"669751","2","0.607","-0.188","-0.094"
"669752","1","1.497","1.043","-0.409"
"669756","2","0.595","-0.121","-0.029"
"669757","1","1.416","1.111","-0.337"
"669761","2","0.552","-0.044","0.032"
"669761","1","1.430","1.403","-0.343"
"669766","2","0.467","0.042","0.083"
"669766","1","1.521","1.857","-0.321"
"669771","1","1.592","2.320","-0.297"
"669775","2","0.157","0.180","0.181"
"669776","1","1.570","2.509","-0.404"
"669781","1","1.532","2.404","-0.452"
"669781","2","-0.021","0.232","0.231"
"669786","1","1.474","2.150","-0.449"
"669787","2","-0.171","0.281","0.270"
"669791","2","-0.257","0.336","0.299"
"669792","1","1.387","1.824","-0.332"
"669796","2","-0.296","0.385","0.312"
"669796","1","1.212","1.273","0.006"
"669805","1","0.880","0.610","0.211"
"669806","2","-0.328","0.408","0.282"
"669806","1","0.493","0.029","0.257"
"669810","2","-0.311","0.389","0.272"
"669811","1","0.129","-0.100","-0.998"
"669815","2","-0.211","0.409","0.309"
"669818","1","-0.591","1.069","-2.525"
"669820","2","0.023","0.482","0.289"
"669820","1","-2.134","-0.409","0.135"
"669825","2","-0.059","0.475","0.055"
"669832","2","-0.531","0.456","-0.202"
"669832","1","-1.417","-2.786","0.285"
"669835","2","-0.726","0.372","-0.200"
"669840","2","-0.605","0.185","-0.037"
"669841","1","-2.139","-1.776","1.277"
"669845","2","-0.568","0.138","0.032"
"669845","1","-2.522","-3.518","1.415"
"669850","2","-0.482","0.161","-0.012"
"669850","1","-2.350","-4.325","0.983"
"669855","2","-0.256","0.139","-0.087"
"669860","2","-0.114","0.139","-0.172"
"669860","1","-2.191","-2.630","1.005"
"669866","2","-0.127","0.146","-0.268"
"669868","1","-1.772","-2.049","1.125"
"669869","2","-0.189","0.115","-0.317"
"669870","1","-1.215","-1.025","0.761"
"669875","2","-0.214","0.051","-0.290"
"669875","1","-0.725","0.015","0.120"
"669879","2","-0.205","-0.001","-0.246"
"669880","1","-0.365","0.404","-0.167"
"669887","2","-0.142","-0.036","-0.214"
"669889","2","-0.007","-0.059","-0.186"
"669890","1","0.134","0.498","-0.352"
"669894","1","0.172","0.691","-0.309"
"669896","2","0.187","-0.073","-0.168"
"669899","2","0.384","-0.077","-0.168"
"669900","1","0.098","0.791","0.012"
"669904","2","0.543","-0.060","-0.186"
"669905","1","0.195","0.864","0.182"
"669909","2","0.670","-0.050","-0.201"
"669914","2","0.777","-0.054","-0.193"
"669914","1","0.352","1.227","0.626"
"669919","2","0.848","-0.049","-0.171"
"669919","1","0.323","1.278","0.693"
"669924","2","0.882","-0.033","-0.144"
"669924","1","0.247","1.253","0.663"
"669929","2","0.886","-0.007","-0.105"
"669929","1","0.267","1.214","0.516"
"669933","1","0.385","1.279","0.306"
"669934","2","0.849","0.037","-0.048"
"669939","1","0.494","1.441","0.111"
"669944","1","0.612","1.696","-0.009"
"669944","2","0.584","0.157","0.028"
"669948","2","0.396","0.206","0.070"
"669949","1","0.734","1.974","-0.094"
"669953","2","0.220","0.246","0.123"
"669954","1","0.749","1.978","-0.230"
"669958","2","0.061","0.301","0.157"
"669959","1","0.683","1.613","-0.325"
"669963","2","-0.072","0.364","0.160"
"669968","2","-0.177","0.432","0.151"
"669969","1","0.668","0.707","0.125"
"669973","2","-0.282","0.488","0.138"
"669974","1","0.628","0.353","0.423"
"669978","2","-0.370","0.501","0.113"
"669979","1","0.370","-0.033","0.703"
"669983","2","-0.418","0.474","0.095"
"669984","1","0.064","-0.504","0.711"
"669988","2","-0.414","0.461","0.112"
"669988","1","-0.221","-0.320","-0.748"
"669995","1","-1.060","-0.105","-0.808"
"669998","2","-0.068","0.531","0.058"
"669998","1","-1.668","-1.652","0.320"
"670003","2","-0.264","0.551","-0.164"
"670004","1","-1.399","-2.797","-0.052"
"670008","2","-0.485","0.559","-0.321"
"670008","1","-1.356","-2.064","-0.054"
"670012","2","-0.456","0.446","-0.297"
"670013","1","-1.473","-1.735","0.308"
"670017","2","-0.401","0.343","-0.187"
"670022","2","-0.338","0.293","-0.141"
"670023","1","-1.534","-2.692","0.949"
"670027","2","-0.208","0.225","-0.193"
"670028","1","-1.681","-2.913","1.691"
"670032","1","-1.623","-2.825","2.375"
"670033","2","-0.085","0.158","-0.282"
"670037","1","-1.266","-2.221","2.778"
"670037","2","-0.022","0.113","-0.367"
"670042","1","-0.923","-1.399","2.848"
"670042","2","-0.017","0.057","-0.412"
"670049","1","-0.673","-0.926","2.657"
"670052","2","-0.089","-0.112","-0.434"
"670052","1","-0.419","-0.737","2.107"
"670057","2","-0.123","-0.159","-0.451"
"670057","1","-0.311","-0.477","1.440"
"670062","2","-0.112","-0.192","-0.479"
"670062","1","-0.491","-0.353","1.622"
"670067","1","-0.576","-0.364","1.489"
"670067","2","-0.096","-0.232","-0.521"
"670072","2","-0.102","-0.248","-0.571"
"670076","2","-0.116","-0.249","-0.615"
"670082","2","-0.113","-0.261","-0.632"
"670082","1","-0.612","-0.038","1.420"
"670086","2","-0.109","-0.255","-0.640"
"670087","1","-0.663","0.185","1.395"
"670091","1","-0.769","0.133","1.472"
"670092","2","-0.124","-0.242","-0.653"
"670096","2","-0.142","-0.238","-0.671"
"670097","1","-0.960","0.040","1.616"
"670101","1","-1.189","-0.028","1.829"
"670106","1","-1.370","-0.051","1.949"
"670107","2","-0.164","-0.212","-0.688"
"670111","1","-1.488","0.110","2.085"
"670112","2","-0.147","-0.197","-0.672"
"670116","2","-0.120","-0.183","-0.640"
"670117","1","-1.597","0.382","2.232"
"670121","2","-0.093","-0.171","-0.605"
"670122","1","-1.663","0.615","2.364"
"670126","2","-0.062","-0.158","-0.571"
"670126","1","-1.685","0.890","2.422"
"670131","1","-1.656","1.222","2.409"
"670136","2","-0.015","-0.120","-0.502"
"670137","1","-1.569","1.570","2.483"
"670141","1","-1.441","1.971","2.613"
"670141","2","-0.027","-0.106","-0.467"
"670145","1","-1.297","2.302","2.784"
"670146","2","-0.070","-0.112","-0.436"
"670150","1","-1.130","2.504","2.914"
"670151","2","-0.146","-0.121","-0.401"
"670155","1","-0.899","2.693","2.884"
"670160","2","-0.311","-0.145","-0.299"
"670161","1","-0.673","2.865","2.771"
"670165","2","-0.365","-0.172","-0.234"
"670166","1","-0.412","2.967","2.710"
"670170","1","-0.097","2.992","2.660"
"670171","2","-0.391","-0.200","-0.157"
"670175","1","0.192","2.977","2.618"
"670176","2","-0.406","-0.221","-0.079"
"670180","1","0.446","2.913","2.715"
"670181","2","-0.415","-0.245","-0.014"
"670185","2","-0.418","-0.279","0.042"
"670190","2","-0.409","-0.325","0.102"
"670191","1","0.628","2.582","3.190"
"670195","1","0.634","2.431","3.345"
"670196","2","-0.370","-0.386","0.169"
"670200","1","0.687","2.305","3.487"
"670200","2","-0.297","-0.453","0.241"
"670205","1","0.793","2.162","3.645"
"670206","2","-0.206","-0.524","0.308"
"670210","1","0.935","2.074","3.810"
"670214","2","-0.044","-0.693","0.409"
"670215","1","1.117","2.023","3.944"
"670220","2","0.017","-0.787","0.447"
"670221","1","1.316","1.993","4.030"
"670226","1","1.483","1.956","4.073"
"670227","2","0.058","-0.892","0.488"
"670230","2","0.082","-1.004","0.529"
"670230","1","1.625","1.895","4.016"
"670234","2","0.080","-1.121","0.569"
"670235","1","1.805","1.793","3.875"
"670240","1","2.032","1.623","3.703"
"670245","2","-0.014","-1.373","0.638"
"670245","1","2.266","1.477","3.405"
"670249","1","2.480","1.372","2.980"
"670250","2","-0.085","-1.502","0.681"
"670254","1","2.665","1.287","2.439"
"670255","2","-0.157","-1.622","0.728"
"670259","1","2.798","1.173","1.834"
"670260","2","-0.232","-1.733","0.773"
"670264","2","-0.305","-1.842","0.822"
"670269","2","-0.374","-1.935","0.869"
"670269","1","2.960","1.007","0.427"
"670274","1","3.011","1.046","-0.266"
"670275","2","-0.448","-2.002","0.901"
"670279","1","3.003","1.081","-0.838"
"670280","2","-0.534","-2.047","0.921"
"670284","1","2.987","1.152","-1.268"
"670284","2","-0.641","-2.074","0.929"
"670289","1","2.983","1.297","-1.557"
"670290","2","-0.765","-2.089","0.940"
"670294","2","-0.891","-2.097","0.962"
"670299","1","3.003","1.850","-1.907"
"670300","2","-1.005","-2.099","0.998"
"670310","1","2.747","2.470","-2.482"
"670311","2","-1.171","-2.090","1.099"
"670313","2","-1.238","-2.067","1.145"
"670325","2","-1.381","-2.012","1.170"
"670325","1","2.246","2.871","-2.769"
"670328","1","2.034","2.910","-2.682"
"670329","2","-1.470","-1.997","1.169"
"670334","1","1.971","2.728","-2.539"
"670338","2","-1.559","-1.967","1.212"
"670338","1","1.989","2.338","-2.477"
"670343","2","-1.486","-1.938","1.246"
"670344","1","1.917","1.759","-2.479"
"670348","1","1.812","1.070","-2.558"
"670348","2","-1.311","-1.901","1.266"
"670353","2","-1.047","-1.854","1.259"
"670353","1","1.596","0.241","-2.701"
"670357","2","-0.716","-1.791","1.211"
"670364","2","-0.366","-1.707","1.108"
"670365","1","0.579","-1.739","-3.066"
"670368","2","-0.033","-1.618","0.955"
"670368","1","-0.109","-2.834","-3.255"
"670373","2","0.288","-1.547","0.785"
"670373","1","-0.790","-3.679","-3.419"
"670377","2","0.614","-1.501","0.634"
"670378","1","-1.351","-4.054","-3.513"
"670382","2","0.935","-1.481","0.531"
"670383","1","-1.711","-3.972","-3.529"
"670390","1","-1.833","-3.577","-3.526"
"670392","2","1.433","-1.419","0.488"
"670393","1","-1.779","-3.016","-3.433"
"670398","2","1.573","-1.353","0.512"
"670398","1","-1.582","-2.415","-3.212"
"670402","2","1.619","-1.268","0.534"
"670403","1","-1.355","-1.891","-2.955"
"670407","2","1.588","-1.177","0.531"
"670408","1","-1.151","-1.455","-2.777"
"670412","2","1.504","-1.088","0.518"
"670417","2","1.388","-0.997","0.510"
"670417","1","-0.940","-0.759","-2.642"
"670422","2","1.256","-0.910","0.511"
"670422","1","-0.906","-0.469","-2.651"
"670427","2","1.130","-0.827","0.532"
"670427","1","-0.883","-0.145","-2.747"
"670432","2","1.021","-0.744","0.566"
"670432","1","-0.905","0.144","-2.920"
"670437","1","-0.970","0.314","-3.077"
"670438","2","0.933","-0.658","0.609"
"670444","2","0.858","-0.579","0.644"
"670446","2","0.786","-0.501","0.664"
"670447","1","-1.152","0.239","-3.061"
"670452","2","0.721","-0.433","0.667"
"670452","1","-1.289","0.143","-3.011"
"670456","2","0.668","-0.382","0.658"
"670457","1","-1.424","0.022","-2.902"
"670461","1","-1.552","-0.175","-2.732"
"670462","2","0.627","-0.340","0.644"
"670466","2","0.572","-0.302","0.627"
"670471","2","0.489","-0.261","0.608"
"670472","1","-1.893","-0.996","-2.358"
"670476","2","0.383","-0.210","0.577"
"670477","1","-2.079","-1.475","-2.255"
"670481","1","-2.275","-1.839","-2.322"
"670482","2","0.270","-0.146","0.529"
"670486","2","0.184","-0.078","0.466"
"670487","1","-2.508","-2.110","-2.439"
"670491","1","-2.767","-2.294","-2.477"
"670491","2","0.152","-0.026","0.399"
"670497","1","-2.937","-2.317","-2.397"
"670501","2","0.258","0.030","0.294"
"670501","1","-2.895","-2.166","-2.359"
"670506","2","0.367","0.075","0.275"
"670507","1","-2.787","-1.916","-2.238"
"670511","2","0.484","0.122","0.268"
"670511","1","-2.660","-1.598","-2.046"
"670516","2","0.587","0.165","0.267"
"670516","1","-2.481","-1.239","-1.726"
"670521","2","0.657","0.204","0.265"
"670525","2","0.686","0.229","0.252"
"670526","1","-2.322","-0.566","-1.105"
"670531","2","0.665","0.244","0.231"
"670531","1","-2.214","-0.270","-0.860"
"670536","2","0.611","0.244","0.213"
"670536","1","-2.035","0.011","-0.761"
"670540","2","0.539","0.242","0.206"
"670541","1","-1.827","0.119","-0.698"
"670546","2","0.451","0.236","0.209"
"670546","1","-1.678","0.092","-0.700"
"670553","1","-1.463","0.035","-0.683"
"670554","2","0.272","0.216","0.199"
"670560","2","0.200","0.203","0.192"
"670561","1","-1.278","-0.016","-0.703"
"670565","2","0.143","0.197","0.184"
"670566","1","-1.117","-0.135","-0.686"
"670570","1","-1.009","-0.291","-0.730"
"670571","2","0.108","0.188","0.173"
"670575","2","0.094","0.177","0.154"
"670576","1","-0.961","-0.417","-0.839"
"670582","1","-0.925","-0.544","-0.887"
"670584","2","0.142","0.163","0.111"
"670585","1","-0.824","-0.526","-0.930"
"670590","2","0.174","0.176","0.093"
"670590","1","-0.703","-0.425","-0.864"
"670594","2","0.188","0.200","0.078"
"670595","1","-0.579","-0.300","-0.725"
"670599","1","-0.485","-0.138","-0.626"
"670600","2","0.172","0.218","0.067"
"670604","2","0.136","0.222","0.058"
"670609","2","0.082","0.208","0.051"
"670609","1","-0.476","0.283","-0.299"
"670614","1","-0.443","0.400","-0.196"
"670615","2","0.017","0.180","0.048"
"670619","1","-0.371","0.426","-0.144"
"670620","2","-0.044","0.147","0.054"
"670624","2","-0.086","0.113","0.066"
"670624","1","-0.295","0.416","-0.068"
"670629","2","-0.110","0.083","0.072"
"670629","1","-0.238","0.326","-0.014"
"670634","2","-0.122","0.059","0.072"
"670639","2","-0.117","0.039","0.060"
"670640","1","-0.215","-0.034","0.089"
"670644","2","-0.094","0.017","0.040"
"670645","1","-0.244","-0.194","0.119"
"670649","2","-0.055","0.002","0.026"
"670649","1","-0.257","-0.339","0.084"
"670654","2","-0.012","-0.005","0.014"
"670655","1","-0.236","-0.426","0.020"
"670659","2","0.033","-0.010","0.010"
"670663","2","0.070","-0.017","0.011"
"670664","1","-0.157","-0.429","-0.172"
"670669","2","0.089","-0.025","0.013"
"670669","1","-0.053","-0.348","-0.236"
"670673","2","0.092","-0.034","0.010"
"670674","1","0.075","-0.301","-0.245"
"670678","1","0.171","-0.256","-0.226"
"670679","2","0.071","-0.038","0.001"
"670683","2","0.035","-0.037","-0.008"
"670684","1","0.272","-0.197","-0.232"
"670690","2","-0.006","-0.034","-0.022"
"670693","2","-0.041","-0.034","-0.040"
"670694","1","0.306","-0.193","-0.210"
"670698","2","-0.062","-0.031","-0.058"
"670699","1","0.193","-0.297","-0.153"
"670703","2","-0.067","-0.023","-0.071"
"670704","1","0.079","-0.405","-0.121"
"670708","1","0.006","-0.474","-0.099"
"670708","2","-0.055","-0.009","-0.071"
"670713","2","-0.026","0.002","-0.058"
"670718","2","0.010","0.011","-0.048"
"670718","1","-0.140","-0.524","0.012"
"670723","2","0.046","0.014","-0.044"
"670723","1","-0.166","-0.484","0.025"
"670728","1","-0.112","-0.370","0.041"
"670728","2","0.075","0.017","-0.039"
"670733","2","0.097","0.016","-0.036"
"670733","1","-0.050","-0.228","0.020"
"670737","2","0.109","0.013","-0.029"
"670738","1","0.007","-0.088","-0.058"
"670743","1","0.048","0.058","-0.134"
"670748","2","0.104","0.009","-0.012"
"670749","1","0.091","0.158","-0.132"
"670752","2","0.089","0.010","-0.005"
"670753","1","0.124","0.232","-0.161"
"670757","2","0.068","0.012","0.001"
"670758","1","0.100","0.263","-0.253"
"670762","2","0.042","0.019","0.007"
"670763","1","0.040","0.253","-0.361"
"670767","2","0.011","0.028","0.012"
"670774","2","-0.023","0.035","0.018"
"670775","1","-0.094","0.261","-0.522"
"670777","2","-0.061","0.046","0.025"
"670778","1","-0.106","0.300","-0.527"
"670782","2","-0.106","0.064","0.031"
"670783","1","-0.133","0.274","-0.536"
"670787","2","-0.167","0.080","0.032"
"670788","1","-0.201","0.197","-0.536"
"670792","1","-0.301","0.191","-0.597"
"670793","2","-0.232","0.095","0.028"
"670802","2","-0.289","0.136","0.027"
"670802","1","-0.455","0.488","-1.098"
"670807","2","-0.268","0.145","0.024"
"670807","1","-0.706","0.594","-0.574"
"670811","1","-0.802","0.211","-0.539"
"670812","2","-0.287","0.144","0.007"
"670816","1","-0.811","-0.032","-0.496"
"670817","2","-0.311","0.151","-0.026"
"670821","2","-0.315","0.142","-0.059"
"670822","1","-0.880","-0.233","0.021"
"670827","1","-0.842","-0.475","0.247"
"670831","2","-0.299","0.120","-0.071"
"670832","1","-0.821","-0.583","0.364"
"670836","2","-0.260","0.103","-0.074"
"670837","1","-0.909","-0.650","0.501"
"670841","2","-0.205","0.081","-0.079"
"670842","1","-0.998","-0.653","0.583"
"670846","1","-1.043","-0.603","0.549"
"670846","2","-0.147","0.063","-0.085"
"670851","2","-0.093","0.044","-0.095"
"670855","2","-0.055","0.020","-0.109"
"670856","1","-1.119","-0.405","0.515"
"670861","1","-1.196","-0.383","0.498"
"670862","2","-0.046","-0.009","-0.125"
"670867","2","-0.061","-0.032","-0.136"
"670869","1","-1.211","-0.365","0.422"
"670871","1","-1.209","-0.349","0.330"
"670872","2","-0.097","-0.051","-0.138"
"670876","2","-0.144","-0.066","-0.141"
"670876","1","-1.257","-0.368","0.239"
"670884","1","-1.344","-0.367","0.118"
"670885","2","-0.245","-0.063","-0.165"
"670886","1","-1.426","-0.311","-0.010"
"670890","2","-0.302","-0.044","-0.181"
"670891","1","-1.529","-0.209","-0.192"
"670895","2","-0.357","-0.036","-0.200"
"670896","1","-1.727","-0.053","-0.438"
"670900","2","-0.406","-0.032","-0.214"
"670901","1","-1.966","0.129","-0.683"
"670905","2","-0.454","-0.029","-0.218"
