"166170","1","0.949","1.266","0.116"
"166171","2","0.239","0.026","-0.399"
"166174","1","0.751","1.132","0.002"
"166174","2","0.226","0.030","-0.429"
"166177","2","0.219","0.028","-0.485"
"166181","1","0.440","0.846","0.096"
"166182","2","0.216","0.028","-0.485"
"166186","2","0.217","0.018","-0.501"
"166187","1","0.351","0.701","0.122"
"166194","1","0.305","0.525","0.022"
"166206","2","0.250","-0.012","-0.509"
"166213","1","0.310","0.820","0.155"
"166214","1","0.393","0.820","0.155"
"166214","2","0.197","-0.090","-0.492"
"166216","2","0.159","-0.114","-0.484"
"166217","1","0.550","1.372","0.087"
"166221","2","0.126","-0.111","-0.500"
"166222","1","0.650","1.639","0.032"
"166227","2","0.081","-0.080","-0.552"
"166227","1","0.678","1.557","0.062"
"166234","2","0.019","-0.032","-0.637"
"166236","2","-0.050","0.028","-0.733"
"166237","1","0.616","0.973","0.062"
"166241","2","-0.098","0.095","-0.823"
"166242","1","0.552","0.887","-0.031"
"166246","2","-0.102","0.153","-0.888"
"166247","1","0.481","0.876","-0.089"
"166251","1","0.380","0.825","-0.095"
"166251","2","-0.079","0.182","-0.934"
"166256","2","-0.057","0.187","-0.965"
"166261","2","-0.043","0.176","-0.982"
"166262","1","0.103","0.475","-0.169"
"166266","2","-0.039","0.159","-0.996"
"166267","1","-0.038","0.342","-0.197"
"166271","1","-0.192","0.209","-0.211"
"166271","2","-0.041","0.150","-1.005"
"166276","2","-0.045","0.151","-1.016"
"166277","1","-0.315","0.043","-0.241"
"166281","2","-0.052","0.159","-1.022"
"166282","1","-0.394","-0.122","-0.269"
"166286","1","-0.453","-0.274","-0.276"
"166292","2","-0.090","0.170","-1.022"
"166292","1","-0.535","-0.435","-0.261"
"166296","2","-0.119","0.165","-1.011"
"166297","1","-0.590","-0.546","-0.286"
"166301","2","-0.149","0.156","-0.989"
"166306","1","-0.653","-0.621","-0.368"
"166307","2","-0.176","0.140","-0.960"
"166311","1","-0.736","-0.732","-0.430"
"166311","2","-0.194","0.128","-0.928"
"166318","1","-0.832","-0.889","-0.478"
"166321","2","-0.200","0.110","-0.862"
"166322","1","-0.891","-1.024","-0.536"
"166326","2","-0.190","0.100","-0.831"
"166326","1","-0.920","-1.147","-0.618"
"166331","2","-0.173","0.091","-0.803"
"166331","1","-0.922","-1.322","-0.688"
"166335","1","-0.963","-1.438","-0.729"
"166336","2","-0.148","0.075","-0.773"
"166340","2","-0.123","0.059","-0.735"
"166346","2","-0.095","0.039","-0.689"
"166347","1","-0.973","-1.489","-0.748"
"166351","2","-0.076","0.019","-0.640"
"166351","1","-1.038","-1.458","-0.668"
"166355","1","-1.083","-1.425","-0.682"
"166356","2","-0.064","-0.000","-0.597"
"166360","2","-0.066","-0.014","-0.555"
"166361","1","-1.111","-1.381","-0.684"
"166365","1","-1.154","-1.359","-0.677"
"166366","2","-0.086","-0.022","-0.521"
"166371","2","-0.115","-0.022","-0.489"
"166376","2","-0.150","-0.015","-0.455"
"166378","1","-1.219","-1.406","-0.533"
"166381","1","-1.229","-1.473","-0.519"
"166381","2","-0.182","-0.011","-0.419"
"166385","1","-1.252","-1.530","-0.557"
"166386","2","-0.212","-0.007","-0.381"
"166390","2","-0.237","-0.005","-0.345"
"166391","1","-1.273","-1.608","-0.587"
"166395","2","-0.257","-0.011","-0.307"
"166400","2","-0.279","-0.016","-0.268"
"166401","1","-1.374","-1.818","-0.630"
"166405","1","-1.427","-1.881","-0.664"
"166406","2","-0.300","-0.025","-0.224"
"166410","1","-1.450","-1.903","-0.708"
"166411","2","-0.315","-0.036","-0.174"
"166415","2","-0.327","-0.048","-0.124"
"166416","1","-1.481","-1.898","-0.703"
"166420","1","-1.512","-1.885","-0.686"
"166421","2","-0.333","-0.062","-0.076"
"166428","2","-0.337","-0.076","-0.032"
"166430","2","-0.339","-0.092","0.007"
"166431","1","-1.539","-1.824","-0.655"
"166435","2","-0.340","-0.107","0.049"
"166436","1","-1.516","-1.744","-0.616"
"166440","2","-0.339","-0.114","0.087"
"166441","1","-1.463","-1.646","-0.586"
"166445","1","-1.390","-1.543","-0.560"
"166445","2","-0.344","-0.123","0.121"
"166450","1","-1.333","-1.461","-0.518"
"166456","1","-1.275","-1.353","-0.456"
"166457","2","-0.359","-0.131","0.182"
"166460","2","-0.360","-0.134","0.206"
"166461","1","-1.222","-1.246","-0.397"
"166465","2","-0.359","-0.136","0.227"
"166465","1","-1.138","-1.178","-0.329"
"166470","1","-1.063","-1.158","-0.317"
"166470","2","-0.361","-0.133","0.245"
"166475","2","-0.362","-0.133","0.264"
"166475","1","-1.020","-1.190","-0.286"
"166483","2","-0.362","-0.131","0.318"
"166486","2","-0.349","-0.131","0.318"
"166486","1","-0.881","-1.203","-0.109"
"166490","1","-0.828","-1.186","-0.070"
"166490","2","-0.326","-0.135","0.355"
"166495","1","-0.821","-1.223","-0.051"
"166496","2","-0.297","-0.137","0.391"
"166500","2","-0.273","-0.140","0.423"
"166500","1","-0.833","-1.287","-0.061"
"166505","1","-0.840","-1.311","-0.058"
"166509","2","-0.233","-0.147","0.472"
"166510","1","-0.874","-1.285","-0.023"
"166515","2","-0.219","-0.151","0.500"
"166516","1","-0.889","-1.214","0.047"
"166520","1","-0.850","-1.069","0.139"
"166520","2","-0.207","-0.160","0.530"
"166525","2","-0.189","-0.167","0.563"
"166525","1","-0.828","-0.874","0.180"
"166530","2","-0.171","-0.172","0.594"
"166531","1","-0.819","-0.694","0.183"
"166538","1","-0.799","-0.543","0.264"
"166540","2","-0.175","-0.174","0.623"
"166541","1","-0.747","-0.410","0.264"
"166545","2","-0.189","-0.169","0.630"
"166546","1","-0.650","-0.278","0.300"
"166550","1","-0.530","-0.146","0.325"
"166550","2","-0.206","-0.160","0.634"
"166555","2","-0.215","-0.146","0.637"
"166555","1","-0.401","-0.051","0.420"
"166560","1","-0.274","0.024","0.510"
"166565","2","-0.204","-0.130","0.638"
"166566","1","-0.146","0.080","0.551"
"166570","2","-0.187","-0.121","0.633"
"166570","1","-0.006","0.144","0.565"
"166574","2","-0.159","-0.117","0.625"
"166575","1","0.120","0.230","0.590"
"166579","1","0.243","0.325","0.646"
"166580","2","-0.126","-0.109","0.614"
"166585","2","-0.094","-0.102","0.604"
"166585","1","0.396","0.444","0.719"
"166592","1","0.535","0.574","0.728"
"166595","2","-0.042","-0.087","0.581"
"166596","1","0.636","0.708","0.667"
"166600","2","-0.027","-0.070","0.566"
"166600","1","0.728","0.792","0.626"
"166605","1","0.828","0.829","0.642"
"166606","2","-0.013","-0.055","0.543"
"166609","2","-0.002","-0.043","0.517"
"166610","1","0.900","0.824","0.641"
"166614","2","0.014","-0.030","0.484"
"166620","1","0.938","0.841","0.498"
"166621","2","0.030","-0.020","0.454"
"166625","2","0.045","-0.012","0.432"
"166625","1","0.884","0.866","0.432"
"166629","1","0.840","0.910","0.427"
"166630","2","0.066","-0.009","0.415"
"166634","2","0.081","-0.017","0.403"
"166635","1","0.758","1.014","0.424"
"166639","1","0.649","1.139","0.335"
"166640","2","0.092","-0.031","0.395"
"166644","1","0.567","1.225","0.193"
"166650","2","0.096","-0.052","0.366"
"166650","1","0.491","1.356","0.130"
"166655","2","0.086","-0.068","0.340"
"166655","1","0.471","1.490","0.213"
"166659","2","0.069","-0.084","0.313"
"166660","1","0.520","1.669","0.317"
"166664","2","0.051","-0.096","0.283"
"166665","1","0.620","1.869","0.371"
"166669","1","0.761","1.986","0.408"
"166675","2","0.021","-0.105","0.212"
"166676","1","0.914","1.945","0.465"
"166680","2","-0.006","-0.092","0.170"
"166680","1","0.994","1.846","0.528"
"166684","1","1.151","1.764","0.613"
"166685","2","-0.031","-0.077","0.120"
"166689","1","1.258","1.661","0.609"
"166690","2","-0.049","-0.051","0.073"
"166694","1","1.369","1.559","0.579"
"166695","2","-0.047","-0.025","0.027"
"166702","2","-0.027","0.017","-0.050"
"166708","1","1.418","1.415","0.709"
"166709","2","0.045","0.024","-0.080"
"166711","1","1.345","1.318","0.762"
"166715","2","0.073","0.027","-0.106"
"166717","1","1.292","1.240","0.755"
"166719","2","0.097","0.037","-0.128"
"166720","1","1.203","1.170","0.725"
"166725","2","0.121","0.044","-0.148"
"166726","1","1.154","1.135","0.710"
"166730","1","1.072","1.171","0.702"
"166735","2","0.161","0.057","-0.175"
"166739","1","1.026","1.203","0.715"
"166740","2","0.180","0.058","-0.190"
"166744","2","0.193","0.058","-0.206"
"166745","1","1.008","1.182","0.703"
"166749","2","0.203","0.061","-0.221"
"166750","1","0.972","1.121","0.658"
"166754","1","0.917","1.044","0.615"
"166755","2","0.211","0.065","-0.235"
"166759","2","0.218","0.067","-0.248"
"166765","2","0.222","0.075","-0.259"
"166766","1","0.815","0.877","0.613"
"166769","2","0.222","0.087","-0.267"
"166770","1","0.747","0.760","0.518"
"166774","2","0.219","0.098","-0.277"
"166775","1","0.654","0.634","0.435"
"166779","1","0.514","0.480","0.319"
"166780","2","0.211","0.106","-0.287"
"166784","1","0.416","0.494","0.266"
"166790","2","0.214","0.117","-0.294"
"166791","1","0.232","0.529","0.315"
"166794","2","0.218","0.112","-0.296"
"166795","1","0.098","0.507","0.297"
"166799","2","0.218","0.109","-0.299"
"166800","1","-0.050","0.407","0.224"
"166804","2","0.220","0.106","-0.301"
"166805","1","-0.155","0.341","0.156"
"166809","2","0.225","0.106","-0.306"
"166809","1","-0.229","0.290","0.045"
"166816","1","-0.281","0.213","-0.115"
"166818","2","0.244","0.102","-0.322"
"166819","1","-0.330","0.136","-0.268"
"166824","2","0.229","0.082","-0.326"
"166825","1","-0.351","0.186","-0.210"
"166829","2","0.206","0.053","-0.323"
"166829","1","-0.267","0.563","0.071"
"166834","2","0.186","0.032","-0.318"
"166834","1","-0.131","1.093","0.174"
"166838","2","0.163","0.028","-0.330"
"166844","2","0.119","0.046","-0.370"
"166844","1","0.127","1.465","0.002"
"166849","2","0.048","0.084","-0.439"
"166849","1","0.225","1.227","-0.059"
"166854","2","-0.026","0.144","-0.517"
"166854","1","0.241","0.937","-0.147"
"166858","2","-0.075","0.210","-0.588"
"166859","1","0.255","0.747","-0.246"
"166863","2","-0.088","0.268","-0.642"
"166864","1","0.238","0.652","-0.316"
"166871","1","0.140","0.578","-0.318"
"166874","1","0.038","0.491","-0.323"
"166875","2","-0.055","0.302","-0.697"
"166879","2","-0.034","0.283","-0.706"
"166879","1","-0.065","0.373","-0.351"
"166884","2","-0.020","0.254","-0.707"
"166884","1","-0.190","0.279","-0.399"
"166888","1","-0.277","0.221","-0.449"
"166889","2","-0.009","0.229","-0.705"
"166893","2","0.006","0.213","-0.702"
"166898","2","0.026","0.202","-0.703"
"166899","1","-0.282","0.081","-0.580"
"166904","2","0.040","0.198","-0.707"
"166905","1","-0.244","0.023","-0.576"
"166908","2","0.053","0.191","-0.712"
"166909","1","-0.200","-0.053","-0.573"
"166913","1","-0.149","-0.123","-0.609"
"166914","2","0.054","0.184","-0.719"
"166918","2","0.041","0.180","-0.727"
"166919","1","-0.096","-0.195","-0.619"
"166924","1","-0.107","-0.301","-0.578"
"166928","2","-0.024","0.186","-0.721"
"166929","1","-0.176","-0.429","-0.587"
"166934","1","-0.277","-0.545","-0.673"
"166934","2","-0.063","0.197","-0.715"
"166938","2","-0.099","0.208","-0.705"
"166939","1","-0.381","-0.650","-0.766"
"166943","2","-0.126","0.214","-0.691"
"166944","1","-0.470","-0.765","-0.793"
"166948","2","-0.140","0.206","-0.672"
"166953","2","-0.138","0.186","-0.651"
"166954","1","-0.602","-0.995","-0.781"
"166958","2","-0.121","0.161","-0.624"
"166959","1","-0.651","-1.106","-0.824"
"166963","2","-0.108","0.128","-0.590"
"166964","1","-0.672","-1.203","-0.850"
"166968","2","-0.093","0.100","-0.555"
"166969","1","-0.687","-1.300","-0.849"
"166973","2","-0.079","0.074","-0.514"
"166974","1","-0.703","-1.364","-0.777"
"166980","2","-0.069","0.050","-0.471"
"166983","1","-0.688","-1.272","-0.588"
"166984","2","-0.068","0.025","-0.431"
"166988","1","-0.660","-1.209","-0.594"
"166989","2","-0.071","0.007","-0.397"
"166993","2","-0.081","-0.005","-0.367"
"166994","1","-0.663","-1.202","-0.628"
"166998","1","-0.668","-1.216","-0.582"
"166998","2","-0.102","-0.008","-0.347"
"167003","2","-0.130","-0.005","-0.329"
"167008","2","-0.156","0.001","-0.314"
"167009","1","-0.643","-1.220","-0.526"
"167013","2","-0.180","0.010","-0.297"
"167014","1","-0.676","-1.244","-0.564"
"167018","2","-0.201","0.014","-0.278"
"167018","1","-0.731","-1.275","-0.623"
"167023","2","-0.224","0.011","-0.259"
"167023","1","-0.780","-1.339","-0.639"
"167028","1","-0.843","-1.350","-0.621"
"167028","2","-0.252","0.005","-0.240"
"167034","2","-0.279","-0.001","-0.214"
"167038","2","-0.308","-0.010","-0.183"
"167039","1","-0.933","-1.258","-0.662"
"167044","2","-0.337","-0.023","-0.151"
"167045","1","-0.976","-1.163","-0.706"
"167048","2","-0.363","-0.034","-0.121"
"167048","1","-0.976","-1.098","-0.734"
"167053","2","-0.384","-0.045","-0.099"
"167054","1","-0.972","-1.025","-0.728"
"167058","2","-0.403","-0.054","-0.083"
"167062","2","-0.419","-0.064","-0.070"
"167064","1","-0.949","-0.877","-0.705"
"167068","2","-0.431","-0.068","-0.062"
"167069","1","-0.904","-0.840","-0.718"
"167073","2","-0.437","-0.067","-0.056"
"167073","1","-0.851","-0.811","-0.733"
"167078","1","-0.874","-0.751","-0.681"
"167078","2","-0.436","-0.065","-0.056"
"167083","1","-0.903","-0.659","-0.600"
"167083","2","-0.425","-0.064","-0.058"
"167089","1","-0.946","-0.647","-0.580"
"167093","2","-0.401","-0.063","-0.064"
"167093","1","-1.028","-0.626","-0.485"
"167098","2","-0.399","-0.070","-0.069"
"167098","1","-1.071","-0.593","-0.422"
"167103","2","-0.402","-0.077","-0.070"
"167103","1","-1.080","-0.592","-0.437"
"167108","2","-0.406","-0.081","-0.064"
"167108","1","-1.084","-0.589","-0.407"
"167113","2","-0.407","-0.087","-0.053"
"167118","2","-0.412","-0.089","-0.039"
"167119","1","-1.110","-0.700","-0.459"
"167122","1","-1.143","-0.737","-0.421"
"167123","2","-0.407","-0.086","-0.020"
"167127","1","-1.150","-0.871","-0.315"
"167128","2","-0.392","-0.083","-0.001"
"167132","1","-1.123","-1.009","-0.224"
"167133","2","-0.382","-0.086","0.022"
"167137","1","-1.118","-1.068","-0.175"
"167138","2","-0.369","-0.097","0.052"
"167142","2","-0.360","-0.112","0.093"
"167148","2","-0.353","-0.130","0.144"
"167149","1","-1.022","-1.252","-0.092"
"167152","1","-0.940","-1.328","0.057"
"167153","2","-0.342","-0.152","0.202"
"167157","2","-0.337","-0.179","0.266"
"167158","1","-0.803","-1.350","0.134"
"167162","2","-0.332","-0.205","0.329"
"167163","1","-0.605","-1.377","0.209"
"167167","2","-0.325","-0.225","0.389"
"167172","1","-0.448","-1.289","0.294"
"167177","2","-0.290","-0.248","0.500"
"167178","1","-0.255","-1.252","0.344"
"167182","1","-0.117","-1.345","0.347"
"167183","2","-0.273","-0.250","0.538"
"167187","2","-0.254","-0.244","0.573"
"167188","1","-0.047","-1.448","0.329"
"167192","2","-0.232","-0.238","0.608"
"167193","1","0.029","-1.540","0.395"
"167197","2","-0.201","-0.237","0.646"
"167202","2","-0.164","-0.238","0.687"
"167203","1","0.103","-1.505","0.400"
"167207","2","-0.120","-0.248","0.729"
"167208","1","0.090","-1.462","0.298"
"167212","1","0.074","-1.360","0.211"
"167213","2","-0.080","-0.270","0.772"
"167217","1","0.043","-1.207","0.188"
"167217","2","-0.048","-0.298","0.810"
"167222","2","-0.017","-0.330","0.849"
"167223","1","0.017","-1.047","0.156"
"167230","1","0.062","-0.799","0.160"
"167234","2","0.042","-0.375","0.921"
"167237","1","0.114","-0.491","0.097"
"167237","2","0.079","-0.387","0.937"
"167242","2","0.116","-0.396","0.940"
"167242","1","0.144","-0.528","0.067"
"167247","2","0.156","-0.405","0.936"
"167247","1","0.166","-0.565","0.040"
"167252","2","0.211","-0.412","0.936"
"167253","1","0.173","-0.403","-0.001"
"167257","2","0.278","-0.421","0.937"
"167262","2","0.343","-0.431","0.938"
"167264","1","0.191","0.124","-0.058"
"167267","2","0.386","-0.448","0.933"
"167268","1","0.157","0.479","-0.054"
"167272","2","0.406","-0.457","0.920"
"167273","1","0.137","0.918","-0.018"
"167277","2","0.402","-0.465","0.894"
"167277","1","0.124","1.426","0.063"
"167282","2","0.368","-0.461","0.860"
"167287","1","0.162","2.317","0.357"
"167288","2","0.308","-0.445","0.806"
"167292","2","0.222","-0.419","0.737"
"167293","1","0.259","2.628","0.547"
"167297","2","0.115","-0.385","0.654"
"167297","1","0.372","2.884","0.713"
"167302","2","0.002","-0.339","0.561"
"167302","1","0.573","3.095","0.876"
"167306","2","-0.104","-0.286","0.464"
"167307","1","0.808","3.246","1.080"
"167312","2","-0.207","-0.230","0.368"
"167317","2","-0.293","-0.169","0.271"
"167318","1","1.289","3.236","1.407"
"167321","2","-0.355","-0.104","0.175"
"167322","1","1.515","3.091","1.461"
"167327","1","1.713","2.851","1.494"
"167327","2","-0.385","-0.035","0.081"
"167331","1","1.882","2.565","1.554"
"167332","2","-0.378","0.031","-0.004"
"167336","2","-0.330","0.091","-0.084"
"167342","2","-0.252","0.137","-0.153"
"167343","1","2.028","1.846","1.447"
"167347","2","-0.162","0.169","-0.209"
"167347","1","1.982","1.474","1.331"
"167351","2","-0.065","0.184","-0.247"
"167352","1","1.865","1.210","1.217"
"167356","2","0.027","0.189","-0.266"
"167357","1","1.690","1.080","1.096"
"167361","2","0.110","0.183","-0.270"
"167362","1","1.472","0.995","1.023"
"167366","1","1.273","0.953","0.986"
"167372","2","0.217","0.143","-0.248"
"167374","1","1.108","0.951","0.891"
"167377","1","0.985","0.972","0.776"
"167378","2","0.233","0.123","-0.241"
"167381","1","0.895","1.011","0.712"
"167382","2","0.224","0.102","-0.235"
"167386","2","0.202","0.082","-0.232"
"167387","1","0.827","1.050","0.702"
"167391","2","0.178","0.068","-0.229"
"167396","2","0.154","0.059","-0.224"
"167397","1","0.791","0.946","0.653"
"167401","2","0.138","0.057","-0.220"
"167402","1","0.752","0.836","0.633"
"167406","2","0.129","0.058","-0.216"
"167407","1","0.690","0.742","0.626"
"167411","1","0.593","0.672","0.605"
"167412","2","0.135","0.058","-0.212"
"167416","2","0.152","0.060","-0.212"
"167417","1","0.462","0.629","0.611"
"167422","1","0.322","0.605","0.602"
"167426","2","0.224","0.061","-0.226"
"167427","1","0.217","0.607","0.592"
"167431","2","0.265","0.061","-0.232"
"167432","1","0.122","0.617","0.627"
"167436","2","0.295","0.060","-0.241"
"167437","1","0.041","0.591","0.662"
"167441","2","0.315","0.060","-0.248"
"167442","1","-0.016","0.567","0.607"
"167446","2","0.327","0.068","-0.253"
"167451","2","0.332","0.087","-0.264"
"167452","1","-0.128","0.489","0.444"
"167456","2","0.334","0.109","-0.279"
"167457","1","-0.153","0.426","0.282"
"167461","2","0.328","0.128","-0.297"
"167461","1","-0.166","0.330","0.177"
"167466","2","0.293","0.135","-0.312"
"167466","1","-0.159","0.347","0.262"
"167471","2","0.226","0.130","-0.320"
"167471","1","-0.135","0.668","0.430"
"167478","1","-0.048","1.166","0.477"
"167482","2","0.097","0.133","-0.325"
"167483","1","0.087","1.489","0.410"
"167486","2","0.048","0.158","-0.355"
"167486","1","0.194","1.462","0.318"
"167491","2","-0.010","0.194","-0.417"
"167491","1","0.240","1.214","0.244"
"167496","2","-0.065","0.247","-0.497"
"167496","1","0.278","0.944","0.168"
"167500","2","-0.096","0.302","-0.569"
"167506","1","0.312","0.605","0.013"
"167506","2","-0.094","0.351","-0.624"
"167511","1","0.297","0.593","-0.069"
"167511","2","-0.064","0.376","-0.665"
"167516","1","0.251","0.585","-0.197"
"167516","2","-0.026","0.378","-0.687"
"167521","1","0.178","0.528","-0.284"
"167521","2","0.019","0.369","-0.699"
"167525","1","0.074","0.495","-0.350"
"167526","2","0.059","0.354","-0.712"
"167533","2","0.080","0.341","-0.731"
"167536","2","0.082","0.331","-0.751"
"167537","1","-0.097","0.389","-0.497"
"167541","2","0.066","0.334","-0.771"
"167541","1","-0.146","0.353","-0.522"
"167545","2","0.032","0.338","-0.788"
"167546","1","-0.169","0.367","-0.538"
"167550","1","-0.182","0.345","-0.529"
"167551","2","-0.011","0.340","-0.800"
"167555","2","-0.057","0.342","-0.809"
"167560","2","-0.104","0.343","-0.817"
"167561","1","-0.122","0.150","-0.715"
"167565","2","-0.154","0.343","-0.827"
"167566","1","-0.121","-0.063","-0.820"
"167570","2","-0.203","0.342","-0.835"
"167571","1","-0.119","-0.223","-0.835"
"167575","2","-0.237","0.340","-0.833"
"167576","1","-0.123","-0.426","-0.814"
"167580","2","-0.259","0.333","-0.825"
"167581","1","-0.153","-0.611","-0.824"
"167591","1","-0.205","-0.907","-1.030"
"167591","2","-0.261","0.305","-0.788"
"167595","2","-0.242","0.284","-0.765"
"167600","2","-0.220","0.258","-0.738"
"167601","1","-0.249","-0.984","-1.072"
"167605","2","-0.199","0.226","-0.708"
"167606","1","-0.343","-1.099","-1.077"
"167610","2","-0.181","0.196","-0.673"
"167611","1","-0.448","-1.173","-1.122"
"167615","2","-0.169","0.166","-0.634"
"167620","2","-0.167","0.140","-0.596"
"167621","1","-0.622","-1.199","-1.201"
"167625","2","-0.174","0.115","-0.558"
"167626","1","-0.736","-1.277","-1.219"
"167630","1","-0.818","-1.395","-1.219"
"167631","2","-0.188","0.089","-0.526"
"167635","2","-0.205","0.062","-0.498"
"167636","1","-0.865","-1.516","-1.258"
"167640","1","-0.912","-1.611","-1.266"
"167641","2","-0.222","0.039","-0.463"
"167648","1","-0.944","-1.724","-1.297"
"167650","2","-0.249","-0.015","-0.379"
"167651","1","-1.009","-1.892","-1.326"
"167655","2","-0.261","-0.043","-0.327"
"167656","1","-1.088","-2.036","-1.310"
"167660","1","-1.138","-2.141","-1.275"
"167661","2","-0.269","-0.076","-0.264"
"167665","1","-1.141","-2.191","-1.196"
"167665","2","-0.273","-0.111","-0.199"
"167670","2","-0.279","-0.145","-0.128"
"167675","2","-0.285","-0.179","-0.068"
"167677","1","-1.172","-2.231","-1.053"
"167680","2","-0.297","-0.204","-0.014"
"167681","1","-1.174","-2.244","-1.047"
"167685","1","-1.180","-2.219","-1.048"
"167686","2","-0.316","-0.220","0.030"
"167690","2","-0.331","-0.221","0.068"
"167690","1","-1.202","-2.157","-1.010"
"167695","1","-1.215","-2.088","-0.993"
"167695","2","-0.348","-0.211","0.103"
"167701","2","-0.366","-0.200","0.136"
"167707","2","-0.384","-0.194","0.167"
"167708","1","-1.265","-1.931","-0.921"
"167710","2","-0.407","-0.192","0.199"
"167711","1","-1.299","-1.851","-0.933"
"167714","2","-0.434","-0.193","0.232"
"167715","1","-1.350","-1.778","-0.951"
"167719","1","-1.395","-1.746","-0.915"
"167720","2","-0.466","-0.204","0.262"
"167724","1","-1.403","-1.711","-0.905"
"167730","1","-1.339","-1.623","-0.858"
"167731","2","-0.517","-0.233","0.338"
"167735","1","-1.233","-1.605","-0.752"
"167735","2","-0.528","-0.250","0.378"
"167740","2","-0.523","-0.276","0.413"
"167740","1","-1.134","-1.638","-0.605"
"167745","2","-0.490","-0.302","0.449"
"167745","1","-0.989","-1.675","-0.519"
"167749","2","-0.430","-0.325","0.489"
"167750","1","-0.824","-1.719","-0.456"
"167758","1","-0.692","-1.776","-0.364"
"167760","1","-0.568","-1.868","-0.258"
"167761","2","-0.270","-0.357","0.559"
"167765","2","-0.187","-0.369","0.593"
"167765","1","-0.508","-1.860","-0.169"
"167769","2","-0.112","-0.378","0.630"
"167770","1","-0.509","-1.753","-0.064"
"167774","2","-0.057","-0.384","0.666"
"167775","1","-0.507","-1.624","0.072"
"167780","2","-0.032","-0.387","0.700"
"167785","2","-0.037","-0.391","0.731"
"167787","1","-0.518","-1.323","0.334"
"167790","2","-0.071","-0.390","0.763"
"167790","1","-0.499","-1.110","0.449"
"167794","1","-0.475","-0.844","0.552"
"167795","2","-0.119","-0.383","0.791"
"167800","2","-0.171","-0.372","0.816"
"167800","1","-0.420","-0.589","0.656"
"167804","2","-0.222","-0.357","0.831"
"167805","1","-0.355","-0.411","0.718"
"167814","1","-0.285","-0.283","0.754"
"167815","2","-0.308","-0.323","0.832"
"167816","1","-0.214","-0.171","0.809"
"167819","1","-0.152","-0.040","0.863"
"167820","2","-0.328","-0.308","0.830"
"167824","1","-0.065","0.128","0.880"
"167825","2","-0.327","-0.293","0.825"
"167829","1","0.015","0.296","0.909"
"167830","2","-0.303","-0.279","0.815"
"167834","2","-0.267","-0.269","0.799"
"167839","2","-0.224","-0.260","0.782"
"167841","1","0.179","0.620","1.018"
"167844","2","-0.175","-0.253","0.757"
"167845","1","0.273","0.767","1.093"
"167849","2","-0.124","-0.242","0.731"
"167850","1","0.375","0.981","1.120"
"167854","2","-0.074","-0.227","0.705"
"167855","1","0.513","1.211","1.123"
"167859","2","-0.033","-0.206","0.675"
"167860","1","0.641","1.411","1.171"
"167867","1","0.736","1.573","1.261"
"167869","2","0.006","-0.157","0.595"
"167870","1","0.860","1.710","1.333"
"167874","1","0.976","1.826","1.331"
"167875","2","0.009","-0.126","0.548"
"167879","2","0.002","-0.092","0.496"
"167880","1","1.073","1.914","1.300"
"167884","1","1.153","2.001","1.286"
"167885","2","-0.006","-0.061","0.445"
"167889","2","-0.011","-0.029","0.393"
"167894","2","-0.025","-0.002","0.348"
"167895","1","1.258","2.051","1.274"
"167899","2","-0.042","0.019","0.305"
"167900","1","1.282","2.014","1.236"
"167904","2","-0.064","0.034","0.271"
"167904","1","1.304","2.003","1.132"
"167909","2","-0.087","0.050","0.241"
"167910","1","1.279","2.037","1.010"
"167914","2","-0.104","0.064","0.210"
"167914","1","1.239","2.062","0.946"
"167922","1","1.204","2.077","0.884"
"167924","2","-0.116","0.080","0.143"
"167925","1","1.144","2.075","0.865"
"167929","2","-0.117","0.084","0.104"
"167930","1","1.115","2.044","0.827"
"167934","2","-0.109","0.084","0.065"
"167935","1","1.136","1.981","0.806"
"167939","2","-0.080","0.083","0.029"
"167939","1","1.152","1.929","0.771"
"167944","2","-0.036","0.077","-0.003"
"167949","2","0.017","0.069","-0.035"
"167950","1","1.191","1.833","0.771"
"167954","1","1.192","1.722","0.825"
"167954","2","0.070","0.060","-0.068"
"167959","2","0.117","0.052","-0.096"
"167959","1","1.239","1.652","0.859"
"167964","2","0.169","0.050","-0.120"
"167964","1","1.245","1.649","0.911"
"167969","2","0.220","0.052","-0.144"
"167969","1","1.276","1.688","0.993"
"167976","1","1.267","1.638","1.055"
"167979","1","1.206","1.517","1.041"
"167980","2","0.308","0.071","-0.201"
"167983","2","0.336","0.089","-0.234"
"167984","1","1.163","1.373","1.050"
"167988","1","1.058","1.208","1.009"
"167989","2","0.351","0.114","-0.271"
"167994","2","0.366","0.143","-0.303"
"167994","1","0.901","1.065","0.955"
"167998","2","0.383","0.172","-0.329"
"168003","2","0.404","0.194","-0.348"
"168005","1","0.550","0.800","0.853"
"168009","2","0.423","0.208","-0.366"
"168009","1","0.314","0.647","0.750"
"168013","2","0.443","0.213","-0.374"
"168014","1","0.117","0.517","0.654"
"168018","2","0.458","0.212","-0.376"
"168019","1","-0.081","0.429","0.509"
"168023","2","0.459","0.204","-0.377"
"168024","1","-0.198","0.295","0.320"
"168034","2","0.371","0.160","-0.356"
"168035","1","-0.266","0.463","0.471"
"168038","2","0.307","0.129","-0.348"
"168040","1","-0.279","1.238","0.815"
"168043","2","0.263","0.123","-0.354"
"168044","1","-0.122","2.095","0.774"
"168048","2","0.211","0.144","-0.400"
"168049","1","0.023","2.412","0.670"
"168053","2","0.134","0.189","-0.493"
"168054","1","0.182","2.292","0.579"
"168061","1","0.321","1.949","0.593"
"168063","2","-0.005","0.333","-0.723"
"168064","1","0.451","1.603","0.604"
"168068","2","-0.019","0.410","-0.814"
"168069","1","0.539","1.417","0.600"
"168073","1","0.586","1.297","0.492"
"168074","2","0.004","0.466","-0.880"
"168078","2","0.049","0.492","-0.925"
"168079","1","0.585","1.164","0.371"
"168083","1","0.478","0.978","0.267"
"168088","2","0.111","0.479","-0.983"
"168089","1","0.307","0.752","0.145"
"168093","2","0.123","0.466","-0.999"
"168094","1","0.197","0.509","0.075"
"168098","2","0.119","0.458","-1.004"
"168098","1","0.071","0.340","-0.059"
"168103","2","0.103","0.461","-1.005"
"168104","1","-0.013","0.220","-0.217"
"168108","1","-0.064","0.082","-0.405"
"168109","2","0.083","0.469","-1.002"
"168113","1","-0.120","-0.068","-0.517"
"168118","2","0.038","0.466","-0.999"
"168119","1","-0.204","-0.197","-0.618"
"168123","2","0.001","0.454","-0.996"
"168124","1","-0.286","-0.366","-0.799"
"168128","2","-0.037","0.439","-0.988"
"168128","1","-0.352","-0.549","-0.964"
"168133","2","-0.085","0.423","-0.974"
"168133","1","-0.413","-0.757","-1.139"
"168138","2","-0.137","0.403","-0.945"
"168143","1","-0.565","-1.105","-1.330"
"168144","2","-0.182","0.378","-0.903"
"168148","2","-0.216","0.346","-0.850"
"168148","1","-0.662","-1.203","-1.422"
"168153","2","-0.233","0.305","-0.796"
"168154","1","-0.751","-1.392","-1.506"
"168158","2","-0.232","0.253","-0.745"
"168158","1","-0.808","-1.627","-1.632"
"168163","2","-0.211","0.196","-0.696"
"168163","1","-0.870","-1.848","-1.776"
"168168","2","-0.162","0.137","-0.648"
"168173","2","-0.096","0.079","-0.599"
"168174","1","-0.942","-2.352","-1.937"
"168178","1","-0.991","-2.630","-1.975"
"168178","2","-0.021","0.021","-0.545"
"168183","1","-1.037","-2.900","-1.966"
"168183","2","0.050","-0.042","-0.490"
"168187","1","-1.064","-3.076","-1.922"
"168188","2","0.104","-0.106","-0.422"
"168192","1","-1.111","-3.149","-1.869"
"168198","2","0.129","-0.226","-0.255"
"168199","1","-1.155","-3.137","-1.784"
"168203","2","0.091","-0.277","-0.165"
"168203","1","-1.199","-3.079","-1.670"
"168207","1","-1.259","-2.991","-1.522"
"168208","2","0.018","-0.315","-0.078"
"168212","2","-0.079","-0.345","0.003"
"168213","1","-1.303","-2.901","-1.392"
"168217","1","-1.318","-2.817","-1.250"
"168218","2","-0.191","-0.367","0.080"
"168224","1","-1.332","-2.734","-1.133"
"168227","2","-0.402","-0.382","0.209"
"168228","1","-1.330","-2.657","-1.044"
"168232","1","-1.313","-2.579","-0.927"
"168233","2","-0.474","-0.386","0.261"
"168238","2","-0.523","-0.386","0.304"
"168238","1","-1.290","-2.470","-0.854"
"168242","1","-1.257","-2.339","-0.814"
"168243","2","-0.542","-0.386","0.343"
"168247","1","-1.208","-2.212","-0.748"
"168253","2","-0.510","-0.378","0.393"
"168254","1","-1.138","-2.059","-0.660"
"168258","2","-0.477","-0.372","0.405"
"168258","1","-1.049","-1.915","-0.576"
"168262","1","-0.935","-1.819","-0.512"
"168263","2","-0.436","-0.363","0.418"
"168267","2","-0.397","-0.356","0.428"
"168268","1","-0.853","-1.777","-0.482"
"168272","2","-0.360","-0.347","0.439"
"168273","1","-0.801","-1.773","-0.501"
"168277","2","-0.324","-0.335","0.454"
"168283","2","-0.286","-0.322","0.476"
"168284","1","-0.731","-1.723","-0.572"
"168287","2","-0.245","-0.314","0.501"
"168287","1","-0.776","-1.732","-0.596"
"168292","2","-0.206","-0.313","0.527"
"168293","1","-0.869","-1.812","-0.613"
"168297","2","-0.173","-0.326","0.558"
"168298","1","-0.942","-1.943","-0.608"
"168302","2","-0.143","-0.350","0.601"
"168307","2","-0.117","-0.382","0.657"
"168308","1","-0.993","-1.983","-0.462"
"168312","2","-0.094","-0.418","0.723"
"168313","1","-0.979","-1.837","-0.392"
"168317","2","-0.076","-0.452","0.791"
"168318","1","-0.943","-1.648","-0.358"
"168322","2","-0.059","-0.480","0.859"
"168323","1","-0.875","-1.493","-0.264"
"168327","2","-0.045","-0.507","0.911"
"168327","1","-0.818","-1.328","-0.149"
"168332","1","-0.718","-1.112","0.007"
"168337","2","-0.040","-0.536","0.974"
"168338","1","-0.595","-0.863","0.137"
"168342","2","-0.047","-0.536","0.995"
"168343","1","-0.425","-0.574","0.236"
"168347","2","-0.054","-0.523","1.008"
"168348","1","-0.280","-0.264","0.296"
"168352","2","-0.061","-0.506","1.008"
"168352","1","-0.185","-0.008","0.350"
"168357","1","-0.079","0.263","0.446"
"168362","2","-0.072","-0.462","0.979"
"168363","1","0.023","0.534","0.569"
"168367","2","-0.074","-0.439","0.950"
"168368","1","0.102","0.762","0.718"
"168372","2","-0.073","-0.416","0.918"
"168374","1","0.222","0.986","0.834"
"168377","2","-0.063","-0.387","0.887"
"168377","1","0.335","1.271","0.914"
"168382","2","-0.031","-0.357","0.853"
"168382","1","0.423","1.501","0.993"
"168390","1","0.495","1.671","1.195"
"168392","2","0.058","-0.295","0.763"
"168393","1","0.559","1.808","1.195"
"168397","1","0.623","1.979","1.332"
"168397","2","0.095","-0.266","0.706"
"168401","2","0.119","-0.240","0.645"
"168402","1","0.701","2.268","1.424"
"168407","2","0.128","-0.214","0.590"
"168407","1","0.771","2.590","1.479"
"168411","1","0.886","2.859","1.536"
"168416","2","0.081","-0.154","0.471"
"168418","1","1.021","3.118","1.683"
"168422","2","0.026","-0.115","0.401"
"168422","1","1.191","3.304","1.768"
"168426","1","1.400","3.474","1.820"
"168427","2","-0.038","-0.063","0.321"
"168431","1","1.587","3.508","1.820"
"168432","2","-0.100","-0.006","0.236"
"168436","1","1.795","3.380","1.785"
"168437","2","-0.152","0.055","0.143"
"168442","1","1.974","3.123","1.756"
"168447","2","-0.222","0.169","-0.047"
"168447","1","2.066","2.772","1.692"
"168451","2","-0.233","0.217","-0.127"
"168452","1","2.094","2.460","1.648"
"168456","2","-0.218","0.258","-0.190"
"168457","1","2.097","2.157","1.548"
"168461","2","-0.171","0.286","-0.235"
"168467","2","-0.099","0.295","-0.267"
"168468","1","2.043","1.877","1.391"
"168474","1","1.913","1.629","1.248"
"168477","2","0.082","0.269","-0.305"
"168478","1","1.793","1.456","1.119"
"168481","1","1.643","1.314","1.075"
"168482","2","0.176","0.237","-0.313"
"168486","2","0.267","0.204","-0.312"
"168487","1","1.502","1.239","1.045"
"168491","1","1.399","1.183","0.978"
"168492","2","0.348","0.173","-0.311"
"168496","2","0.418","0.148","-0.307"
"168501","2","0.480","0.132","-0.307"
"168502","1","1.205","1.149","0.706"
"168506","2","0.521","0.116","-0.313"
"168507","1","1.109","1.127","0.648"
"168511","1","0.999","1.087","0.581"
"168512","2","0.547","0.110","-0.320"
"168516","1","0.887","1.093","0.441"
"168517","2","0.559","0.102","-0.325"
"168521","1","0.723","1.109","0.347"
"168522","2","0.561","0.099","-0.328"
"168529","2","0.553","0.100","-0.333"
"168531","2","0.526","0.099","-0.338"
"168532","1","0.352","1.049","0.325"
"168536","1","0.115","0.911","0.399"
"168537","2","0.467","0.101","-0.343"
"168541","1","-0.129","0.953","0.442"
"168541","2","0.378","0.101","-0.343"
"168546","2","0.283","0.097","-0.349"
"168546","1","-0.308","1.583","0.425"
"168551","1","-0.347","2.342","0.402"
"168556","1","-0.358","2.511","0.522"
"168557","2","0.142","0.116","-0.419"
"168561","2","0.044","0.133","-0.493"
"168562","1","-0.286","2.098","0.730"
"168566","2","-0.062","0.176","-0.576"
"168567","1","-0.131","1.523","0.748"
"168571","1","0.067","1.096","0.577"
"168571","2","-0.108","0.241","-0.651"
"168576","1","0.199","0.781","0.422"
"168576","2","-0.076","0.304","-0.709"
"168581","2","-0.000","0.345","-0.750"
"168586","2","0.087","0.363","-0.784"
"168586","1","0.199","0.191","0.281"
"168591","2","0.178","0.361","-0.805"
"168591","1","0.096","0.038","0.181"
"168596","2","0.259","0.345","-0.817"
"168596","1","-0.060","-0.015","0.125"
"168600","1","-0.205","-0.056","0.139"
"168601","2","0.312","0.325","-0.816"
"168605","1","-0.305","-0.066","0.143"
"168611","1","-0.354","-0.090","0.080"
"168612","2","0.337","0.307","-0.795"
"168616","2","0.315","0.310","-0.780"
"168616","1","-0.367","-0.145","-0.035"
"168621","2","0.278","0.316","-0.769"
"168621","1","-0.296","-0.231","-0.184"
"168626","2","0.228","0.324","-0.763"
"168626","1","-0.230","-0.356","-0.388"
"168630","2","0.176","0.331","-0.757"
"168631","1","-0.183","-0.530","-0.573"
"168635","2","0.126","0.336","-0.751"
"168641","1","-0.206","-0.796","-0.778"
"168642","2","0.079","0.340","-0.739"
"168646","2","0.041","0.339","-0.718"
"168646","1","-0.247","-0.837","-0.833"
"168650","1","-0.293","-0.832","-0.901"
"168651","2","0.010","0.329","-0.689"
"168655","2","-0.018","0.310","-0.654"
"168656","1","-0.341","-0.810","-0.968"
"168660","1","-0.382","-0.786","-1.027"
"168666","2","-0.065","0.253","-0.594"
"168666","1","-0.372","-0.777","-1.076"
"168670","2","-0.075","0.230","-0.573"
"168671","1","-0.343","-0.746","-1.131"
"168675","1","-0.287","-0.732","-1.162"
"168676","2","-0.078","0.204","-0.558"
"168680","1","-0.220","-0.788","-1.151"
"168681","2","-0.079","0.182","-0.545"
"168686","2","-0.076","0.163","-0.537"
"168686","1","-0.169","-0.850","-1.160"
"168693","1","-0.176","-0.902","-1.204"
"168695","2","-0.066","0.139","-0.518"
"168696","1","-0.224","-0.978","-1.190"
"168700","2","-0.069","0.127","-0.507"
"168701","1","-0.293","-1.061","-1.157"
"168706","2","-0.079","0.109","-0.492"
"168707","1","-0.392","-1.171","-1.182"
"168710","1","-0.486","-1.324","-1.246"
"168711","2","-0.095","0.092","-0.476"
"168715","1","-0.571","-1.534","-1.311"
"168721","2","-0.153","0.048","-0.428"
"168721","1","-0.658","-1.701","-1.304"
"168725","2","-0.180","0.020","-0.387"
"168726","1","-0.737","-1.773","-1.231"
"168730","2","-0.200","-0.015","-0.340"
"168731","1","-0.771","-1.758","-1.174"
"168735","1","-0.787","-1.712","-1.146"
"168736","2","-0.231","-0.057","-0.290"
"168740","1","-0.801","-1.717","-1.133"
"168740","2","-0.278","-0.101","-0.242"
"168745","2","-0.337","-0.139","-0.198"
"168750","2","-0.390","-0.163","-0.159"
"168751","1","-0.763","-1.573","-1.120"
"168755","2","-0.419","-0.179","-0.127"
"168756","1","-0.716","-1.478","-1.052"
"168760","2","-0.430","-0.184","-0.105"
"168761","1","-0.689","-1.490","-0.967"
"168765","1","-0.674","-1.601","-0.937"
"168765","2","-0.426","-0.192","-0.090"
"168770","1","-0.678","-1.725","-0.902"
"168775","1","-0.708","-1.747","-0.846"
"168775","2","-0.419","-0.211","-0.060"
"168780","2","-0.423","-0.225","-0.034"
"168781","1","-0.755","-1.712","-0.813"
"168785","2","-0.436","-0.238","-0.005"
"168785","1","-0.841","-1.651","-0.790"
"168790","1","-0.939","-1.576","-0.718"
"168790","2","-0.464","-0.247","0.029"
"168795","1","-1.042","-1.485","-0.640"
"168797","2","-0.512","-0.253","0.062"
"168807","1","-1.188","-1.443","-0.643"
"168808","2","-0.675","-0.268","0.136"
"168810","1","-1.250","-1.455","-0.696"
"168810","2","-0.771","-0.271","0.175"
"168816","2","-0.856","-0.278","0.218"
"168817","1","-1.255","-1.529","-0.693"
"168820","2","-0.932","-0.290","0.261"
"168821","1","-1.234","-1.612","-0.656"
"168825","2","-0.987","-0.302","0.305"
"168825","1","-1.208","-1.738","-0.656"
"168830","2","-1.014","-0.325","0.352"
"168835","2","-1.015","-0.350","0.393"
"168836","1","-1.022","-1.918","-0.735"
"168840","2","-0.981","-0.381","0.436"
"168841","1","-0.934","-1.947","-0.768"
"168844","1","-0.835","-1.972","-0.739"
"168845","2","-0.914","-0.407","0.476"
"168850","1","-0.774","-2.002","-0.620"
"168850","2","-0.811","-0.430","0.512"
"168855","2","-0.690","-0.452","0.542"
"168859","2","-0.557","-0.473","0.568"
"168860","1","-0.673","-2.091","-0.607"
"168865","2","-0.419","-0.494","0.602"
"168865","1","-0.607","-2.093","-0.581"
"168870","1","-0.567","-2.035","-0.426"
"168870","2","-0.289","-0.517","0.640"
"168875","1","-0.558","-1.929","-0.177"
"168875","2","-0.173","-0.547","0.688"
"168879","2","-0.079","-0.585","0.745"
"168880","1","-0.538","-1.782","-0.076"
"168887","1","-0.524","-1.599","0.056"
"168890","2","0.028","-0.653","0.859"
"168890","1","-0.505","-1.385","0.279"
"168894","2","0.058","-0.659","0.909"
"168899","2","0.083","-0.647","0.950"
"168900","1","-0.453","-1.192","0.410"
"168904","1","-0.370","-1.036","0.566"
"168905","2","0.097","-0.625","0.976"
"168909","2","0.119","-0.592","0.990"
"168910","1","-0.284","-0.821","0.724"
"168917","1","-0.197","-0.528","0.816"
"168920","2","0.160","-0.528","0.985"
"168920","1","-0.213","-0.263","0.926"
"168924","2","0.162","-0.498","0.971"
"168925","1","-0.225","-0.042","1.070"
"168929","1","-0.198","0.208","1.163"
"168930","2","0.146","-0.466","0.961"
"168934","2","0.124","-0.431","0.950"
"168935","1","-0.191","0.513","1.158"
"168939","1","-0.172","0.737","1.229"
"168944","2","0.045","-0.369","0.910"
"168945","1","-0.143","0.927","1.321"
"168949","1","-0.063","1.228","1.424"
"168950","2","-0.013","-0.340","0.873"
"168954","2","-0.069","-0.309","0.832"
"168955","1","0.088","1.540","1.546"
"168959","1","0.281","1.814","1.662"
"168959","2","-0.131","-0.277","0.784"
"168964","2","-0.204","-0.235","0.732"
"168965","1","0.534","1.975","1.719"
"168971","2","-0.277","-0.180","0.675"
"168974","2","-0.333","-0.115","0.616"
"168975","1","1.089","2.134","1.956"
"168979","1","1.357","2.161","1.986"
"168980","2","-0.362","-0.047","0.555"
"168984","2","-0.362","0.023","0.488"
"168985","1","1.607","2.098","1.933"
"168989","2","-0.338","0.092","0.415"
"168990","1","1.814","1.937","1.871"
"168994","2","-0.288","0.149","0.343"
"168999","2","-0.219","0.193","0.283"
"169000","1","1.945","1.597","1.861"
"169004","2","-0.139","0.217","0.241"
"169005","1","1.950","1.520","1.834"
"169009","2","-0.067","0.226","0.210"
"169009","1","1.910","1.450","1.706"
"169014","2","-0.016","0.218","0.197"
"169015","1","1.817","1.445","1.570"
"169019","2","0.019","0.204","0.191"
"169019","1","1.706","1.478","1.471"
"169027","1","1.585","1.484","1.412"
"169029","2","0.019","0.170","0.199"
"169030","1","1.492","1.470","1.322"
"169034","2","0.001","0.156","0.203"
"169035","1","1.424","1.419","1.210"
"169039","2","-0.012","0.142","0.212"
"169040","1","1.386","1.368","1.184"
"169044","2","-0.014","0.132","0.218"
"169044","1","1.373","1.320","1.212"
"169048","2","0.008","0.117","0.230"
"169054","2","0.057","0.103","0.240"
"169054","1","1.244","0.999","1.121"
"169059","2","0.148","0.098","0.254"
"169060","1","1.106","0.546","0.995"
"169064","2","0.276","0.087","0.277"
"169064","1","0.892","-0.334","0.920"
"169068","2","0.423","0.071","0.320"
"169069","1","0.591","-1.582","0.564"
"169073","2","0.588","0.052","0.389"
"169074","1","0.298","-2.651","-0.412"
"169079","1","0.029","-2.921","-1.136"
"169084","2","0.969","-0.117","0.611"
"169084","1","-0.240","-2.198","-0.989"
"169088","2","1.149","-0.296","0.743"
"169089","1","-0.398","-1.098","-0.399"
"169093","2","1.264","-0.490","0.874"
"169094","1","-0.308","-0.282","0.145"
"169098","2","1.297","-0.650","0.994"
"169099","1","0.008","0.223","0.548"
"169104","2","1.274","-0.744","1.085"
"169109","2","1.243","-0.762","1.142"
"169109","1","0.833","0.915","0.891"
"169113","2","1.234","-0.702","1.155"
"169114","1","1.184","0.956","0.790"
"169118","2","1.248","-0.588","1.118"
"169119","1","1.440","0.712","0.473"
"169124","2","1.274","-0.449","1.031"
"169124","1","1.500","0.208","0.034"
"169128","2","1.285","-0.310","0.920"
"169129","1","1.363","-0.496","-0.287"
"169136","1","1.090","-1.183","-0.303"
"169138","2","1.263","-0.092","0.737"
"169139","1","0.749","-1.545","-0.033"
"169143","2","1.271","-0.036","0.718"
"169144","1","0.408","-1.438","0.350"
"169148","2","1.290","-0.020","0.750"
"169149","1","0.090","-1.051","0.669"
"169153","2","1.299","-0.047","0.811"
"169154","1","-0.166","-0.584","0.898"
"169158","2","1.271","-0.097","0.878"
"169163","2","1.200","-0.151","0.935"
"169165","1","-0.327","0.497","1.368"
"169168","2","1.092","-0.186","0.971"
"169169","1","-0.257","1.039","1.493"
"169173","1","-0.105","1.523","1.502"
"169174","2","0.962","-0.181","0.976"
"169178","1","0.063","1.805","1.469"
"169179","2","0.826","-0.130","0.941"
"169183","1","0.213","1.908","1.424"
"169184","2","0.701","-0.035","0.861"
"169191","1","0.352","1.918","1.390"
"169194","2","0.516","0.232","0.599"
"169194","1","0.408","1.880","1.337"
"169198","2","0.475","0.361","0.446"
"169199","1","0.398","1.771","1.277"
"169203","2","0.462","0.467","0.305"
"169204","1","0.335","1.589","1.207"
"169208","2","0.461","0.547","0.192"
"169209","1","0.226","1.458","1.165"
"169213","2","0.466","0.594","0.114"
"169218","2","0.473","0.623","0.067"
"169220","1","-0.157","1.410","1.108"
"169223","2","0.481","0.636","0.043"
"169224","1","-0.304","1.517","1.077"
"169228","2","0.486","0.641","0.026"
"169228","1","-0.421","1.678","1.000"
"169234","2","0.477","0.639","0.001"
"169234","1","-0.497","1.808","0.910"
"169238","2","0.451","0.635","-0.037"
"169239","1","-0.522","1.957","0.846"
"169245","2","0.410","0.639","-0.092"
"169248","2","0.357","0.650","-0.162"
"169249","1","-0.433","2.183","0.820"
"169253","2","0.291","0.674","-0.234"
"169254","1","-0.318","2.207","0.862"
"169258","2","0.222","0.708","-0.305"
"169259","1","-0.191","2.154","0.916"
"169263","2","0.157","0.748","-0.374"
"169264","1","-0.064","2.032","0.882"
"169268","2","0.096","0.792","-0.433"
"169272","2","0.046","0.838","-0.484"
"169274","1","0.194","1.620","0.620"
"169278","2","0.012","0.879","-0.527"
"169278","1","0.253","1.447","0.506"
"169283","2","-0.003","0.915","-0.564"
"169283","1","0.220","1.305","0.394"
"169287","1","0.185","1.157","0.317"
"169288","2","0.002","0.945","-0.596"
"169292","1","0.104","0.997","0.281"
"169293","2","0.017","0.966","-0.631"
"169300","2","0.033","0.975","-0.659"
"169303","1","-0.068","0.731","0.097"
"169303","2","0.050","0.981","-0.688"
"169308","2","0.071","0.980","-0.708"
"169308","1","-0.129","0.683","0.117"
"169313","2","0.092","0.970","-0.721"
"169313","1","-0.164","0.669","0.116"
"169317","1","-0.184","0.612","0.124"
"169318","2","0.112","0.957","-0.727"
"169322","2","0.122","0.940","-0.727"
"169328","2","0.124","0.917","-0.723"
"169332","2","0.123","0.897","-0.716"
"169333","1","-0.198","0.385","-0.005"
"169337","2","0.124","0.883","-0.702"
"169338","1","-0.175","0.286","-0.106"
"169345","1","-0.171","0.211","-0.243"
"169346","2","0.135","0.860","-0.679"
"169347","2","0.153","0.860","-0.679"
"169348","1","-0.216","0.088","-0.401"
"169352","2","0.177","0.845","-0.669"
"169357","1","-0.231","-0.236","-0.547"
"169359","2","0.202","0.823","-0.655"
"169362","2","0.230","0.793","-0.635"
"169363","1","-0.271","-0.405","-0.596"
"169367","2","0.261","0.756","-0.606"
"169368","1","-0.282","-0.509","-0.678"
"169372","2","0.297","0.717","-0.567"
"169374","1","-0.287","-0.609","-0.814"
"169377","2","0.337","0.672","-0.526"
"169378","1","-0.340","-0.662","-0.894"
"169384","2","0.376","0.624","-0.478"
"169387","1","-0.580","-0.727","-0.747"
"169389","2","0.420","0.580","-0.433"
"169392","1","-0.677","-0.790","-0.742"
"169393","2","0.463","0.534","-0.389"
"169397","2","0.494","0.490","-0.346"
"169398","1","-0.727","-0.833","-0.777"
"169402","1","-0.757","-0.839","-0.890"
"169403","2","0.522","0.448","-0.310"
"169407","2","0.545","0.404","-0.274"
"169413","2","0.562","0.365","-0.241"
"169414","1","-0.818","-0.794","-0.928"
"169417","2","0.579","0.322","-0.209"
"169418","1","-0.861","-0.770","-0.925"
"169422","1","-0.862","-0.780","-0.886"
"169422","2","0.595","0.279","-0.180"
"169427","2","0.606","0.239","-0.155"
"169427","1","-0.839","-0.829","-0.872"
"169432","2","0.617","0.202","-0.133"
"169432","1","-0.864","-0.818","-0.906"
"169441","1","-0.863","-0.827","-0.859"
"169442","2","0.626","0.136","-0.082"
"169442","1","-0.831","-0.827","-0.859"
"169447","2","0.622","0.111","-0.053"
"169448","1","-0.828","-0.814","-0.837"
"169452","2","0.612","0.086","-0.025"
"169453","1","-0.799","-0.799","-0.818"
"169457","2","0.597","0.071","0.003"
"169457","1","-0.726","-0.826","-0.845"
"169462","2","0.582","0.069","0.026"
"169467","2","0.568","0.069","0.040"
"169468","1","-0.610","-0.833","-1.024"
"169472","2","0.550","0.067","0.044"
"169473","1","-0.604","-0.823","-1.037"
"169477","1","-0.650","-0.778","-1.042"
"169477","2","0.541","0.063","0.044"
"169482","1","-0.658","-0.740","-1.091"
"169482","2","0.543","0.058","0.045"
"169487","2","0.548","0.049","0.050"
"169487","1","-0.674","-0.698","-1.132"
"169494","2","0.565","0.037","0.061"
"169497","2","0.582","0.015","0.074"
"169498","1","-0.667","-0.650","-1.203"
"169502","2","0.595","-0.009","0.090"
"169502","1","-0.664","-0.589","-1.227"
"169507","2","0.604","-0.036","0.108"
"169507","1","-0.652","-0.546","-1.262"
"169512","1","-0.606","-0.496","-1.313"
"169512","2","0.616","-0.059","0.122"
"169516","1","-0.557","-0.483","-1.396"
"169523","1","-0.497","-0.509","-1.492"
"169524","2","0.622","-0.092","0.139"
"169527","2","0.610","-0.109","0.142"
"169527","1","-0.406","-0.532","-1.581"
"169531","2","0.586","-0.129","0.146"
"169532","1","-0.351","-0.535","-1.639"
"169536","2","0.564","-0.147","0.151"
"169537","1","-0.299","-0.493","-1.607"
"169541","2","0.545","-0.160","0.159"
"169542","1","-0.210","-0.392","-1.519"
"169549","1","-0.124","-0.289","-1.376"
"169552","2","0.486","-0.191","0.175"
"169552","1","-0.069","-0.248","-1.210"
"169556","2","0.450","-0.202","0.178"
"169557","1","-0.000","-0.294","-1.047"
"169563","1","0.081","-0.394","-0.863"
"169564","2","0.404","-0.207","0.183"
"169566","2","0.359","-0.208","0.186"
"169567","1","0.149","-0.490","-0.717"
"169571","2","0.319","-0.206","0.191"
"169576","1","0.259","-0.622","-0.529"
"169577","2","0.293","-0.199","0.195"
"169582","2","0.278","-0.190","0.198"
"169582","1","0.290","-0.663","-0.499"
"169586","2","0.278","-0.182","0.198"
"169587","1","0.329","-0.691","-0.496"
"169591","1","0.344","-0.661","-0.531"
"169591","2","0.285","-0.176","0.196"
"169596","2","0.294","-0.172","0.190"
"169597","1","0.346","-0.578","-0.573"
"169601","2","0.303","-0.173","0.178"
"169606","2","0.300","-0.180","0.169"
"169607","1","0.280","-0.446","-0.622"
"169611","1","0.252","-0.377","-0.642"
"169612","2","0.295","-0.183","0.159"
"169616","1","0.226","-0.288","-0.673"
"169616","2","0.276","-0.183","0.149"
"169621","2","0.254","-0.181","0.145"
"169621","1","0.210","-0.193","-0.687"
"169626","1","0.209","-0.085","-0.668"
"169631","2","0.223","-0.176","0.135"
"169631","1","0.214","-0.010","-0.644"
"169636","1","0.212","0.025","-0.596"
"169637","2","0.216","-0.174","0.126"
"169641","2","0.201","-0.173","0.112"
"169642","1","0.170","0.017","-0.554"
"169646","2","0.177","-0.172","0.095"
"169647","1","0.153","-0.015","-0.487"
"169651","1","0.160","-0.041","-0.381"
"169652","2","0.139","-0.169","0.079"
"169659","1","0.152","-0.022","-0.213"
"169662","2","0.066","-0.160","0.069"
"169663","1","0.164","0.007","-0.049"
"169666","2","0.038","-0.147","0.065"
"169667","1","0.197","0.050","0.032"
"169671","2","0.018","-0.133","0.065"
"169672","1","0.241","0.089","0.053"
"169676","2","0.001","-0.121","0.054"
"169677","1","0.266","0.096","0.049"
"169681","2","-0.004","-0.105","0.037"
"169686","2","-0.009","-0.093","0.017"
"169686","1","0.260","0.080","-0.062"
"169691","2","-0.009","-0.084","-0.010"
"169692","1","0.239","0.055","-0.136"
"169696","1","0.209","0.050","-0.196"
"169697","2","-0.012","-0.074","-0.035"
"169701","1","0.151","0.064","-0.262"
"169701","2","-0.016","-0.064","-0.053"
"169706","2","-0.022","-0.057","-0.061"
"169707","1","0.099","0.107","-0.281"
"169714","2","-0.029","-0.049","-0.064"
"169716","2","-0.036","-0.047","-0.059"
"169717","1","-0.068","0.150","-0.338"
"169721","2","-0.045","-0.055","-0.052"
"169721","1","-0.120","0.144","-0.368"
"169726","2","-0.056","-0.069","-0.050"
"169726","1","-0.163","0.144","-0.354"
"169730","2","-0.057","-0.087","-0.053"
"169731","1","-0.175","0.123","-0.304"
"169735","1","-0.168","0.099","-0.221"
"169741","2","-0.043","-0.122","-0.053"
"169741","1","-0.145","0.151","-0.153"
"169746","2","-0.034","-0.138","-0.050"
"169746","1","-0.063","0.213","-0.173"
"169750","1","-0.009","0.290","-0.192"
"169751","2","-0.023","-0.150","-0.044"
"169755","2","-0.009","-0.161","-0.044"
"169756","1","-0.037","0.316","-0.139"
"169760","2","-0.001","-0.178","-0.050"
"169765","2","-0.002","-0.198","-0.063"
"169771","2","-0.009","-0.219","-0.082"
"169772","1","-0.099","0.353","-0.100"
"169775","2","-0.022","-0.234","-0.098"
"169776","1","-0.134","0.363","0.008"
"169782","2","-0.042","-0.239","-0.109"
"169782","1","-0.071","0.348","0.098"
"169785","2","-0.069","-0.235","-0.117"
"169786","1","0.003","0.348","0.082"
"169790","2","-0.097","-0.227","-0.121"
"169791","1","0.099","0.374","0.009"
"169797","1","0.229","0.371","-0.070"
"169800","2","-0.137","-0.230","-0.132"
"169801","1","0.286","0.429","-0.067"
"169805","1","0.324","0.437","0.023"
"169806","2","-0.151","-0.240","-0.139"
"169810","1","0.363","0.428","0.161"
"169811","2","-0.168","-0.253","-0.148"
"169815","1","0.376","0.424","0.167"
"169816","2","-0.187","-0.260","-0.157"
"169820","1","0.472","0.439","-0.287"
"169825","2","-0.185","-0.225","-0.160"
"169826","1","0.655","0.556","-1.030"
"169830","2","-0.146","-0.221","-0.160"
"169831","1","0.724","0.547","-0.718"
"169835","1","0.764","0.084","0.063"
"169836","2","-0.122","-0.222","-0.152"
"169840","2","-0.085","-0.199","-0.137"
"169841","1","0.943","-0.532","0.017"
"169845","2","-0.027","-0.160","-0.112"
"169846","1","1.137","-0.980","-0.144"
"169858","1","1.475","-1.439","0.935"
"169860","2","0.246","-0.081","0.013"
"169861","1","1.581","-1.524","1.224"
"169865","2","0.293","-0.048","0.056"
"169865","1","1.631","-1.509","1.166"
"169870","2","0.294","-0.006","0.085"
"169870","1","1.604","-1.334","0.962"
"169875","1","1.444","-1.010","0.686"
"169876","2","0.254","0.044","0.092"
"169880","2","0.158","0.101","0.080"
"169885","2","0.034","0.156","0.055"
"169886","1","0.988","-0.478","-0.076"
"169890","1","0.749","-0.306","-0.370"
"169892","2","-0.102","0.206","0.032"
"169895","2","-0.237","0.233","0.013"
"169895","1","0.545","-0.241","-0.387"
"169900","2","-0.347","0.235","0.011"
"169901","1","0.390","-0.321","-0.282"
"169905","2","-0.418","0.221","0.027"
"169905","1","0.298","-0.544","-0.175"
