"825034","2","0.072","-0.452","-0.136"
"825049","1","-0.318","-0.820","0.659"
"825050","2","0.389","-0.564","-0.263"
"825072","1","-0.379","-0.828","1.073"
"825078","2","0.534","-0.643","-0.299"
"825084","1","-0.441","-0.486","1.141"
"825087","2","0.665","-0.750","-0.267"
"825088","1","-0.447","0.398","1.138"
"825099","1","-0.477","0.732","1.418"
"825102","2","0.554","-0.836","-0.239"
"825118","2","0.393","-0.984","-0.187"
"825119","1","-0.700","0.994","0.789"
"825121","2","0.341","-1.020","-0.154"
"825122","1","-0.669","1.257","0.461"
"825132","1","-0.605","1.539","0.274"
"825132","2","0.277","-1.064","-0.072"
"825133","1","-0.474","1.539","0.274"
"825136","2","0.248","-1.078","-0.031"
"825136","1","-0.302","1.557","0.162"
"825151","2","0.053","-1.025","0.096"
"825152","1","0.170","1.702","-0.612"
"825163","2","-0.122","-0.985","0.164"
"825166","1","0.503","1.141","-0.864"
"825167","2","-0.163","-0.985","0.164"
"825173","2","-0.133","-1.056","0.124"
"825189","1","0.212","-0.416","-0.282"
"825191","2","0.552","-1.191","0.039"
"825201","2","0.678","-0.992","0.051"
"825202","2","0.685","-0.992","0.051"
"825203","1","0.801","1.571","-1.205"
"825219","1","0.370","1.807","0.910"
"825219","2","0.182","-0.857","0.129"
"825242","2","0.195","-1.227","0.154"
"825255","1","0.974","0.332","-1.864"
"825264","2","0.540","-1.006","0.232"
"825264","1","1.915","0.737","-2.262"
"825269","2","0.546","-0.786","0.264"
"825271","1","2.015","0.729","-1.832"
"825272","2","0.514","-0.786","0.264"
"825283","1","1.738","0.471","-1.200"
"825290","2","0.138","-0.674","-0.123"
"825304","1","1.065","0.626","-0.289"
"825305","2","0.057","-0.695","-0.108"
"825313","1","0.893","0.400","-0.293"
"825350","2","0.644","-0.591","0.028"
"825355","1","1.138","-0.024","-1.880"
"825356","2","0.611","-0.536","0.030"
"825368","1","0.979","-0.192","-0.928"
"825383","2","0.260","-0.323","-0.196"
"825384","1","0.461","1.133","1.312"
"825389","2","0.146","-0.341","-0.212"
"825426","1","-0.431","0.880","-2.054"
"825436","1","-0.150","-0.376","-2.054"
"825436","2","-0.254","-0.542","0.334"
"825438","1","-0.023","-0.653","-2.398"
"825438","2","-0.113","-0.443","0.260"
"825469","1","-0.068","-0.226","-1.581"
"825470","2","0.616","-0.044","-0.097"
"825471","2","0.591","-0.014","-0.079"
"825484","1","-0.162","0.661","-0.356"
"825487","1","-0.546","0.661","-0.356"
"825488","2","0.415","0.006","0.006"
"825539","1","-0.391","-0.788","-1.268"
"825564","2","-0.298","0.331","-0.057"
"825637","1","-0.323","-0.189","-0.390"
"825656","1","-0.500","-0.208","-0.198"
"825658","2","-0.121","0.292","-0.116"
"825664","2","-0.112","0.278","-0.100"
"825667","1","-0.503","0.236","-0.250"
"825670","1","-0.458","0.236","-0.250"
"825671","2","-0.076","0.266","-0.062"
"825683","1","-0.135","0.463","-0.071"
"825684","2","-0.081","0.249","-0.041"
"825688","1","-0.055","0.450","0.009"
"825699","2","-0.078","0.240","-0.018"
"825700","1","0.001","0.236","0.049"
"825704","1","0.011","0.070","0.199"
"825704","2","-0.070","0.236","-0.024"
"825711","1","0.005","-0.091","0.376"
"825715","2","-0.043","0.212","-0.023"
"825738","2","0.026","0.148","0.033"
"825743","1","-0.321","0.256","-0.046"
"825748","2","-0.002","0.125","-0.023"
"825750","1","-0.341","0.076","0.454"
"825752","2","-0.048","0.091","-0.026"
"825755","1","-0.371","-0.043","0.697"
"825764","2","-0.075","0.019","0.007"
"825765","1","-0.385","-0.342","0.983"
"825767","2","-0.059","-0.009","0.024"
"825768","1","-0.381","-0.500","0.896"
"825788","1","-0.263","-0.172","0.521"
"825789","2","0.048","-0.065","0.015"
"825800","2","0.057","-0.101","0.033"
"825801","1","-0.546","0.123","0.489"
"825803","2","0.042","-0.133","0.024"
"825806","1","-0.844","0.224","0.779"
"825812","2","-0.048","-0.217","0.014"
"825814","1","-0.856","0.319","1.140"
"825823","2","-0.188","-0.320","0.082"
"825831","1","-0.596","0.648","0.937"
"825851","1","-0.525","0.454","0.202"
"825861","1","-0.573","0.654","0.123"
"825861","2","-0.221","-0.644","0.432"
"825862","1","-0.612","0.654","0.123"
"825865","2","-0.168","-0.662","0.452"
"825866","1","-0.717","0.756","0.175"
"825870","2","-0.116","-0.684","0.476"
"825878","2","-0.076","-0.720","0.502"
"825881","1","-0.946","0.887","0.335"
"825882","2","-0.045","-0.756","0.530"
"825898","2","-0.020","-0.839","0.646"
"825902","1","-1.292","1.119","0.547"
"825903","2","-0.030","-0.861","0.688"
"825915","2","-0.045","-0.939","0.822"
"825917","1","-1.458","1.100","0.378"
"825920","1","-1.467","1.125","0.234"
"825921","2","-0.055","-0.961","0.871"
"825926","2","-0.066","-0.977","0.920"
"825927","1","-1.435","1.178","0.064"
"825936","2","-0.117","-0.980","1.004"
"825942","1","-1.071","1.080","-0.960"
"825943","2","-0.163","-0.963","1.071"
"825945","2","-0.210","-0.930","1.071"
"825945","1","-0.868","0.932","-1.281"
"825949","2","-0.251","-0.886","1.094"
"825950","1","-0.642","0.772","-1.520"
"825954","2","-0.293","-0.837","1.111"
"825955","1","-0.386","0.689","-1.635"
"825959","2","-0.320","-0.784","1.127"
"825960","1","-0.147","0.700","-1.632"
"825965","2","-0.331","-0.734","1.142"
"825974","1","0.261","0.982","-1.370"
"825974","2","-0.313","-0.638","1.159"
"825979","2","-0.290","-0.599","1.163"
"825980","1","0.241","1.027","-1.225"
"825984","2","-0.255","-0.564","1.163"
"825985","1","0.165","1.055","-1.004"
"825990","1","0.053","1.089","-0.800"
"825991","2","-0.218","-0.538","1.161"
"825994","2","-0.172","-0.528","1.159"
"825998","2","-0.121","-0.524","1.167"
"825999","1","-0.144","1.138","-0.549"
"826003","2","-0.072","-0.527","1.188"
"826004","1","-0.252","1.139","-0.452"
"826009","1","-0.327","1.134","-0.400"
"826010","2","-0.019","-0.528","1.222"
"826014","2","0.044","-0.527","1.257"
"826014","1","-0.357","1.144","-0.409"
"826019","2","0.115","-0.521","1.292"
"826019","1","-0.356","1.149","-0.419"
"826026","1","-0.367","1.167","-0.403"
"826029","2","0.260","-0.503","1.344"
"826030","1","-0.357","1.222","-0.344"
"826033","2","0.330","-0.495","1.370"
"826034","1","-0.340","1.257","-0.235"
"826039","2","0.395","-0.493","1.397"
"826040","1","-0.336","1.356","-0.092"
"826046","2","0.451","-0.490","1.433"
"826048","1","-0.333","1.603","-0.074"
"826049","2","0.493","-0.485","1.469"
"826056","2","0.529","-0.484","1.510"
"826060","1","-0.379","1.838","-0.032"
"826061","2","0.553","-0.484","1.558"
"826063","2","0.563","-0.478","1.604"
"826068","1","-0.401","2.128","-0.213"
"826069","2","0.559","-0.475","1.654"
"826079","2","0.544","-0.470","1.703"
"826080","1","-0.490","2.308","-0.288"
"826082","2","0.482","-0.469","1.807"
"826083","1","-0.507","2.387","-0.245"
"826087","1","-0.558","2.500","-0.278"
"826088","2","0.456","-0.483","1.869"
"826094","2","0.431","-0.497","1.941"
"826094","1","-0.586","2.624","-0.293"
"826098","2","0.411","-0.517","2.022"
"826100","1","-0.566","2.701","-0.300"
"826103","2","0.398","-0.532","2.107"
"826104","1","-0.538","2.770","-0.373"
"826108","2","0.389","-0.541","2.195"
"826112","2","0.391","-0.549","2.284"
"826117","2","0.400","-0.549","2.367"
"826118","1","-0.430","3.023","-0.433"
"826122","2","0.411","-0.556","2.438"
"826122","1","-0.407","2.998","-0.199"
"826127","2","0.411","-0.567","2.495"
"826128","1","-0.448","2.831","0.074"
"826132","1","-0.509","2.633","0.271"
"826133","2","0.395","-0.583","2.540"
"826137","2","0.367","-0.599","2.582"
"826138","1","-0.541","2.443","0.292"
"826144","2","0.345","-0.611","2.626"
"826151","1","-0.486","2.233","0.473"
"826152","2","0.301","-0.629","2.740"
"826152","1","-0.362","2.233","0.473"
"826157","2","0.268","-0.638","2.803"
"826158","1","-0.195","2.081","0.525"
"826162","2","0.224","-0.648","2.865"
"826162","1","-0.060","1.929","0.571"
"826167","2","0.177","-0.663","2.925"
"826167","1","0.125","1.852","0.514"
"826172","1","0.311","1.812","0.422"
"826176","2","0.094","-0.696","3.027"
"826177","1","0.476","1.756","0.300"
"826181","2","0.042","-0.710","3.063"
"826184","1","0.645","1.780","0.137"
"826187","2","-0.011","-0.724","3.094"
"826187","1","0.792","1.811","-0.015"
"826192","1","0.952","1.789","-0.108"
"826194","2","-0.071","-0.731","3.120"
"826196","2","-0.135","-0.739","3.139"
"826201","2","-0.204","-0.749","3.146"
"826202","1","1.258","1.551","-0.055"
"826206","2","-0.273","-0.759","3.142"
"826209","1","1.379","1.268","0.123"
"826211","2","-0.344","-0.777","3.114"
"826211","1","1.448","0.872","0.411"
"826216","1","1.492","0.452","0.640"
"826217","2","-0.414","-0.805","3.067"
"826221","1","1.511","0.079","0.798"
"826221","2","-0.469","-0.839","3.011"
"826230","1","1.537","-0.190","1.000"
"826231","1","1.545","-0.472","1.266"
"826231","2","-0.487","-0.904","2.915"
"826235","2","-0.466","-0.932","2.870"
"826236","1","1.486","-0.864","1.494"
"826241","2","-0.430","-0.968","2.826"
"826241","1","1.408","-1.202","1.512"
"826246","2","-0.376","-0.998","2.785"
"826246","1","1.352","-1.361","1.316"
"826250","1","1.342","-1.388","0.996"
"826255","2","-0.186","-1.018","2.738"
"826256","1","1.385","-1.417","0.662"
"826260","2","-0.070","-1.008","2.724"
"826262","1","1.482","-1.551","0.379"
"826265","2","0.043","-0.995","2.696"
"826266","1","1.575","-1.774","0.229"
"826270","2","0.137","-0.976","2.637"
"826271","1","1.669","-2.006","0.187"
"826275","2","0.207","-0.958","2.549"
"826275","1","1.784","-2.214","0.132"
"826285","1","1.970","-2.365","0.010"
"826286","2","0.304","-0.928","2.333"
"826289","2","0.334","-0.907","2.222"
"826292","1","2.062","-2.402","0.043"
"826295","2","0.350","-0.882","2.116"
"826296","1","2.054","-2.406","0.103"
"826300","2","0.357","-0.860","2.024"
"826300","1","2.002","-2.320","0.276"
"826304","1","1.861","-2.200","0.514"
"826305","2","0.362","-0.841","1.940"
"826310","2","0.365","-0.829","1.859"
"826315","2","0.382","-0.821","1.781"
"826315","1","1.429","-1.928","0.963"
"826320","2","0.413","-0.826","1.708"
"826321","1","1.182","-1.993","1.239"
"826325","2","0.449","-0.846","1.636"
"826326","1","0.910","-2.263","1.320"
"826331","1","0.712","-2.465","1.164"
"826332","2","0.485","-0.877","1.559"
"826335","2","0.532","-0.910","1.491"
"826339","1","0.602","-2.601","0.383"
"826340","2","0.608","-0.932","1.436"
"826344","1","0.651","-2.734","0.097"
"826346","2","0.713","-0.936","1.396"
"826351","2","0.818","-0.923","1.363"
"826355","1","0.702","-2.856","-0.169"
"826355","2","0.921","-0.900","1.320"
"826359","2","1.018","-0.870","1.270"
"826360","1","0.780","-2.864","-0.492"
"826364","2","1.095","-0.834","1.216"
"826369","2","1.146","-0.797","1.154"
"826370","1","0.867","-2.679","-0.755"
"826375","2","1.163","-0.755","1.087"
"826376","1","0.838","-2.562","-0.707"
"826378","2","1.149","-0.710","1.011"
"826380","1","0.744","-2.422","-0.486"
"826384","2","1.121","-0.671","0.880"
"826389","1","0.402","-2.095","0.169"
"826391","2","1.083","-0.640","0.880"
"826394","2","1.034","-0.625","0.828"
"826404","2","0.936","-0.623","0.783"
"826416","1","-0.666","-1.259","0.242"
"826420","2","0.833","-0.651","0.770"
"826422","1","-0.694","-1.410","-0.014"
"826424","1","-0.623","-1.410","-0.014"
"826425","2","0.728","-0.684","0.731"
"826428","1","-0.498","-1.385","-0.173"
"826428","2","0.700","-0.684","0.705"
"826433","2","0.683","-0.671","0.683"
"826434","1","-0.359","-1.351","-0.288"
"826438","2","0.678","-0.650","0.666"
"826442","2","0.669","-0.618","0.642"
"826443","1","-0.204","-1.330","-0.489"
"826447","2","0.661","-0.590","0.606"
"826448","1","-0.224","-1.346","-0.488"
"826453","1","-0.318","-1.320","-0.485"
"826454","2","0.658","-0.564","0.570"
"826458","2","0.671","-0.540","0.541"
"826458","1","-0.422","-1.241","-0.533"
"826462","1","-0.533","-1.145","-0.542"
"826467","2","0.738","-0.496","0.516"
"826468","1","-0.656","-1.095","-0.519"
"826472","2","0.766","-0.480","0.502"
"826473","1","-0.737","-1.076","-0.509"
"826478","2","0.783","-0.466","0.488"
"826478","1","-0.748","-0.981","-0.539"
"826482","2","0.800","-0.447","0.486"
"826483","1","-0.706","-0.802","-0.603"
"826487","2","0.808","-0.424","0.495"
"826488","1","-0.637","-0.606","-0.665"
"826492","1","-0.526","-0.430","-0.762"
"826497","2","0.789","-0.372","0.538"
"826497","1","-0.422","-0.276","-0.934"
"826503","2","0.760","-0.338","0.555"
"826504","1","-0.376","-0.190","-1.090"
"826507","2","0.716","-0.298","0.556"
"826508","1","-0.371","-0.185","-1.246"
"826512","2","0.658","-0.253","0.544"
"826513","1","-0.333","-0.188","-1.389"
"826517","1","-0.280","-0.199","-1.453"
"826521","1","-0.253","-0.207","-1.509"
"826522","2","0.533","-0.145","0.534"
"826531","2","0.482","-0.089","0.545"
"826531","1","-0.237","-0.253","-1.451"
"826534","2","0.438","-0.036","0.554"
"826534","1","-0.270","-0.412","-1.230"
"826537","2","0.403","0.007","0.550"
"826537","1","-0.397","-0.591","-0.844"
"826541","2","0.365","0.033","0.529"
"826542","1","-0.531","-0.701","-0.606"
"826547","1","-0.669","-0.689","-0.628"
"826554","2","0.296","0.060","0.480"
"826557","1","-0.825","-0.326","-0.589"
"826558","2","0.274","0.072","0.473"
"826561","2","0.260","0.081","0.482"
"826562","1","-0.850","-0.178","-0.669"
"826566","2","0.246","0.082","0.501"
"826567","1","-0.836","-0.157","-0.789"
"826571","2","0.222","0.078","0.514"
"826571","1","-0.749","-0.219","-0.863"
"826581","1","-0.491","-0.225","-0.975"
"826582","2","0.154","0.063","0.508"
"826586","1","-0.326","-0.122","-1.134"
"826588","2","0.131","0.066","0.509"
"826591","2","0.118","0.076","0.513"
"826596","1","-0.244","-0.043","-1.322"
"826596","2","0.103","0.091","0.517"
"826601","2","0.082","0.105","0.515"
"826601","1","-0.216","0.016","-1.401"
"826605","1","-0.273","0.072","-1.432"
"826610","1","-0.367","0.133","-1.402"
"826611","2","0.057","0.139","0.489"
"826616","2","0.055","0.153","0.477"
"826616","1","-0.442","0.137","-1.426"
"826621","2","0.059","0.162","0.461"
"826622","1","-0.530","0.139","-1.397"
"826625","1","-0.615","0.175","-1.292"
"826626","2","0.068","0.165","0.456"
"826630","2","0.081","0.168","0.460"
"826631","1","-0.691","0.251","-1.210"
"826640","1","-0.832","0.297","-0.933"
"826641","2","0.118","0.161","0.483"
"826645","2","0.138","0.159","0.490"
"826646","1","-0.902","0.295","-0.815"
"826650","2","0.159","0.161","0.499"
"826651","1","-0.951","0.294","-0.769"
"826655","2","0.174","0.165","0.510"
"826655","1","-0.918","0.288","-0.788"
"826660","2","0.186","0.165","0.523"
"826660","1","-0.831","0.269","-0.800"
"826665","1","-0.724","0.312","-0.808"
"826670","2","0.199","0.161","0.566"
"826673","1","-0.614","0.366","-0.837"
"826680","1","-0.405","0.432","-0.945"
"826681","2","0.186","0.155","0.596"
"826684","1","-0.380","0.396","-0.954"
"826685","2","0.155","0.149","0.593"
"826689","1","-0.358","0.372","-0.891"
"826690","2","0.116","0.139","0.585"
"826694","1","-0.323","0.373","-0.737"
"826707","2","0.041","0.108","0.578"
"826709","1","-0.398","0.396","-0.378"
"826711","1","-0.464","0.465","-0.171"
"826712","2","-0.033","0.090","0.578"
"826714","2","-0.067","0.071","0.583"
"826719","1","-0.532","0.550","0.180"
"826720","2","-0.103","0.044","0.597"
"826724","2","-0.144","0.015","0.610"
"826725","1","-0.510","0.510","0.221"
"826729","2","-0.183","-0.016","0.629"
"826734","1","-0.324","0.373","0.108"
"826734","2","-0.211","-0.041","0.652"
"826739","2","-0.229","-0.054","0.663"
"826740","1","-0.214","0.252","0.077"
"826744","1","-0.128","0.091","0.074"
"826744","2","-0.236","-0.054","0.664"
"826749","2","-0.231","-0.049","0.650"
"826749","1","-0.050","-0.069","0.040"
"826754","2","-0.222","-0.041","0.624"
"826754","1","0.017","-0.164","-0.019"
"826763","2","-0.171","-0.017","0.574"
"826767","1","0.112","-0.050","0.037"
"826768","2","-0.128","-0.001","0.558"
"826769","1","0.120","0.007","-0.014"
"826773","1","0.138","-0.032","-0.025"
"826774","2","-0.094","0.014","0.545"
"826778","2","-0.076","0.029","0.525"
"826779","1","0.139","-0.068","-0.034"
"826783","1","0.158","-0.055","-0.022"
"826784","2","-0.063","0.037","0.505"
"826793","1","0.264","0.111","0.193"
"826794","2","-0.016","0.046","0.480"
"826798","2","0.013","0.048","0.482"
"826798","1","0.279","0.170","0.220"
"826803","1","0.214","0.208","0.275"
"826804","2","0.035","0.047","0.477"
"826808","1","0.169","0.258","0.342"
"826808","2","0.043","0.043","0.463"
"826813","2","0.044","0.043","0.451"
"826813","1","0.154","0.331","0.322"
"826818","2","0.047","0.043","0.447"
"826823","1","0.127","0.348","0.113"
"826824","2","0.046","0.045","0.446"
"826828","2","0.036","0.048","0.447"
"826829","1","0.129","0.240","0.027"
"826832","2","0.026","0.049","0.442"
"826837","1","0.178","0.206","-0.002"
"826838","2","0.028","0.054","0.436"
"826842","2","0.046","0.066","0.434"
"826843","1","0.230","0.196","-0.010"
"826854","1","0.296","0.301","0.145"
"826860","2","0.128","0.104","0.429"
"826861","1","0.297","0.389","0.168"
"826862","2","0.149","0.109","0.422"
"826863","1","0.262","0.417","0.198"
"826867","2","0.162","0.111","0.410"
"826868","1","0.233","0.352","0.317"
"826872","2","0.182","0.110","0.406"
"826873","1","0.208","0.331","0.537"
"826877","2","0.214","0.106","0.403"
"826881","2","0.245","0.097","0.402"
"826882","1","0.095","0.525","0.708"
"826886","2","0.255","0.083","0.406"
"826887","1","0.105","0.556","0.629"
"826892","2","0.244","0.065","0.407"
"826892","1","0.125","0.442","0.656"
"826897","2","0.210","0.046","0.398"
"826897","1","0.153","0.273","0.667"
"826901","2","0.172","0.032","0.389"
"826902","1","0.192","0.189","0.556"
"826907","1","0.236","0.192","0.428"
"826911","2","0.135","0.017","0.404"
"826912","1","0.292","0.206","0.329"
"826917","2","0.126","0.011","0.415"
"826918","1","0.341","0.197","0.266"
"826921","1","0.369","0.171","0.209"
"826922","2","0.110","0.010","0.421"
"826926","2","0.089","0.008","0.416"
"826927","1","0.358","0.172","0.210"
"826931","1","0.304","0.277","0.230"
"826936","2","0.061","0.008","0.400"
"826936","1","0.248","0.437","0.187"
"826941","2","0.061","0.014","0.398"
"826941","1","0.175","0.587","0.124"
"826946","2","0.056","0.009","0.398"
"826947","1","0.056","0.674","0.140"
"826951","2","0.047","-0.009","0.396"
"826952","1","-0.021","0.686","0.188"
"826956","2","0.034","-0.029","0.392"
"826956","1","-0.039","0.668","0.176"
"826964","2","0.018","-0.054","0.390"
"826965","2","0.001","-0.078","0.395"
"826966","1","0.058","0.591","-0.038"
"826971","1","0.159","0.521","-0.142"
"826975","2","-0.014","-0.100","0.403"
"826980","2","-0.017","-0.096","0.401"
"826981","1","0.278","0.411","-0.187"
"826982","2","-0.009","-0.096","0.401"
"826986","2","0.004","-0.087","0.387"
"826986","1","0.299","0.355","-0.167"
"826994","1","0.276","0.258","-0.111"
"826995","2","0.032","-0.077","0.334"
"827002","1","0.286","0.261","-0.092"
"827003","2","0.046","-0.071","0.291"
"827005","1","0.308","0.382","-0.205"
"827006","2","0.059","-0.071","0.291"
"827010","2","0.074","-0.069","0.295"
"827015","1","0.404","0.580","-0.429"
"827019","2","0.091","-0.063","0.314"
"827020","1","0.416","0.571","-0.543"
"827025","2","0.115","-0.051","0.348"
"827026","1","0.417","0.597","-0.647"
"827030","1","0.450","0.699","-0.687"
"827030","2","0.131","-0.040","0.360"
"827035","2","0.158","-0.022","0.371"
"827036","1","0.458","0.777","-0.651"
"827039","1","0.390","0.791","-0.589"
"827040","2","0.188","-0.002","0.381"
"827044","1","0.318","0.838","-0.532"
"827045","2","0.214","0.009","0.381"
"827054","1","0.228","1.079","-0.225"
"827059","2","0.260","0.015","0.380"
"827060","1","0.195","1.151","-0.113"
"827064","2","0.237","0.017","0.382"
"827065","1","0.196","1.136","-0.016"
"827069","2","0.185","0.022","0.377"
"827070","1","0.172","1.066","0.020"
"827074","2","0.114","0.018","0.373"
"827079","2","0.040","0.005","0.383"
"827080","1","0.189","1.026","0.060"
"827084","1","0.229","1.046","0.155"
"827090","1","0.252","1.044","0.201"
"827091","2","-0.081","-0.036","0.433"
"827094","2","-0.126","-0.062","0.457"
"827095","1","0.259","1.017","0.127"
"827099","2","-0.162","-0.080","0.474"
"827099","1","0.271","0.923","0.020"
"827103","1","0.379","0.780","-0.079"
"827104","2","-0.190","-0.096","0.490"
"827108","1","0.467","0.639","-0.235"
"827114","1","0.566","0.375","-0.280"
"827115","2","-0.228","-0.104","0.508"
"827119","2","-0.230","-0.099","0.491"
"827120","1","0.573","-0.004","-0.243"
"827123","1","0.603","-0.277","-0.131"
"827124","2","-0.204","-0.099","0.464"
"827128","2","-0.152","-0.103","0.434"
"827129","1","0.630","-0.471","-0.025"
"827133","2","-0.089","-0.109","0.399"
"827134","1","0.631","-0.720","0.129"
"827142","2","-0.021","-0.124","0.354"
"827143","1","0.623","-1.071","0.769"
"827144","2","0.050","-0.148","0.311"
"827148","2","0.123","-0.172","0.281"
"827149","1","0.659","-1.025","1.122"
"827153","2","0.198","-0.194","0.271"
"827154","1","0.697","-0.877","1.342"
"827158","2","0.258","-0.215","0.277"
"827158","1","0.743","-0.672","1.525"
"827163","1","0.756","-0.433","1.585"
"827168","2","0.288","-0.248","0.288"
"827171","1","0.723","-0.265","1.589"
"827173","2","0.251","-0.266","0.284"
"827174","1","0.649","-0.133","1.572"
"827179","2","0.196","-0.281","0.277"
"827180","1","0.627","-0.035","1.440"
"827183","1","0.699","-0.002","1.209"
"827184","2","0.138","-0.305","0.284"
"827188","2","0.085","-0.324","0.301"
"827188","1","0.805","-0.066","0.952"
"827193","2","0.038","-0.344","0.307"
"827197","2","0.001","-0.359","0.295"
"827198","1","0.960","-0.267","0.500"
"827203","1","1.058","-0.278","0.321"
"827204","2","-0.024","-0.357","0.267"
"827208","1","1.176","-0.218","0.163"
"827208","2","-0.046","-0.342","0.237"
"827212","2","-0.065","-0.320","0.211"
"827213","1","1.273","-0.118","0.048"
"827217","2","-0.082","-0.298","0.191"
"827222","2","-0.087","-0.277","0.177"
"827223","1","1.362","0.071","0.039"
"827227","2","-0.081","-0.258","0.167"
"827228","1","1.320","0.087","0.045"
"827232","2","-0.076","-0.247","0.151"
"827233","1","1.205","0.097","-0.054"
"827237","2","-0.060","-0.231","0.132"
"827237","1","1.150","0.161","-0.144"
"827242","2","-0.036","-0.217","0.122"
"827243","1","1.067","0.255","-0.133"
"827247","1","0.902","0.296","-0.136"
"827251","2","0.033","-0.195","0.095"
"827252","1","0.723","0.286","-0.238"
"827257","2","0.071","-0.185","0.074"
"827258","1","0.611","0.227","-0.276"
"827261","2","0.116","-0.182","0.059"
"827262","1","0.515","0.075","-0.287"
"827267","2","0.164","-0.186","0.049"
"827268","1","0.445","-0.159","-0.330"
"827271","2","0.209","-0.192","0.049"
"827276","2","0.248","-0.197","0.046"
"827277","1","0.447","-0.608","0.042"
"827281","2","0.230","-0.212","0.072"
"827282","1","0.502","-0.263","-0.120"
"827287","2","0.303","-0.179","0.149"
"827288","1","0.367","-0.191","-0.525"
"827291","2","0.408","-0.211","0.196"
"827292","1","0.270","-0.406","0.107"
"827296","2","0.489","-0.212","0.212"
"827297","1","0.099","-0.433","-1.008"
"827301","1","0.128","-0.543","-0.686"
"827306","2","0.738","-0.114","0.193"
"827307","1","0.173","-0.405","-0.871"
"827311","2","0.828","-0.046","0.157"
"827312","1","0.377","-0.170","-0.396"
"827315","2","0.787","-0.014","0.133"
"827321","2","0.665","-0.014","0.107"
"827321","1","0.413","0.076","-0.655"
"827326","1","0.534","0.442","0.139"
"827327","2","0.461","-0.062","0.112"
"827334","1","0.244","1.022","-0.679"
"827336","2","0.365","-0.081","0.071"
"827337","1","-0.011","1.100","-1.366"
"827340","2","0.299","-0.058","0.068"
"827341","1","-0.137","0.708","-1.565"
"827345","2","0.235","-0.015","0.039"
"827346","1","-0.288","0.346","-1.238"
"827350","1","-0.836","-0.244","-0.818"
"827351","2","0.115","0.036","-0.080"
"827355","2","-0.071","0.053","-0.221"
"827360","1","-1.430","-0.797","-0.660"
"827360","2","-0.260","0.048","-0.257"
"827365","2","-0.372","0.028","-0.165"
"827365","1","-1.464","-0.494","-0.606"
"827370","1","-1.633","-0.175","-0.563"
"827371","2","-0.373","-0.007","-0.011"
"827375","2","-0.313","-0.044","0.143"
"827375","1","-1.838","-0.039","-0.719"
"827380","1","-1.946","-0.158","-0.762"
"827380","2","-0.248","-0.073","0.244"
"827390","2","-0.164","-0.092","0.216"
"827393","1","-1.736","-0.558","-0.343"
"827395","1","-1.441","-0.413","-0.186"
"827396","2","-0.122","-0.089","0.157"
"827400","2","-0.083","-0.076","0.116"
"827400","1","-1.138","-0.060","-0.045"
"827405","2","-0.075","-0.068","0.088"
"827405","1","-0.931","0.285","0.233"
"827409","1","-0.812","0.531","0.510"
"827410","2","-0.127","-0.074","0.051"
"827415","2","-0.220","-0.096","0.017"
"827419","1","-0.450","0.968","0.475"
"827420","2","-0.329","-0.125","0.016"
"827424","2","-0.449","-0.165","0.063"
"827425","1","-0.281","1.014","0.360"
"827429","2","-0.579","-0.206","0.128"
"827430","1","-0.172","0.782","0.271"
"827434","1","-0.125","0.442","0.073"
"827435","2","-0.710","-0.241","0.173"
"827439","2","-0.832","-0.252","0.183"
"827444","2","-0.929","-0.234","0.167"
"827445","1","0.040","-0.047","-0.334"
"827449","2","-1.003","-0.195","0.127"
"827450","1","0.173","-0.215","-0.451"
"827454","1","0.321","-0.373","-0.499"
"827455","2","-1.079","-0.142","0.071"
"827459","2","-1.168","-0.089","0.001"
"827459","1","0.552","-0.397","-0.455"
"827464","2","-1.263","-0.047","-0.041"
"827464","1","0.877","-0.210","-0.380"
"827469","1","1.134","0.051","-0.372"
"827474","1","1.221","0.215","-0.466"
"827475","2","-1.426","0.009","-0.006"
"827479","2","-1.532","0.016","0.007"
"827479","1","1.131","0.255","-0.487"
"827484","2","-1.669","0.020","-0.017"
"827484","1","1.034","0.332","-0.244"
"827488","2","-1.842","0.025","-0.059"
"827489","1","1.035","0.474","-0.037"
"827493","2","-2.029","0.043","-0.088"
"827501","2","-2.204","0.057","-0.103"
"827504","1","0.853","0.942","-0.255"
"827505","2","-2.353","0.068","-0.086"
"827509","2","-2.473","0.087","-0.043"
"827509","1","0.685","1.004","-0.417"
"827513","2","-2.570","0.090","0.002"
"827514","1","0.525","0.994","-0.502"
"827518","1","0.408","0.972","-0.690"
"827519","2","-2.647","0.087","0.044"
"827523","2","-2.687","0.071","0.086"
"827528","2","-2.682","0.055","0.113"
"827529","1","0.157","0.647","-0.875"
"827534","2","-2.630","0.024","0.126"
"827536","1","0.196","0.317","-0.786"
"827538","2","-2.531","-0.021","0.140"
"827543","1","0.268","-0.526","-1.026"
"827544","2","-2.375","-0.071","0.145"
"827548","2","-2.149","-0.112","0.134"
"827548","1","0.276","-0.970","-1.187"
"827552","2","-1.869","-0.140","0.118"
"827564","1","0.356","-1.665","-1.312"
"827564","2","-1.154","-0.146","0.099"
"827567","2","-0.741","-0.118","0.069"
"827568","1","0.199","-1.895","-1.209"
"827572","2","-0.312","-0.075","0.006"
"827573","1","-0.063","-1.999","-1.040"
"827577","2","0.106","-0.024","-0.084"
"827578","1","-0.353","-2.014","-0.877"
"827582","2","0.490","0.023","-0.181"
"827582","1","-0.595","-2.000","-0.861"
"827593","1","-0.674","-1.694","-0.644"
"827594","2","1.100","0.084","-0.271"
"827597","2","1.324","0.094","-0.268"
"827598","1","-0.725","-1.437","-0.412"
"827602","2","1.485","0.095","-0.276"
"827602","1","-0.840","-1.153","-0.226"
"827607","2","1.574","0.083","-0.301"
"827607","1","-0.924","-0.817","-0.146"
"827613","2","1.590","0.070","-0.332"
"827614","1","-0.924","-0.362","-0.078"
"827624","1","-0.543","1.103","-0.312"
"827627","2","1.423","0.005","-0.256"
"827628","1","-0.297","1.103","-0.312"
"827632","2","1.327","-0.027","-0.200"
"827632","1","-0.024","1.175","-0.264"
"827636","2","1.228","-0.060","-0.135"
"827637","1","0.281","1.111","-0.347"
"827641","2","1.166","-0.090","-0.069"
"827642","1","0.516","1.017","-0.540"
"827646","2","1.139","-0.098","-0.037"
"827652","2","1.140","-0.089","-0.053"
"827655","1","0.611","0.472","-0.509"
"827656","2","1.177","-0.063","-0.078"
"827657","1","0.653","0.288","-0.462"
"827661","2","1.257","-0.021","-0.102"
"827662","1","0.584","0.208","-0.466"
"827666","2","1.367","0.026","-0.132"
"827666","1","0.399","0.183","-0.481"
"827671","2","1.496","0.068","-0.153"
"827671","1","0.236","0.187","-0.598"
"827681","1","0.231","0.062","-0.666"
"827682","2","1.762","0.109","-0.135"
"827686","2","1.885","0.104","-0.072"
"827686","1","0.390","-0.023","-0.597"
"827690","2","1.996","0.080","0.003"
"827691","1","0.509","-0.036","-0.465"
"827695","2","2.115","0.054","0.063"
"827696","1","0.561","-0.038","-0.448"
"827700","2","2.228","0.038","0.085"
"827701","1","0.612","-0.071","-0.472"
"827706","1","0.682","-0.069","-0.468"
"827710","2","2.362","0.025","0.053"
"827714","1","0.688","-0.103","-0.386"
"827715","2","2.386","0.038","-0.016"
"827716","1","0.626","-0.059","-0.348"
"827720","1","0.554","0.050","-0.416"
"827721","2","2.388","0.066","-0.107"
"827725","2","2.366","0.108","-0.206"
"827726","1","0.532","0.207","-0.454"
"827730","2","2.346","0.148","-0.276"
"827735","2","2.305","0.187","-0.283"
"827735","1","0.735","0.607","-0.076"
"827740","2","2.228","0.212","-0.253"
"827741","1","0.751","0.753","0.076"
"827745","1","0.686","0.855","0.157"
"827746","2","2.145","0.226","-0.204"
"827750","1","0.589","0.927","0.282"
"827750","2","2.040","0.226","-0.144"
"827755","1","0.435","0.918","0.397"
"827755","2","1.910","0.218","-0.087"
"827760","2","1.760","0.213","-0.048"
"827764","1","0.038","0.645","0.711"
"827768","2","1.587","0.205","-0.037"
"827770","1","-0.124","0.545","0.859"
"827770","2","1.387","0.194","-0.055"
"827775","1","-0.257","0.594","0.863"
"827775","2","1.175","0.181","-0.070"
"827779","2","0.966","0.163","-0.062"
"827780","1","-0.323","0.612","0.768"
"827784","1","-0.447","0.502","0.666"
"827790","1","-0.566","0.427","0.695"
"827794","2","0.287","0.092","-0.054"
"827799","1","-0.591","0.487","0.651"
"827800","2","0.036","0.071","-0.058"
"827804","2","-0.195","0.059","-0.036"
"827805","1","-0.517","0.668","0.637"
"827809","2","-0.403","0.040","0.001"
"827810","1","-0.432","0.846","0.602"
"827814","2","-0.594","0.019","0.033"
"827814","1","-0.416","0.872","0.441"
"827819","1","-0.381","0.703","0.248"
"827824","1","-0.333","0.405","0.092"
"827826","2","-0.966","-0.032","0.043"
"827829","2","-1.139","-0.044","0.025"
"827830","1","-0.298","0.122","-0.034"
"827834","2","-1.296","-0.042","0.003"
"827835","1","-0.251","-0.068","-0.191"
"827839","2","-1.427","-0.025","-0.018"
"827839","1","-0.230","-0.115","-0.374"
"827844","1","-0.281","-0.104","-0.530"
"827848","2","-1.593","0.055","-0.072"
"827849","1","-0.354","-0.078","-0.622"
"827854","2","-1.663","0.100","-0.104"
"827855","1","-0.412","-0.076","-0.682"
"827858","1","-0.417","-0.062","-0.645"
"827859","2","-1.738","0.137","-0.127"
"827863","2","-1.820","0.157","-0.138"
"827864","1","-0.387","0.005","-0.402"
"827868","2","-1.896","0.165","-0.124"
"827869","1","-0.232","0.220","-0.038"
"827873","1","0.001","0.593","0.250"
"827877","2","-2.053","0.128","-0.015"
"827881","1","0.127","0.991","0.469"
"827883","1","0.218","1.335","0.705"
"827884","2","-2.152","0.096","0.046"
"827888","1","0.298","1.557","0.917"
"827889","2","-2.290","0.056","0.098"
"827893","2","-2.467","0.013","0.133"
"827894","1","0.376","1.699","1.011"
"827898","2","-2.691","-0.029","0.154"
"827905","2","-2.949","-0.065","0.165"
"827908","1","0.745","1.892","0.739"
"827909","2","-3.231","-0.098","0.172"
"827913","1","0.853","1.860","0.588"
"827913","2","-3.538","-0.128","0.182"
"827918","2","-3.876","-0.151","0.196"
"827918","1","0.975","1.731","0.368"
"827923","2","-4.182","-0.174","0.215"
"827923","1","1.048","1.696","0.055"
"827927","2","-4.410","-0.197","0.226"
"827933","2","-4.621","-0.212","0.212"
"827934","1","1.055","1.221","-0.447"
"827938","2","-4.849","-0.218","0.185"
"827939","1","1.013","0.743","-0.518"
"827942","2","-5.051","-0.221","0.147"
"827943","1","0.977","0.422","-0.706"
"827947","2","-5.184","-0.214","0.110"
"827948","1","0.941","0.284","-0.879"
"827952","1","0.878","0.185","-0.950"
"827952","2","-5.251","-0.195","0.085"
"827961","1","0.774","-0.016","-0.954"
"827962","1","0.632","-0.375","-0.968"
"827963","2","-5.313","-0.125","0.034"
"827967","2","-5.287","-0.092","-0.005"
"827968","1","0.450","-0.811","-1.004"
"827972","1","0.289","-1.262","-0.990"
"827972","2","-5.221","-0.060","-0.059"
"827977","1","0.156","-1.619","-0.911"
"827977","2","-5.121","-0.039","-0.120"
"827981","1","0.102","-1.780","-0.758"
"827986","2","-4.786","-0.016","-0.215"
"827989","1","0.077","-1.675","-0.588"
"827991","2","-4.554","-0.024","-0.243"
"827992","1","0.067","-1.476","-0.465"
"827996","2","-4.310","-0.046","-0.251"
"827997","1","0.082","-1.185","-0.445"
"828001","2","-4.045","-0.088","-0.248"
"828002","1","-0.040","-0.806","-0.623"
"828006","2","-3.729","-0.154","-0.238"
"828007","1","-0.130","-0.382","-1.052"
"828011","1","-0.091","-0.157","-1.548"
"828016","1","0.054","-0.258","-2.128"
"828019","2","-2.895","-0.303","-0.094"
"828021","2","-2.390","-0.356","0.031"
"828022","1","0.102","-0.749","-2.537"
"828026","2","-1.814","-0.383","0.128"
"828027","1","0.115","-1.332","-2.996"
"828031","2","-1.158","-0.391","0.173"
"828031","1","0.227","-1.830","-3.407"
"828035","2","-0.429","-0.360","0.157"
"828044","1","0.306","-2.125","-3.554"
"828046","2","1.136","-0.174","-0.056"
"828050","1","0.344","-2.583","-2.839"
"828051","2","1.900","-0.034","-0.178"
"828052","1","0.352","-2.583","-2.839"
"828055","2","2.591","0.111","-0.296"
"828056","1","0.201","-2.878","-1.871"
"828060","2","3.200","0.242","-0.400"
"828061","1","-0.036","-3.181","-0.832"
"828065","2","3.738","0.328","-0.466"
"828071","2","4.243","0.371","-0.476"
"828071","1","-0.485","-2.926","-0.126"
"828076","2","4.693","0.366","-0.462"
"828076","1","-0.666","-2.360","-0.106"
"828081","2","5.047","0.319","-0.453"
"828082","1","-0.759","-1.744","0.041"
"828086","2","5.289","0.256","-0.443"
"828087","1","-0.786","-0.982","0.249"
"828090","2","5.445","0.178","-0.404"
"828091","1","-0.598","0.001","0.249"
"828096","1","-0.281","0.866","-0.060"
"828100","2","5.504","0.040","-0.196"
"828101","1","0.078","1.565","-0.524"
"828105","2","5.463","-0.013","-0.055"
"828107","1","0.419","2.079","-0.946"
"828110","2","5.414","-0.046","0.069"
"828111","1","0.714","2.380","-1.282"
"828115","2","5.375","-0.044","0.166"
"828115","1","0.940","2.430","-1.560"
"828120","2","5.352","-0.013","0.218"
"828125","2","5.335","0.049","0.221"
"828125","1","1.309","1.953","-1.813"
"828130","2","5.342","0.129","0.188"
"828130","1","1.389","1.697","-1.887"
"828134","2","5.385","0.217","0.141"
"828135","1","1.456","1.527","-1.831"
"828139","2","5.441","0.314","0.105"
"828140","1","1.436","1.364","-1.617"
"828144","2","5.488","0.401","0.067"
"828145","1","1.312","1.215","-1.348"
"828150","2","5.519","0.475","0.033"
"828154","2","5.515","0.536","0.003"
"828159","1","0.805","0.991","-0.573"
"828160","2","5.444","0.579","-0.043"
"828161","1","0.430","0.991","-0.573"
"828164","2","5.271","0.613","-0.124"
"828165","1","-0.028","0.826","-0.257"
"828169","1","-0.434","0.703","0.022"
"828170","2","4.974","0.631","-0.231"
"828174","2","4.547","0.634","-0.324"
"828179","2","4.026","0.622","-0.382"
"828179","1","-0.867","1.208","0.765"
"828184","2","3.438","0.596","-0.368"
"828185","1","-0.792","1.826","1.238"
"828189","2","2.780","0.540","-0.298"
"828190","1","-0.688","2.490","1.653"
"828194","1","-0.699","3.103","2.068"
"828195","2","2.073","0.466","-0.197"
"828199","2","1.334","0.411","-0.099"
"828199","1","-0.814","3.533","2.022"
"828205","1","-0.942","3.614","1.843"
"828208","2","0.075","0.229","0.027"
"828211","1","-1.157","3.475","1.346"
"828214","2","-0.476","0.282","0.088"
"828214","1","-1.016","3.325","2.211"
"828219","2","-1.077","0.092","0.150"
"828219","1","-1.144","2.939","3.018"
"828223","2","-1.761","0.059","0.186"
"828224","1","-1.186","2.660","2.794"
"828228","2","-2.332","0.001","0.246"
"828233","2","-2.746","-0.222","0.256"
"828236","1","-1.541","1.831","2.581"
"828238","2","-3.135","-0.259","0.204"
"828239","1","-1.519","1.506","2.238"
"828243","1","-1.262","1.377","2.499"
"828244","2","-3.463","-0.329","0.182"
"828248","2","-3.751","-0.485","0.180"
"828249","1","-1.243","1.201","1.795"
"828253","2","-3.958","-0.511","0.181"
"828253","1","-0.926","1.009","1.554"
"828262","1","-0.605","0.711","1.356"
"828265","2","-4.235","-0.605","0.195"
"828266","1","-0.208","0.361","1.161"
"828268","2","-4.354","-0.617","0.190"
"828268","1","0.192","0.175","0.998"
"828273","2","-4.464","-0.633","0.183"
"828274","1","0.482","0.185","0.623"
"828277","2","-4.550","-0.625","0.186"
"828282","2","-4.598","-0.611","0.193"
"828283","1","0.769","0.395","0.332"
"828291","2","-4.641","-0.586","0.199"
"828293","2","-4.712","-0.562","0.184"
"828295","1","1.040","0.706","0.049"
"828297","2","-4.827","-0.527","0.157"
"828298","1","1.050","0.842","0.035"
"828302","2","-4.969","-0.487","0.142"
"828303","1","1.093","1.164","-0.051"
"828307","2","-5.130","-0.451","0.148"
"828308","1","1.130","1.597","-0.141"
"828312","2","-5.304","-0.415","0.172"
"828317","2","-5.474","-0.387","0.195"
"828318","1","0.991","2.169","-0.553"
"828322","2","-5.633","-0.372","0.192"
"828323","1","0.825","2.204","-0.852"
"828328","1","0.690","2.015","-1.188"
"828329","2","-5.810","-0.372","0.166"
"828332","2","-5.975","-0.377","0.129"
"828332","1","0.615","1.866","-1.504"
"828337","2","-6.094","-0.391","0.094"
"828337","1","0.529","1.833","-1.818"
"828342","1","0.477","1.756","-2.004"
"828346","2","-6.203","-0.397","0.064"
"828349","1","0.451","1.592","-2.020"
"828352","2","-6.219","-0.370","0.049"
"828352","1","0.400","1.324","-1.980"
"828356","1","0.273","0.944","-1.980"
"828357","2","-6.209","-0.332","0.018"
"828361","2","-6.176","-0.291","-0.037"
"828362","1","0.150","0.488","-1.989"
"828366","1","0.076","-0.085","-2.039"
"828381","1","0.290","-1.185","-1.824"
"828385","2","-5.974","-0.198","-0.243"
"828385","2","-5.785","-0.198","-0.243"
"828386","1","0.438","-1.328","-1.929"
"828386","2","-5.446","-0.220","-0.183"
"828387","1","0.394","-1.271","-2.387"
"828391","2","-4.983","-0.245","-0.132"
"828391","1","0.151","-1.478","-2.809"
"828396","2","-4.485","-0.266","-0.102"
"828396","1","-0.108","-1.932","-3.126"
"828404","1","-0.240","-2.190","-3.559"
"828406","2","-3.287","-0.278","0.016"
"828406","1","-0.280","-2.192","-4.036"
"828411","1","-0.324","-2.284","-4.214"
"828412","2","-2.515","-0.237","0.117"
"828416","2","-1.648","-0.162","0.213"
"828417","1","-0.395","-2.750","-4.057"
"828421","1","-0.521","-3.478","-3.666"
"828421","2","-0.757","-0.054","0.254"
"828426","2","0.113","0.064","0.188"
"828430","2","0.973","0.173","0.028"
"828433","1","-0.592","-4.467","-2.468"
"828436","2","1.836","0.260","-0.149"
"828436","1","-0.418","-4.413","-1.959"
"828440","2","2.672","0.337","-0.308"
"828441","1","-0.255","-4.170","-1.577"
"828445","1","-0.137","-3.726","-1.307"
"828446","2","3.490","0.373","-0.440"
"828450","1","-0.059","-3.357","-1.296"
"828450","2","4.285","0.373","-0.515"
"828455","1","0.085","-2.886","-1.435"
"828460","1","0.322","-2.179","-1.638"
"828461","2","5.545","0.260","-0.489"
"828465","2","6.025","0.182","-0.410"
"828466","1","0.655","-1.375","-1.536"
"828470","2","6.391","0.112","-0.324"
"828470","1","0.937","-0.556","-1.297"
"828475","2","6.634","0.072","-0.264"
"828475","1","1.123","0.209","-1.350"
"828480","1","1.384","0.944","-1.631"
"828486","1","1.478","1.438","-2.073"
"828486","2","6.863","0.099","-0.260"
"828490","2","6.838","0.223","-0.258"
"828491","1","1.733","2.145","-2.118"
"828495","1","1.852","2.808","-2.150"
"828496","2","6.765","0.310","-0.209"
"828499","1","1.744","3.291","-2.055"
"828500","2","6.639","0.425","-0.135"
"828504","2","6.472","0.550","-0.078"
"828505","1","1.552","3.718","-1.724"
"828509","1","1.193","3.959","-1.610"
"828514","2","6.049","0.773","-0.056"
"828519","2","5.769","0.842","-0.087"
"828520","1","0.901","3.984","-1.172"
"828524","2","5.456","0.876","-0.108"
"828525","1","0.678","3.913","-0.774"
"828529","2","5.128","0.871","-0.115"
"828530","1","0.402","3.680","-0.382"
"828533","2","4.816","0.816","-0.081"
"828534","1","0.247","3.470","0.094"
"828539","2","4.517","0.745","-0.019"
"828545","1","-0.277","2.729","0.588"
"828546","2","4.227","0.655","0.024"
"828549","1","-0.636","2.194","0.863"
"828550","2","3.931","0.554","0.026"
"828554","2","3.625","0.456","0.012"
"828554","1","-0.821","1.747","1.071"
"828559","2","3.314","0.392","-0.019"
"828559","1","-0.988","1.379","1.100"
"828564","2","2.988","0.352","-0.078"
"828568","2","2.621","0.328","-0.151"
"828569","1","-1.396","0.809","1.523"
"828574","2","2.227","0.314","-0.195"
"828574","1","-1.420","0.738","1.711"
"828579","2","1.821","0.307","-0.182"
"828579","1","-1.375","0.840","1.691"
"828583","2","1.400","0.301","-0.120"
"828584","1","-1.356","0.965","1.698"
"828588","1","-1.444","0.982","1.932"
"828590","2","0.944","0.275","-0.055"
"828599","1","-1.456","1.339","2.252"
"828600","2","-0.074","0.137","0.059"
"828604","2","-0.587","0.044","0.125"
"828604","1","-1.392","1.726","2.325"
"828608","2","-1.090","-0.148","0.208"
"828614","1","-1.392","2.316","2.424"
"828614","2","-1.598","-0.148","0.208"
"828618","2","-2.113","-0.227","0.204"
"828619","1","-1.377","2.419","2.398"
"828623","2","-2.625","-0.297","0.181"
"828628","2","-3.128","-0.359","0.146"
"828632","1","-1.163","2.503","2.266"
"828633","2","-3.618","-0.414","0.102"
"828635","1","-0.968","2.454","2.246"
"828638","2","-4.089","-0.457","0.066"
"828638","1","-0.667","2.389","2.244"
"828642","2","-4.548","-0.509","0.041"
"828643","1","-0.283","2.350","2.198"
"828647","2","-5.002","-0.563","0.043"
"828648","1","0.079","2.289","2.040"
"828654","1","0.341","2.231","1.856"
"828657","2","-5.792","-0.671","0.057"
"828659","1","0.559","2.155","1.616"
"828663","2","-6.121","-0.717","0.067"
"828663","1","0.734","2.011","1.309"
"828667","2","-6.402","-0.750","0.064"
"828668","1","0.831","1.795","0.987"
"828672","2","-6.663","-0.773","0.052"
"828673","1","0.883","1.634","0.592"
"828677","2","-6.894","-0.768","0.038"
"828682","1","0.874","1.671","0.325"
"828682","2","-7.078","-0.754","0.004"
"828687","2","-7.243","-0.737","-0.034"
"828688","1","0.912","1.659","0.148"
"828692","2","-7.392","-0.714","-0.075"
"828693","1","0.910","1.667","-0.249"
"828697","2","-7.485","-0.699","-0.113"
"828698","1","0.863","1.697","-0.597"
"828702","2","-7.530","-0.688","-0.128"
"828702","1","0.828","1.691","-0.860"
"828710","1","0.766","1.706","-0.900"
"828713","2","-7.515","-0.653","-0.123"
"828714","1","0.708","1.758","-0.750"
"828717","2","-7.476","-0.641","-0.146"
"828717","1","0.608","1.795","-0.590"
"828721","1","0.434","1.924","-0.618"
"828722","2","-7.445","-0.627","-0.197"
"828726","1","0.349","2.070","-0.737"
"828727","2","-7.425","-0.628","-0.270"
"828731","2","-7.434","-0.628","-0.315"
"828736","2","-7.484","-0.641","-0.320"
"828738","1","0.410","2.194","-0.871"
"828741","2","-7.524","-0.653","-0.301"
"828742","1","0.429","2.328","-1.180"
"828746","2","-7.541","-0.686","-0.257"
"828747","1","0.351","2.262","-1.337"
"828751","1","0.189","2.274","-1.844"
"828752","2","-7.538","-0.705","-0.213"
"828756","2","-7.470","-0.708","-0.177"
"828761","2","-7.341","-0.696","-0.128"
"828765","1","-0.098","2.104","-3.353"
"828768","2","-7.067","-0.659","-0.056"
"828771","2","-6.722","-0.713","-0.012"
"828772","1","-0.279","1.021","-4.241"
"828776","2","-6.252","-0.487","0.034"
"828777","1","-0.568","-0.235","-5.619"
"828781","2","-5.639","-0.475","0.163"
"828781","1","-0.205","-0.605","-6.583"
"828785","1","-0.094","-0.880","-6.117"
"828786","2","-4.965","-0.365","0.359"
"828791","2","-4.082","-0.187","0.568"
"828797","2","-3.111","-0.075","0.741"
"828798","1","-0.053","-2.731","-7.105"
"828801","2","-2.014","0.050","0.827"
"828801","1","-0.217","-4.226","-7.309"
"828806","2","-0.751","0.106","0.791"
"828806","1","-0.171","-5.212","-7.351"
"828810","2","0.577","0.147","0.652"
"828811","1","0.038","-5.981","-7.082"
"828815","2","1.840","0.203","0.488"
"828820","1","0.778","-6.850","-4.961"
"828821","2","2.955","0.301","0.320"
"828825","2","3.962","0.439","0.139"
"828826","1","1.077","-6.198","-3.139"
"828830","2","5.092","0.604","-0.008"
"828831","1","1.346","-4.675","-0.687"
"828835","2","6.285","0.829","-0.103"
"828835","1","1.330","-3.527","1.633"
"828840","2","7.350","0.962","-0.183"
"828840","1","0.983","-3.170","2.347"
"828849","1","0.088","-1.968","-1.182"
"828850","2","8.894","0.755","-0.362"
"828855","2","9.464","0.627","-0.366"
"828856","1","-0.082","-0.874","-2.432"
"828860","2","10.004","0.475","-0.321"
"828860","1","-0.148","0.331","-2.636"
"828864","2","10.480","0.340","-0.264"
"828865","1","-0.147","1.261","-2.327"
"828869","2","10.790","0.281","-0.186"
"828870","1","-0.034","1.896","-2.126"
"828878","1","0.098","2.410","-2.545"
"828880","2","11.029","0.343","-0.112"
"828881","1","0.339","2.851","-2.545"
"828885","2","10.958","0.448","-0.054"
"828885","1","0.638","3.251","-2.851"
"828889","2","10.836","0.549","0.027"
"828890","1","0.846","3.554","-2.923"
"828894","2","10.679","0.674","0.125"
"828894","1","0.917","3.636","-2.755"
"828899","2","10.517","0.799","0.207"
"828906","1","0.688","3.132","-1.910"
"828907","2","10.386","0.902","0.242"
"828909","2","10.233","0.976","0.211"
"828914","1","0.490","2.611","-1.501"
"828916","1","0.397","2.038","-1.259"
"828919","2","10.024","1.030","0.153"
"828922","1","0.235","1.514","-0.999"
"828925","2","9.482","0.938","0.072"
"828926","1","-0.060","0.974","-0.983"
"828929","2","9.170","0.849","0.010"
"828934","2","8.798","0.765","-0.056"
"828935","1","-0.573","0.172","-1.023"
"828939","2","8.342","0.705","-0.134"
"828939","1","-0.725","0.453","-0.946"
"828944","1","-0.694","1.040","-0.958"
"828944","2","7.869","0.657","-0.204"
"828948","2","7.319","0.670","-0.252"
"828949","1","-0.544","1.695","-0.353"
"828953","1","-0.479","2.355","0.795"
"828954","2","6.654","0.719","-0.288"
"828962","1","-0.461","3.080","1.743"
"828963","2","5.002","0.821","-0.371"
"828965","1","-0.413","3.887","2.404"
"828968","2","4.029","0.831","-0.359"
"828968","1","-0.388","4.609","2.878"
"828973","2","2.994","0.783","-0.304"
"828973","1","-0.540","5.193","3.222"
"828977","2","1.933","0.686","-0.215"
"828978","1","-0.787","5.643","3.674"
"828983","2","0.887","0.525","-0.116"
"828992","2","-0.133","0.321","-0.006"
"828995","1","-1.077","6.054","4.479"
"828997","2","-1.117","0.096","0.115"
"828998","1","-1.151","5.931","4.490"
"828999","2","-2.054","-0.140","0.215"
"829003","2","-2.955","-0.364","0.272"
"829004","1","-1.325","5.525","4.244"
"829008","2","-3.796","-0.561","0.280"
"829009","1","-1.396","4.896","3.802"
"829013","2","-4.563","-0.727","0.264"
"829019","2","-5.247","-0.856","0.238"
"829020","1","-1.191","3.750","2.746"
"829022","2","-5.855","-0.956","0.212"
"829023","1","-0.969","3.292","2.391"
"829027","2","-6.385","-1.024","0.189"
"829028","1","-0.740","3.004","1.958"
"829033","1","-0.365","2.909","1.336"
"829034","2","-6.858","-1.075","0.194"
"829037","2","-7.284","-1.083","0.228"
"829038","1","-0.015","2.894","0.715"
"829043","1","0.146","2.849","0.433"
"829047","2","-8.060","-1.037","0.249"
"829048","1","0.349","2.694","0.257"
"829052","2","-8.443","-0.970","0.220"
"829053","1","0.542","2.426","-0.078"
"829057","2","-8.827","-0.907","0.146"
"829058","1","0.715","2.070","-0.481"
"829062","2","-9.217","-0.846","0.043"
"829063","1","0.881","1.682","-0.965"
"829067","2","-9.563","-0.784","-0.074"
"829076","2","-10.027","-0.695","-0.243"
"829078","1","1.324","1.841","-1.093"
"829081","2","-10.160","-0.651","-0.275"
"829082","1","1.397","2.267","-0.661"
"829086","2","-10.269","-0.620","-0.294"
"829087","1","1.338","2.618","-0.163"
"829091","2","-10.405","-0.594","-0.341"
"829092","1","1.114","2.834","0.251"
"829096","2","-10.553","-0.602","-0.416"
"829097","1","0.806","3.100","0.424"
"829104","1","0.498","3.469","0.247"
"829106","2","-10.818","-0.660","-0.567"
"829107","1","0.269","3.827","-0.207"
"829111","2","-10.867","-0.721","-0.582"
"829112","1","0.114","4.049","-1.049"
"829116","2","-10.815","-0.802","-0.551"
"829117","1","0.028","4.026","-2.308"
"829121","1","-0.044","3.769","-3.744"
"829121","2","-10.645","-0.888","-0.469"
"829126","2","-10.347","-0.973","-0.333"
"829131","1","-0.250","2.580","-5.761"
"829132","2","-9.943","-1.050","-0.146"
"829136","2","-9.442","-1.059","0.091"
"829137","1","0.007","1.480","-6.403"
"829141","2","-8.815","-0.973","0.321"
"829142","1","0.010","0.443","-7.052"
"829146","2","-8.016","-0.839","0.451"
"829146","1","-0.208","-0.511","-7.522"
"829150","1","-0.275","-1.701","-7.767"
"829151","2","-7.075","-0.676","0.497"
"829156","2","-6.024","-0.486","0.515"
"829163","2","-4.850","-0.281","0.516"
"829166","1","-0.213","-5.154","-7.457"
"829166","2","-3.566","-0.082","0.517"
"829170","2","-2.179","0.089","0.509"
"829171","1","-0.063","-5.904","-7.305"
"829176","2","-0.701","0.247","0.456"
"829177","1","0.117","-6.306","-6.815"
"829180","2","0.768","0.400","0.353"
"829181","1","0.335","-6.462","-5.770"
"829186","1","0.549","-6.094","-4.268"
"829190","2","3.394","0.734","0.107"
"829191","1","0.657","-5.259","-2.473"
"829195","2","4.536","0.908","-0.018"
"829196","1","0.697","-4.246","-0.612"
"829200","2","5.527","1.049","-0.111"
"829200","1","0.567","-3.088","0.662"
"829205","2","6.363","1.127","-0.171"
"829205","1","0.283","-1.912","0.860"
"829210","1","0.010","-1.071","0.494"
"829214","2","7.593","1.026","-0.197"
"829215","1","-0.016","-0.510","-0.022"
"829220","2","7.991","0.873","-0.129"
"829221","1","-0.073","0.104","-0.471"
"829225","2","8.294","0.699","-0.049"
"829225","1","-0.111","0.756","-0.652"
"829229","2","8.528","0.520","-0.006"
"829230","1","-0.081","1.229","-0.763"
"829234","2","8.657","0.381","0.014"
"829235","1","-0.010","1.698","-0.897"
"829246","1","0.161","2.237","-1.143"
"829247","2","8.662","0.288","0.076"
"829250","2","8.569","0.307","0.126"
"829250","1","0.448","2.653","-1.296"
"829254","2","8.459","0.335","0.177"
"829255","1","0.674","2.917","-1.409"
"829259","1","0.810","2.909","-1.443"
"829260","2","8.323","0.408","0.220"
"829264","1","0.885","2.769","-1.300"
"829264","2","8.183","0.501","0.238"
"829269","1","0.877","2.485","-1.178"
"829275","1","0.807","2.117","-1.197"
"829276","2","7.926","0.700","0.214"
"829280","2","7.844","0.775","0.188"
"829281","1","0.747","1.900","-1.208"
"829284","2","7.778","0.842","0.164"
"829285","1","0.675","1.794","-1.196"
"829289","2","7.742","0.879","0.157"
"829289","1","0.541","1.739","-1.158"
"829294","2","7.727","0.891","0.162"
"829298","1","0.056","1.338","-1.107"
"829302","2","7.724","0.858","0.157"
"829304","1","-0.199","1.125","-1.037"
"829304","2","7.766","0.782","0.144"
"829308","2","7.818","0.716","0.141"
"829309","1","-0.425","0.844","-1.117"
"829313","1","-0.581","0.635","-1.028"
"829314","2","7.845","0.657","0.145"
"829318","2","7.820","0.586","0.143"
"829319","1","-0.716","0.496","-0.857"
"829327","1","-0.916","0.388","-0.663"
"829330","1","-1.120","0.392","-0.663"
"829331","2","7.613","0.506","0.041"
"829333","2","7.453","0.525","-0.060"
"829334","1","-1.000","0.668","-0.562"
"829338","1","-0.587","1.113","-0.564"
"829339","2","7.249","0.584","-0.132"
"829343","1","-0.159","1.497","-0.253"
"829343","2","6.948","0.677","-0.169"
"829348","2","6.507","0.776","-0.179"
"829354","1","0.459","2.227","0.893"
"829359","2","5.258","0.920","-0.115"
"829360","1","0.463","2.639","1.405"
"829363","2","4.504","0.932","-0.086"
"829364","1","0.265","3.005","1.835"
"829368","2","3.668","0.897","-0.067"
"829368","1","0.002","3.308","2.190"
"829372","1","-0.342","3.559","2.523"
"829373","2","2.781","0.811","-0.042"
"829377","2","1.887","0.686","-0.027"
"829384","2","0.983","0.509","-0.033"
"829385","1","-1.129","3.771","3.194"
"829387","2","0.073","0.303","-0.059"
"829388","1","-1.319","3.655","3.340"
"829392","2","-0.830","0.096","-0.055"
"829393","1","-1.267","3.493","3.375"
"829397","1","-1.107","3.360","3.410"
"829398","2","-1.702","-0.091","-0.001"
"829402","1","-0.994","3.266","3.359"
"829402","2","-2.528","-0.271","0.088"
"829407","1","-0.975","3.176","3.091"
"829412","2","-3.963","-0.544","0.219"
"829413","1","-0.918","3.004","2.851"
"829417","2","-4.600","-0.637","0.226"
"829418","1","-0.823","2.722","2.609"
"829422","2","-5.210","-0.702","0.190"
"829422","1","-0.692","2.351","2.316"
"829426","1","-0.506","2.015","2.040"
"829427","2","-5.812","-0.748","0.125"
"829432","2","-6.405","-0.785","0.050"
"829437","2","-6.978","-0.821","-0.015"
"829437","1","0.023","1.930","1.579"
"829442","1","0.350","2.119","1.389"
"829442","2","-7.506","-0.847","-0.054"
"829447","2","-7.984","-0.875","-0.085"
"829447","1","0.531","2.225","1.237"
"829451","1","0.686","2.254","1.070"
"829452","2","-8.453","-0.913","-0.123"
"829456","2","-8.919","-0.948","-0.161"
"829457","1","0.799","2.294","0.803"
"829461","2","-9.345","-0.989","-0.190"
"829467","1","0.858","2.494","0.239"
"829468","2","-9.724","-1.028","-0.211"
"829471","2","-10.020","-1.063","-0.226"
"829472","1","0.895","2.545","-0.012"
"829476","1","1.136","2.580","-0.387"
"829477","2","-10.231","-1.088","-0.223"
"829481","2","-10.370","-1.088","-0.198"
"829486","1","1.345","2.519","-0.819"
"829486","2","-10.436","-1.051","-0.173"
"829491","2","-10.447","-1.008","-0.176"
"829496","1","1.112","2.488","-1.069"
"829497","2","-10.427","-0.962","-0.219"
"829501","2","-10.395","-0.919","-0.287"
"829502","1","0.884","2.496","-1.017"
"829505","1","0.699","2.555","-0.897"
"829506","2","-10.348","-0.901","-0.351"
"829510","2","-10.272","-0.898","-0.394"
"829511","1","0.617","2.664","-0.889"
"829515","1","0.578","2.933","-1.016"
"829521","2","-9.977","-0.946","-0.424"
"829522","1","0.458","3.227","-1.228"
"829525","2","-9.789","-1.005","-0.395"
"829526","1","0.161","3.275","-1.248"
"829530","2","-9.575","-1.064","-0.343"
"829531","1","-0.036","3.120","-1.578"
"829535","2","-9.274","-1.075","-0.295"
"829536","1","0.058","2.811","-2.580"
"829540","2","-8.885","-1.090","-0.298"
"829541","1","-0.087","2.422","-3.900"
"829548","1","-0.336","1.853","-6.686"
"829551","2","-7.885","-1.052","-0.182"
"829552","1","-0.381","1.357","-6.686"
"829555","2","-7.168","-1.000","0.032"
"829556","1","-0.341","0.840","-7.841"
"829560","2","-6.276","-0.920","0.351"
"829560","1","-0.335","0.123","-8.640"
"829565","2","-5.179","-0.808","0.681"
"829565","1","-0.335","-0.954","-9.105"
"829570","2","-3.915","-0.675","0.915"
"829576","1","-0.298","-4.112","-9.164"
"829577","2","-2.560","-0.517","1.017"
"829580","2","-1.145","-0.340","1.011"
"829581","1","-0.041","-5.606","-8.802"
"829584","2","0.270","-0.180","0.889"
"829585","1","0.260","-6.674","-8.010"
"829589","2","1.664","0.005","0.687"
"829590","1","0.575","-7.223","-6.785"
"829594","2","2.954","0.230","0.477"
"829595","1","0.979","-7.221","-5.127"
"829605","1","1.678","-4.704","-0.664"
"829607","2","5.368","0.806","0.123"
"829609","2","6.617","1.105","-0.022"
"829610","1","1.620","-3.523","1.601"
"829614","2","7.761","1.332","-0.175"
"829615","1","1.201","-2.796","2.171"
"829619","2","8.665","1.356","-0.305"
"829620","1","0.677","-2.120","0.857"
"829624","2","9.329","1.249","-0.390"
"829624","1","0.194","-1.384","-0.863"
"829632","1","-0.113","-0.554","-1.744"
"829635","2","10.331","0.898","-0.400"
"829636","1","-0.294","0.194","-1.799"
"829639","2","10.623","0.734","-0.375"
"829639","1","-0.481","1.005","-1.693"
"829644","1","-0.529","1.981","-1.542"
"829644","2","10.802","0.623","-0.378"
"829649","2","10.829","0.569","-0.339"
"829649","1","-0.235","2.998","-1.319"
"829653","1","0.066","3.814","-1.209"
"829659","2","10.302","0.545","-0.163"
"829660","1","0.241","4.406","-1.420"
"829664","2","9.886","0.583","-0.058"
"829664","1","0.310","4.592","-1.819"
"829668","1","0.304","4.292","-1.884"
"829669","2","9.441","0.644","0.028"
"829673","2","8.971","0.694","0.116"
"829674","1","0.348","3.921","-1.761"
"829678","2","8.505","0.759","0.189"
"829679","1","0.377","3.628","-1.460"
"829698","2","7.308","0.902","0.206"
"829699","2","7.004","0.880","0.206"
"829700","1","-0.233","1.854","0.343"
"829703","2","6.712","0.827","0.145"
"829704","1","-0.360","1.353","0.774"
"829708","2","6.462","0.725","0.100"
"829709","1","-0.500","0.933","0.872"
"829713","2","6.276","0.588","0.061"
"829714","1","-0.754","0.568","0.882"
"829718","2","6.166","0.414","0.024"
"829723","1","-1.010","0.367","0.611"
"829728","1","-1.237","0.327","0.672"
"829730","2","5.932","0.157","-0.080"
"829733","2","5.753","0.060","-0.166"
"829734","1","-1.275","0.598","0.440"
"829738","2","5.560","0.051","-0.214"
"829738","1","-0.852","1.150","-0.323"
"829742","2","5.361","0.114","-0.200"
"829743","1","-0.256","1.750","-0.339"
"829747","2","5.119","0.224","-0.140"
"829752","2","4.786","0.366","-0.067"
"829755","1","0.744","2.258","0.521"
"829757","2","4.348","0.510","-0.012"
"829758","1","0.911","2.308","0.913"
"829762","1","0.846","2.252","1.188"
"829763","2","3.794","0.628","0.012"
"829767","2","3.162","0.718","-0.004"
"829768","1","0.645","2.281","1.370"
"829772","2","2.460","0.780","-0.043"
"829773","1","0.409","2.440","1.683"
"829780","1","0.029","2.530","2.415"
"829782","2","0.872","0.678","-0.167"
"829782","1","-0.440","2.530","2.415"
"829787","2","-0.023","0.550","-0.227"
"829788","1","-0.791","2.430","2.792"
"829792","1","-1.033","2.408","3.243"
"829793","2","-0.982","0.365","-0.263"
"829797","1","-1.109","2.610","3.658"
"829797","2","-1.971","0.147","-0.251"
"829802","2","-2.932","-0.081","-0.171"
"829808","2","-3.794","-0.258","-0.052"
"829809","1","-1.122","3.477","3.291"
"829811","2","-4.544","-0.422","0.076"
"829812","1","-1.116","3.795","2.825"
"829816","2","-5.243","-0.615","0.185"
"829817","1","-1.121","3.852","2.732"
"829822","2","-5.938","-0.703","0.247"
"829822","1","-1.177","3.756","2.448"
"829826","2","-6.594","-0.758","0.277"
"829827","1","-1.055","3.573","2.017"
"829831","2","-7.165","-0.823","0.274"
"829836","2","-7.664","-0.848","0.256"
"829836","1","-0.569","3.148","1.083"
"829841","1","-0.128","2.827","0.652"
"829842","2","-8.042","-0.854","0.290"
"829846","2","-8.327","-0.845","0.280"
"829847","1","0.129","2.273","0.354"
"829851","2","-8.593","-0.829","0.236"
"829851","1","0.418","1.479","0.281"
"829856","1","0.695","0.769","0.312"
"829861","2","-9.084","-0.809","0.089"
"829863","1","0.768","0.494","0.381"
"829866","2","-9.282","-0.825","-0.136"
"829866","1","0.785","0.587","0.541"
"829871","2","-9.484","-0.866","-0.369"
"829871","1","1.124","0.752","0.534"
"829875","1","1.439","1.031","0.307"
"829876","2","-9.624","-0.901","-0.485"
"829880","1","1.315","1.514","0.115"
"829881","2","-9.709","-0.921","-0.540"
"829890","2","-9.755","-0.993","-0.497"
"829891","1","1.450","2.160","-0.406"
"829896","2","-9.731","-0.988","-0.397"
"829896","1","1.171","2.526","-0.622"
"829900","1","0.768","2.848","-0.662"
"829901","2","-9.689","-0.999","-0.366"
"829905","1","0.587","3.145","-0.824"
"829906","2","-9.640","-1.017","-0.356"
"829910","1","0.375","3.519","-1.000"
"829911","2","-9.567","-1.035","-0.346"
"829915","2","-9.467","-1.064","-0.359"
"829920","2","-9.378","-1.098","-0.347"
"829921","1","0.118","3.572","-1.281"
"829925","1","0.108","3.445","-1.631"
"829926","2","-9.261","-1.136","-0.302"
"829930","1","0.048","3.092","-2.059"
"829930","2","-9.097","-1.168","-0.237"
"829935","2","-8.881","-1.201","-0.166"
"829935","1","0.025","2.681","-2.546"
"829939","1","0.051","2.201","-3.117"
"829944","2","-8.206","-1.258","-0.006"
"829945","1","0.163","1.639","-3.819"
"829950","2","-7.735","-1.263","0.066"
"829950","1","0.155","1.076","-4.569"
"829955","2","-7.179","-1.255","0.123"
"829955","1","0.073","0.493","-5.346"
"829959","2","-6.548","-1.229","0.190"
"829964","2","-5.789","-1.192","0.300"
"829964","1","0.001","0.125","-6.051"
"829970","1","-0.257","-0.376","-6.644"
"829976","2","-3.841","-1.063","0.628"
"829977","1","-0.272","-1.340","-7.073"
"829979","2","-2.701","-0.939","0.785"
"829980","1","-0.241","-2.571","-7.346"
"829984","2","-1.450","-0.710","0.882"
"829985","1","0.352","-3.863","-7.560"
"829989","2","-0.096","-0.479","0.801"
"829990","1","0.460","-4.676","-7.415"
"829994","2","1.274","-0.204","0.603"
"829994","1","0.245","-5.354","-7.187"
"829999","2","2.590","0.070","0.419"
"830004","2","3.837","0.343","0.274"
"830005","1","0.759","-6.073","-5.218"
"830009","2","5.064","0.631","0.158"
"830010","1","0.885","-5.677","-3.929"
"830014","1","1.027","-5.131","-2.528"
"830014","2","6.278","0.912","0.061"
"830019","1","0.938","-4.534","-1.335"
"830020","2","7.416","1.178","-0.064"
"830024","1","0.533","-3.843","-0.620"
"830028","2","9.247","1.500","-0.476"
"830029","1","0.130","-2.927","-0.305"
"830034","2","9.907","1.548","-0.652"
"830035","1","0.032","-1.695","-0.342"
"830038","2","10.390","1.544","-0.739"
"830039","1","-0.051","-0.387","-0.627"
"830043","1","-0.363","0.830","-0.968"
"830044","2","10.743","1.462","-0.749"
"830048","2","10.974","1.335","-0.692"
"830049","1","-0.602","1.944","-1.347"
"830056","2","11.038","1.197","-0.580"
"830059","1","-0.454","3.783","-1.795"
"830059","2","10.939","1.059","-0.446"
"830063","2","10.715","0.944","-0.318"
"830064","1","-0.276","4.435","-2.039"
"830068","2","10.371","0.863","-0.199"
"830068","1","-0.208","4.737","-2.136"
"830073","2","9.938","0.801","-0.095"
"830073","1","-0.136","4.800","-1.914"
"830078","1","-0.039","4.750","-1.628"
"830084","2","8.926","0.786","0.051"
"830085","1","0.064","4.594","-1.346"
"830088","2","8.398","0.824","0.093"
"830088","1","0.202","4.284","-1.050"
"830092","1","0.340","3.962","-1.047"
"830093","2","7.907","0.876","0.130"
"830098","2","7.488","0.952","0.171"
"830098","1","0.382","3.646","-1.038"
"830102","2","7.109","0.986","0.213"
"830103","1","0.447","3.339","-0.789"
"830110","2","6.801","0.980","0.260"
"830114","2","6.615","0.946","0.324"
"830115","1","0.427","2.584","-0.215"
"830118","2","6.527","0.860","0.385"
"830118","1","0.255","1.814","0.468"
"830122","2","6.564","0.700","0.425"
"830123","1","-0.205","0.890","1.373"
"830128","2","6.728","0.454","0.403"
"830128","1","-1.076","-0.142","2.139"
"830133","2","6.981","0.156","0.285"
"830139","2","7.245","-0.084","0.135"
"830140","1","-1.852","-1.492","-0.454"
"830142","2","7.467","-0.270","0.002"
"830143","1","-1.605","-1.464","-1.964"
"830147","2","7.685","-0.296","-0.155"
"830148","1","-1.241","-1.361","-2.487"
"830152","2","7.873","-0.114","-0.329"
"830152","1","-0.507","-1.380","-1.912"
"830156","1","0.379","-1.214","-0.994"
"830157","2","7.861","0.197","-0.497"
"830164","2","7.650","0.599","-0.627"
"830167","1","1.620","0.616","-0.334"
"830168","2","7.281","1.046","-0.649"
"830172","2","6.723","1.417","-0.590"
"830172","1","1.557","1.372","0.175"
"830176","1","1.304","2.034","1.021"
"830177","2","6.006","1.686","-0.486"
"830181","1","0.826","2.728","1.863"
"830182","2","5.184","1.811","-0.342"
"830186","1","0.250","3.400","2.790"
"830191","2","3.317","1.696","-0.007"
"830191","1","-0.285","3.892","3.642"
"830196","2","2.247","1.444","0.126"
"830197","1","-0.836","4.272","4.273"
"830201","2","1.109","1.134","0.184"
"830206","1","-1.318","4.831","4.543"
"830207","2","-0.056","0.823","0.170"
"830211","1","-1.567","5.430","4.749"
"830211","2","-1.199","0.467","0.142"
"830216","2","-2.266","0.020","0.113"
"830221","2","-3.272","-0.271","0.085"
"830222","1","-1.416","6.158","4.570"
"830226","2","-4.229","-0.525","0.101"
"830227","1","-1.017","6.048","4.029"
"830231","2","-5.147","-0.814","0.143"
"830231","1","-0.645","5.675","3.716"
"830236","2","-6.029","-1.007","0.247"
"830243","1","-0.314","4.423","2.044"
"830246","2","-7.412","-1.115","0.309"
"830249","1","0.003","3.995","1.505"
"830251","1","0.119","3.416","1.043"
"830256","2","-8.443","-1.169","0.306"
"830258","1","0.194","2.729","0.433"
"830261","2","-8.870","-1.177","0.227"
"830263","1","0.329","2.150","-0.029"
"830265","2","-9.252","-1.162","0.195"
"830266","1","0.656","1.508","-0.446"
"830270","1","0.970","1.056","-0.830"
"830271","2","-9.555","-1.129","0.199"
"830275","1","0.988","0.923","-1.066"
"830281","2","-9.959","-1.066","0.117"
"830282","1","1.132","0.850","-1.272"
"830285","2","-10.005","-1.026","0.085"
"830286","1","1.301","0.930","-1.509"
"830290","1","1.366","1.017","-1.609"
"830290","2","-9.964","-0.983","0.036"
"830295","2","-9.839","-0.950","0.003"
"830295","1","1.442","1.064","-1.636"
"830300","1","1.416","1.142","-1.565"
"830300","2","-9.622","-0.901","-0.024"
"830305","1","1.334","1.143","-1.352"
"830310","2","-9.080","-0.781","-0.108"
"830311","1","1.359","1.039","-1.246"
"830315","2","-8.731","-0.703","-0.100"
"830315","1","1.225","0.943","-1.198"
"830319","1","0.911","0.727","-1.051"
"830320","2","-8.366","-0.637","-0.128"
"830325","1","0.651","0.371","-0.992"
"830325","2","-8.014","-0.604","-0.183"
"830330","1","0.494","0.197","-1.122"
"830335","2","-7.252","-0.558","-0.288"
"830335","1","0.316","0.261","-1.280"
"830340","2","-6.848","-0.572","-0.348"
"830340","1","0.209","0.330","-1.432"
"830344","2","-6.452","-0.597","-0.364"
"830345","1","0.244","0.392","-1.540"
"830349","1","0.232","0.505","-1.606"
"830350","2","-6.062","-0.634","-0.350"
"830354","2","-5.702","-0.679","-0.341"
"830355","1","0.148","0.634","-1.736"
"830363","2","-5.367","-0.775","-0.355"
"830364","2","-5.012","-0.775","-0.355"
"830364","1","-0.112","1.089","-2.634"
"830369","2","-4.627","-0.811","-0.332"
"830370","1","-0.167","1.205","-3.307"
"830374","2","-4.223","-0.825","-0.249"
"830375","1","-0.189","1.019","-3.964"
"830379","1","-0.244","0.667","-4.645"
"830379","2","-3.812","-0.808","-0.105"
"830384","2","-3.320","-0.748","0.070"
"830388","2","-2.732","-0.670","0.238"
"830391","1","-0.383","-0.675","-5.592"
"830394","1","-0.358","-1.431","-5.630"
"830394","2","-2.065","-0.568","0.386"
"830399","2","-1.307","-0.442","0.491"
"830399","1","-0.342","-2.382","-5.414"
"830403","2","-0.523","-0.302","0.505"
"830404","1","-0.318","-3.325","-4.965"
"830408","1","-0.130","-3.960","-4.350"
"830409","2","0.249","-0.171","0.442"
"830416","2","1.036","-0.034","0.262"
"830419","2","1.844","0.101","0.262"
"830420","1","0.401","-3.911","-2.876"
"830424","2","2.594","0.245","0.212"
"830424","1","0.725","-3.639","-2.389"
"830428","1","0.937","-2.831","-2.011"
"830429","2","3.275","0.403","0.190"
"830433","2","4.015","0.578","0.156"
"830433","1","0.947","-2.245","-1.443"
"830438","1","0.988","-1.961","-0.642"
"830442","2","5.572","0.915","0.062"
"830448","2","6.297","1.018","0.016"
"830449","1","0.942","-1.817","0.113"
"830453","1","0.695","-1.447","0.287"
"830453","2","6.951","1.047","-0.043"
"830458","2","7.548","0.985","-0.100"
"830459","1","0.335","-0.975","-0.050"
"830462","1","0.056","-0.570","-0.735"
"830463","2","8.085","0.899","-0.160"
"830467","1","-0.156","-0.112","-1.194"
"830472","2","8.964","0.694","-0.271"
"830474","1","-0.374","0.396","-1.303"
"830478","2","9.202","0.636","-0.308"
"830478","1","-0.526","0.794","-1.220"
"830482","2","9.293","0.601","-0.335"
"830483","1","-0.463","1.398","-1.089"
"830487","1","-0.267","2.199","-1.002"
"830487","2","9.270","0.596","-0.324"
"830492","2","9.143","0.620","-0.260"
"830493","1","-0.094","2.925","-0.980"
"830502","2","8.568","0.666","-0.044"
"830503","1","0.241","3.753","-0.718"
"830507","2","8.142","0.705","0.050"
"830508","1","0.449","3.808","-0.576"
"830512","2","7.647","0.723","0.126"
"830513","1","0.421","3.570","-0.242"
"830517","2","7.122","0.708","0.159"
"830517","1","0.425","3.303","0.025"
"830521","1","0.425","3.016","0.133"
"830522","2","6.604","0.697","0.157"
"830527","2","6.098","0.663","0.145"
"830532","1","0.238","2.151","0.648"
"830533","2","5.612","0.599","0.108"
"830537","2","5.164","0.529","0.053"
"830537","1","0.078","1.744","0.841"
"830541","1","-0.113","1.438","0.935"
"830542","2","4.780","0.458","0.014"
"830546","1","-0.313","1.087","1.038"
"830547","2","4.435","0.384","-0.024"
"830551","2","4.059","0.289","-0.088"
"830556","1","-0.552","0.541","0.936"
"830556","2","3.661","0.240","-0.171"
"830561","2","3.236","0.238","-0.255"
"830562","1","-0.521","0.503","1.013"
"830566","1","-0.522","0.506","1.354"
"830567","2","2.778","0.274","-0.344"
"830573","2","2.228","0.341","-0.433"
"830574","1","-0.512","0.641","1.908"
"830576","1","-0.421","1.102","2.433"
"830577","2","1.545","0.409","-0.476"
"830584","2","0.806","0.478","-0.449"
"830586","2","0.065","0.520","-0.356"
"830588","1","-0.338","2.899","2.767"
"830591","2","-0.694","0.511","-0.231"
"830591","1","-0.467","3.772","2.906"
"830596","1","-0.671","4.473","3.160"
"830596","2","-1.487","0.454","-0.098"
"830601","1","-0.874","5.076","3.425"
"830601","2","-2.291","0.351","0.020"
"830605","2","-3.069","0.209","0.107"
"830610","2","-3.826","0.025","0.180"
"830612","1","-1.044","5.554","3.485"
"830616","2","-4.543","-0.174","0.264"
"830616","1","-0.975","5.185","3.099"
"830620","2","-5.199","-0.386","0.337"
"830621","1","-0.883","4.454","2.509"
"830625","2","-5.785","-0.595","0.393"
"830626","1","-0.713","3.600","1.810"
"830630","1","-0.492","2.821","1.089"
"830631","2","-6.288","-0.778","0.438"
"830638","1","-0.321","1.542","-0.038"
"830641","2","-6.982","-1.067","0.418"
"830642","1","0.059","1.542","-0.038"
"830645","2","-7.160","-1.161","0.445"
"830646","1","0.485","1.027","-0.562"
"830650","2","-7.207","-1.210","0.501"
"830651","1","0.686","0.687","-1.019"
"830655","2","-7.135","-1.234","0.529"
"830655","1","0.850","0.257","-1.546"
"830660","1","1.006","-0.287","-1.942"
"830665","2","-6.731","-1.168","0.576"
"830667","1","0.886","-0.660","-2.052"
"830670","2","-6.461","-1.083","0.453"
"830670","1","0.808","-0.821","-1.772"
"830675","2","-6.174","-0.976","0.224"
"830675","1","1.182","-1.360","-1.685"
"830680","1","1.434","-1.662","-1.577"
"830681","2","-5.836","-0.826","0.076"
"830684","2","-5.440","-0.660","-0.012"
"830689","2","-5.024","-0.497","-0.107"
"830694","2","-4.615","-0.354","-0.183"
"830696","1","1.121","-1.938","-1.579"
"830700","2","-4.204","-0.238","-0.229"
"830700","1","1.020","-1.981","-1.821"
"830704","2","-3.769","-0.169","-0.244"
"830705","1","0.868","-1.939","-2.226"
"830709","1","0.766","-1.951","-2.660"
"830710","2","-3.312","-0.152","-0.233"
"830714","2","-2.837","-0.165","-0.198"
"830715","1","0.713","-2.026","-2.979"
"830724","1","0.816","-2.031","-3.158"
"830726","2","-1.827","-0.260","-0.059"
"830729","1","0.968","-2.032","-3.181"
"830730","2","-1.286","-0.309","0.011"
"830731","1","1.068","-1.936","-3.140"
"830734","2","-0.699","-0.337","0.059"
"830734","1","1.034","-1.897","-3.089"
"830739","1","0.964","-2.143","-2.920"
"830739","2","-0.098","-0.331","0.088"
"830744","1","0.910","-2.450","-2.685"
"830749","2","1.065","-0.231","0.074"
"830754","1","0.806","-2.612","-2.477"
"830755","1","0.649","-2.784","-2.323"
"830756","2","1.655","-0.130","0.017"
"830758","1","0.512","-2.902","-2.160"
"830759","2","2.205","0.001","-0.076"
"830763","2","2.752","0.139","-0.194"
"830764","1","0.425","-2.781","-1.833"
"830769","2","3.278","0.295","-0.296"
"830769","1","0.432","-2.463","-1.471"
"830774","2","3.747","0.432","-0.350"
"830778","2","4.140","0.549","-0.374"
"830780","1","0.488","-1.585","-1.245"
"830783","2","4.446","0.632","-0.386"
"830784","1","0.387","-1.190","-1.250"
"830788","1","0.305","-0.728","-1.259"
"830789","2","4.660","0.671","-0.391"
"830793","2","4.809","0.686","-0.368"
"830794","1","0.281","-0.194","-1.385"
"830798","2","4.899","0.683","-0.317"
"830805","1","0.093","0.540","-1.352"
"830806","2","4.922","0.645","-0.267"
"830807","2","4.859","0.586","-0.247"
"830808","1","-0.178","0.791","-1.110"
"830813","1","-0.382","1.167","-0.854"
"830814","2","4.738","0.505","-0.233"
"830818","1","-0.550","1.663","-0.544"
"830818","2","4.600","0.441","-0.201"
"830823","2","4.475","0.379","-0.147"
"830824","1","-0.871","2.105","-0.072"
"830828","2","4.359","0.320","-0.082"
"830832","2","4.211","0.259","-0.011"
"830833","1","-1.659","2.085","1.087"
"830838","2","4.026","0.188","0.067"
"830838","1","-1.965","1.671","1.188"
"830842","2","3.819","0.121","0.149"
"830843","1","-2.260","1.073","1.069"
"830847","2","3.630","0.032","0.210"
"830848","1","-2.643","0.300","1.198"
"830852","2","3.507","-0.081","0.195"
"830864","1","-3.170","-2.593","0.812"
"830865","2","3.425","-0.393","-0.035"
"830870","2","3.473","-0.551","-0.139"
"830871","1","-2.818","-2.453","0.034"
"830872","1","-2.365","-1.857","-0.510"
"830873","2","3.599","-0.679","-0.204"
"830877","1","-1.897","-0.971","-1.055"
"830877","2","3.767","-0.740","-0.250"
"830882","1","-1.377","-0.107","-1.650"
"830882","2","3.947","-0.707","-0.300"
"830890","2","4.068","-0.599","-0.378"
"830892","1","-0.636","0.905","-2.241"
"830893","2","4.104","-0.408","-0.494"
"830897","2","4.063","-0.156","-0.647"
"830898","1","-0.483","1.109","-2.282"
"830906","1","-0.540","1.111","-2.312"
"830906","2","3.985","0.112","-0.845"
"830907","2","3.890","0.354","-1.049"
"830908","1","-0.756","0.772","-1.918"
"830912","1","-1.157","0.164","-1.109"
"830917","2","3.535","0.558","-1.310"
"830918","1","-1.678","-0.341","-0.179"
"830921","2","3.297","0.527","-1.340"
"830926","1","-2.146","-0.549","0.254"
"830927","2","3.085","0.426","-1.306"
"830931","2","2.901","0.276","-1.253"
"830932","1","-2.517","-0.649","0.163"
"830936","2","2.706","0.111","-1.234"
"830937","1","-2.822","-0.903","-0.065"
"830941","2","2.498","-0.038","-1.271"
"830946","2","2.287","-0.142","-1.347"
"830948","1","-2.852","-1.980","-0.306"
"830951","1","-2.362","-2.522","-0.720"
"830952","2","2.082","-0.189","-1.427"
"830956","2","1.899","-0.171","-1.501"
"830956","1","-1.714","-2.927","-1.207"
"830961","1","-0.930","-3.227","-1.678"
"830961","2","1.748","-0.087","-1.574"
"830966","1","-0.153","-3.438","-2.028"
"830966","2","1.620","0.055","-1.652"
"830971","2","1.522","0.238","-1.752"
"830975","2","1.448","0.449","-1.892"
"830977","1","1.071","-3.896","-2.321"
"830981","2","1.398","0.669","-2.077"
"830981","1","1.377","-4.229","-2.394"
"830985","1","1.549","-4.527","-2.739"
"830986","2","1.394","0.889","-2.294"
"830990","1","1.514","-4.843","-2.980"
"830991","2","1.413","1.100","-2.543"
"830995","1","1.238","-5.175","-3.004"
"831000","1","0.781","-5.444","-2.922"
"831003","2","1.461","1.459","-3.115"
"831005","1","0.257","-5.530","-2.803"
"831006","2","1.489","1.595","-3.394"
"831010","2","1.516","1.709","-3.631"
"831011","1","-0.230","-5.452","-2.658"
"831015","2","1.527","1.809","-3.819"
"831016","1","-0.611","-5.340","-2.501"
"831020","2","1.525","1.905","-3.964"
"831021","1","-0.867","-5.202","-2.315"
"831025","1","-0.998","-4.972","-2.157"
"831031","2","1.459","2.114","-4.170"
"831032","1","-1.014","-4.692","-2.023"
"831035","2","1.398","2.235","-4.246"
"831035","1","-0.914","-4.348","-1.929"
"831039","1","-0.803","-3.893","-1.852"
"831040","2","1.323","2.357","-4.317"
"831045","2","1.230","2.476","-4.390"
"831045","1","-0.663","-3.365","-1.768"
"831049","1","-0.434","-2.820","-1.695"
"831055","2","1.042","2.682","-4.533"
"831056","1","-0.167","-2.274","-1.598"
"831059","2","0.936","2.753","-4.599"
"831060","1","0.122","-1.784","-1.474"
"831064","1","0.390","-1.369","-1.364"
"831065","2","0.822","2.805","-4.652"
"831069","1","0.579","-1.014","-1.351"
"831070","2","0.699","2.842","-4.700"
"831074","2","0.571","2.861","-4.755"
"831075","1","0.709","-0.754","-1.480"
"831082","1","0.736","-0.604","-1.672"
"831084","2","0.345","2.862","-4.885"
"831084","1","0.684","-0.547","-1.779"
"831089","2","0.261","2.855","-4.954"
"831090","1","0.585","-0.551","-1.842"
"831094","2","0.191","2.853","-5.023"
"831095","1","0.432","-0.543","-1.790"
"831099","2","0.142","2.845","-5.083"
"831099","1","0.166","-0.382","-1.508"
"831104","2","0.134","2.834","-5.144"
"831109","2","0.160","2.814","-5.203"
"831109","1","-0.469","0.639","-0.765"
"831114","1","-0.683","1.221","-0.382"
"831115","2","0.225","2.785","-5.254"
"831118","1","-0.734","1.655","-0.356"
"831120","2","0.312","2.756","-5.274"
"831124","1","-0.578","2.046","-1.047"
"831124","2","0.374","2.758","-5.244"
"831128","2","0.434","2.752","-5.154"
"831129","1","-0.338","2.161","-1.513"
"831138","2","0.561","2.810","-4.808"
"831140","1","0.035","1.615","-2.172"
"831143","2","0.612","2.838","-4.608"
"831144","1","0.078","1.061","-2.530"
"831148","1","0.118","0.485","-2.784"
"831149","2","0.608","2.874","-4.436"
"831153","1","0.035","0.051","-2.936"
"831153","2","0.554","2.906","-4.316"
"831158","1","-0.108","-0.191","-3.295"
"831158","2","0.468","2.933","-4.262"
"831167","2","0.263","2.975","-4.305"
"831170","1","-0.179","-0.127","-3.557"
"831173","2","0.193","2.970","-4.358"
"831173","1","-0.442","0.058","-3.440"
"831178","2","0.182","2.940","-4.392"
"831178","1","-0.796","0.502","-2.743"
"831183","2","0.226","2.870","-4.372"
"831183","1","-1.152","0.995","-1.565"
"831187","1","-1.390","1.632","-0.312"
"831188","2","0.334","2.762","-4.273"
"831193","2","0.483","2.643","-4.115"
"831197","2","0.649","2.515","-3.932"
"831199","1","-1.564","2.540","0.948"
"831203","2","0.826","2.401","-3.766"
"831203","1","-1.735","2.607","1.162"
"831207","2","0.974","2.290","-3.654"
"831208","1","-1.863","2.219","1.314"
"831212","2","1.056","2.185","-3.613"
"831213","1","-1.919","1.511","1.469"
"831217","1","-1.870","0.701","1.495"
"831222","1","-1.658","-0.032","1.497"
"831224","2","1.034","2.013","-3.630"
"831228","2","0.982","1.947","-3.643"
"831229","1","-1.412","-0.543","1.368"
"831232","2","0.939","1.887","-3.642"
"831233","1","-1.190","-0.779","1.171"
"831237","2","0.934","1.846","-3.614"
"831238","1","-1.016","-0.788","0.989"
"831242","2","0.943","1.797","-3.547"
"831242","1","-0.935","-0.749","1.049"
"831247","2","0.990","1.741","-3.443"
"831252","2","1.089","1.675","-3.324"
"831252","1","-1.144","-0.385","1.580"
"831257","1","-1.334","-0.229","1.793"
"831258","2","1.243","1.611","-3.207"
"831261","2","1.413","1.539","-3.106"
"831262","1","-1.576","-0.234","2.089"
"831266","1","-1.813","-0.413","2.459"
"831267","2","1.576","1.464","-3.024"
"831272","2","1.713","1.387","-2.972"
"831282","1","-2.151","-1.014","2.749"
"831282","2","1.861","1.247","-2.943"
"831291","2","1.826","1.154","-2.914"
"831292","1","-2.341","-0.909","2.541"
"831324","1","-1.994","0.331","0.863"
"831332","2","0.901","0.783","-1.884"
"831337","2","0.826","0.691","-1.630"
"831338","1","-1.613","0.860","0.590"
"831341","1","-1.523","0.979","0.488"
"831342","2","0.767","0.563","-1.357"
"831345","1","-1.469","1.055","0.472"
"831346","2","0.726","0.419","-1.090"
"831352","2","0.704","0.262","-0.834"
"831358","1","-1.491","1.032","0.449"
"831361","2","0.687","-0.075","-0.421"
"831363","1","-1.532","0.757","0.553"
"831366","1","-1.664","0.757","0.553"
"831367","2","0.671","-0.242","-0.291"
"831370","2","0.650","-0.393","-0.225"
"831371","1","-1.828","0.607","0.528"
"831378","1","-1.957","0.390","0.420"
"831383","2","0.568","-0.644","-0.290"
"831383","1","-2.112","0.166","0.306"
"831386","2","0.508","-0.729","-0.412"
"831387","1","-2.241","-0.051","0.195"
"831390","2","0.438","-0.794","-0.566"
"831391","1","-2.318","-0.151","0.117"
"831395","2","0.381","-0.835","-0.734"
"831396","1","-2.388","-0.124","-0.040"
"831400","1","-2.356","-0.070","-0.218"
"831405","2","0.280","-0.838","-1.003"
"831409","2","0.261","-0.792","-1.031"
"831410","1","-2.240","0.239","-0.527"
"831415","1","-2.014","0.642","-0.834"
"831415","2","0.271","-0.720","-0.947"
"831419","1","-1.885","1.082","-1.123"
"831420","2","0.316","-0.623","-0.737"
"831424","2","0.396","-0.514","-0.414"
"831425","1","-1.789","1.554","-1.390"
"831429","1","-1.689","1.830","-1.668"
"831435","2","0.611","-0.276","0.402"
"831436","1","-1.657","1.853","-1.852"
"831439","2","0.734","-0.173","0.771"
"831440","1","-1.743","1.711","-1.907"
"831444","1","-1.861","1.302","-1.894"
"831445","2","0.849","-0.079","1.022"
"831449","2","0.942","-0.013","1.110"
"831450","1","-2.059","0.791","-1.763"
"831454","1","-2.323","0.291","-1.542"
"831454","2","1.014","0.024","1.040"
"831459","1","-2.521","-0.014","-1.262"
"831464","2","1.069","0.009","0.554"
"831465","1","-2.669","-0.134","-0.985"
"831469","2","1.060","-0.012","0.248"
"831470","1","-2.803","-0.034","-0.817"
"831474","2","1.027","-0.056","-0.044"
"831475","1","-2.870","0.273","-0.621"
"831479","2","0.973","-0.088","-0.272"
"831479","1","-2.876","0.733","-0.477"
"831484","1","-2.832","1.289","-0.347"
"831490","1","-2.770","1.841","-0.191"
"831491","2","0.787","-0.187","-0.471"
"831494","2","0.648","-0.242","-0.474"
"831495","1","-2.745","2.249","-0.081"
"831498","2","0.491","-0.320","-0.450"
"831499","1","-2.657","2.478","-0.017"
"831503","2","0.314","-0.417","-0.425"
"831504","1","-2.457","2.462","0.029"
"831508","2","0.128","-0.517","-0.415"
"831509","1","-2.091","2.196","0.075"
"831516","1","-1.611","1.775","0.089"
"831518","2","-0.244","-0.695","-0.400"
"831520","1","-1.160","1.356","0.023"
"831523","1","-0.757","1.024","-0.131"
"831524","2","-0.410","-0.757","-0.378"
"831528","2","-0.552","-0.784","-0.318"
"831529","1","-0.406","0.830","-0.508"
"831533","2","-0.671","-0.773","-0.190"
"831534","1","-0.178","0.734","-1.043"
"831538","1","-0.183","0.654","-1.602"
"831544","2","-0.824","-0.675","0.146"
"831545","1","-0.371","0.564","-2.054"
"831548","2","-0.861","-0.603","0.264"
"831548","1","-0.646","0.492","-2.293"
"831553","2","-0.853","-0.520","0.341"
"831554","1","-0.970","0.479","-2.365"
"831558","2","-0.806","-0.434","0.393"
"831558","1","-1.277","0.535","-2.324"
"831562","2","-0.731","-0.352","0.431"
"831563","1","-1.521","0.597","-2.348"
"831570","2","-0.648","-0.274","0.442"
"831572","2","-0.568","-0.210","0.414"
"831574","1","-1.740","0.479","-2.529"
"831578","2","-0.491","-0.163","0.341"
"831578","1","-1.714","0.317","-2.483"
"831582","2","-0.431","-0.129","0.237"
"831583","1","-1.565","0.092","-2.212"
"831587","2","-0.406","-0.120","0.114"
"831588","1","-1.328","-0.118","-1.798"
"831592","2","-0.417","-0.129","-0.004"
"831597","2","-0.469","-0.148","-0.100"
"831598","1","-0.763","-0.304","-0.940"
"831602","2","-0.552","-0.169","-0.158"
"831603","1","-0.451","-0.263","-0.616"
"831607","2","-0.632","-0.193","-0.169"
"831607","1","-0.146","-0.222","-0.348"
"831612","2","-0.725","-0.213","-0.139"
"831612","1","0.052","-0.220","-0.123"
"831617","2","-0.832","-0.229","-0.081"
"831617","1","0.190","-0.283","0.099"
"831624","1","0.274","-0.454","0.199"
"831626","2","-1.011","-0.254","0.051"
"831627","1","0.316","-0.580","0.221"
"831632","2","-1.075","-0.261","0.103"
"831632","1","0.350","-0.722","0.195"
"831637","2","-1.121","-0.262","0.136"
"831637","1","0.279","-0.812","0.224"
"831641","2","-1.149","-0.256","0.149"
"831642","1","0.289","-0.855","0.170"
"831646","2","-1.168","-0.231","0.161"
"831654","1","0.268","-0.803","-0.050"
"831656","2","-1.145","-0.180","0.179"
"831657","1","0.255","-0.756","-0.050"
"831662","2","-1.121","-0.141","0.162"
"831662","1","0.320","-0.733","-0.229"
"831666","2","-1.085","-0.113","0.136"
"831667","1","0.415","-0.692","-0.255"
"831671","1","0.440","-0.633","-0.346"
"831671","2","-1.044","-0.080","0.107"
"831676","2","-0.996","-0.062","0.080"
"831682","2","-0.952","-0.048","0.053"
"831683","1","0.589","-0.606","-0.054"
"831686","2","-0.911","-0.040","0.031"
"831687","1","0.696","-0.615","0.034"
"831691","2","-0.864","-0.045","0.014"
"831691","1","0.773","-0.695","0.075"
"831695","1","0.796","-0.770","0.043"
"831696","2","-0.815","-0.048","-0.002"
"831700","2","-0.755","-0.059","-0.011"
"831701","1","0.849","-0.838","-0.010"
"831706","2","-0.690","-0.070","-0.018"
"831710","2","-0.617","-0.074","-0.014"
"831711","1","0.974","-0.766","-0.208"
"831716","2","-0.539","-0.071","0.001"
"831716","1","1.022","-0.663","-0.282"
"831720","2","-0.460","-0.057","0.023"
"831721","1","1.046","-0.552","-0.277"
"831725","1","1.003","-0.412","-0.247"
"831725","2","-0.399","-0.039","0.051"
"831730","1","0.960","-0.288","-0.261"
"831735","2","-0.313","0.009","0.094"
"831736","1","0.893","-0.188","-0.280"
"831740","2","-0.296","0.033","0.101"
"831741","1","0.798","-0.090","-0.316"
"831745","2","-0.294","0.053","0.101"
"831745","1","0.672","-0.022","-0.326"
"831750","1","0.561","0.023","-0.291"
"831750","2","-0.297","0.070","0.088"
"831755","1","0.482","0.043","-0.217"
"831755","2","-0.310","0.076","0.060"
"831760","1","0.407","0.013","-0.145"
"831764","2","-0.351","0.073","-0.036"
"831765","1","0.364","-0.071","-0.076"
"831770","2","-0.368","0.063","-0.080"
"831771","1","0.354","-0.189","-0.020"
"831775","1","0.341","-0.292","0.013"
"831775","2","-0.376","0.051","-0.113"
"831779","1","0.303","-0.379","0.025"
"831780","2","-0.373","0.034","-0.130"
"831784","2","-0.352","0.018","-0.129"
"831794","1","0.295","-0.436","-0.082"
"831796","2","-0.268","-0.007","-0.076"
"831796","1","0.286","-0.436","-0.082"
"831799","2","-0.198","-0.014","-0.032"
"831800","1","0.325","-0.408","-0.139"
"831804","2","-0.117","-0.015","0.017"
"831804","1","0.377","-0.388","-0.210"
"831809","1","0.384","-0.379","-0.239"
"831810","2","-0.037","-0.012","0.058"
"831814","1","0.387","-0.387","-0.199"
"831819","2","0.100","0.004","0.091"
"831819","1","0.401","-0.396","-0.173"
"831824","1","0.206","0.116","-1.660"
"831825","2","0.137","0.030","0.076"
"831829","2","0.102","0.102","0.113"
"831830","1","-2.239","2.401","-3.890"
"831834","2","0.069","-0.258","0.279"
"831835","1","-2.181","1.184","1.593"
"831840","1","0.285","-0.971","1.459"
"831841","2","0.045","-0.266","0.354"
"831858","1","2.063","-0.940","0.372"
"831859","2","-0.414","0.146","0.047"
"831866","1","1.900","-1.131","0.032"
"831867","2","-0.511","0.394","-0.158"
"831868","2","-0.579","0.394","-0.158"
"831869","1","1.608","-1.185","0.643"
"831874","2","-0.602","0.405","-0.221"
"831874","1","0.808","-1.002","0.633"
"831885","2","-0.427","0.346","-0.261"
"831886","1","-0.604","-1.619","0.038"
